station_id,USAF,WBAN,state,latitude,longitude,avg_wind_speed_ms,ICAO,ICAO_CLEAN,has_icao,NAME,BEGIN,END
72026563833,720265,63833,AL,32.915,-85.963,1.5543529411763355,KALX,KALX,True,,20060101,20250825
72030763804,720307,63804,AL,34.861,-86.557,2.716195357605263,KMDQ,KMDQ,True,,20060101,20250825
72036163870,720361,63870,AL,31.043,-86.312,2.158676488346889,K0J4,K0J4,True,,20060511,20250827
72036263874,720362,63874,AL,31.847,-86.614,2.2831161206997894,KPRN,KPRN,True,,20060901,20250827
72036363872,720363,63872,AL,31.952,-85.131,1.820446466657297,KEUF,KEUF,True,,20060901,20250827
72037663880,720376,63880,AL,34.229,-86.256,3.2495981362839617,K8A0,K8A0,True,,20060403,20250501
72038163885,720381,63885,AL,30.291,-87.672,2.438671650373629,KJKA,KJKA,True,,20060501,20250825
72041300138,720413,00138,AL,34.267,-87.6,2.3370183008482366,K1M4,K1M4,True,,20090101,20250825
72050499999,720504,99999,AL,33.57,-86.051,2.372163714695687,KASN,KASN,True,,20120106,20250824
72050500156,720505,00156,AL,33.902,-87.314,1.2786200662849854,KJFX,KJFX,True,,20110207,20250825
72050799999,720507,99999,AL,33.313,-86.926,2.1860584645038337,KEKY,KEKY,True,,20160714,20250824
72050899999,720508,99999,AL,33.172,-86.306,1.5846513860553082,KSCD,KSCD,True,,20140114,20250824
72059200186,720592,00186,AL,30.46,-87.877,1.8732696897372625,KCQF,KCQF,True,,20090101,20250825
72085600284,720856,00284,AL,34.689,-86.006,1.675735020468848,K4A6,K4A6,True,,20101130,20250825
72091200302,720912,00302,AL,29.233,-87.783,3.3409310986960112,KVOA,KVOA,True,,20110112,20250825
72203163839,722031,63839,AL,34.269,-86.858,2.2578903256701284,K3A1,K3A1,True,,20060101,20250824
72221999999,722219,99999,AL,31.363,-85.849,2.3736802349976664,KSXS,KSXS,True,,20131211,20250824
72223013894,722230,13894,AL,30.688,-88.246,2.981001651073014,KMOB,KMOB,True,,19730101,20250827
72223513838,722235,13838,AL,30.615,-88.063,3.050400712377428,KBFM,KBFM,True,,19420701,20250827
72223863873,722238,63873,AL,31.35,-85.667,2.2875250500999957,KHEY,KHEY,True,,20060901,20250826
72223953861,722239,53861,AL,31.356,-85.751,1.7114532326333938,KLOR,KLOR,True,,20080717,20250826
72226013895,722260,13895,AL,32.3,-86.407,2.578950722174879,KMGM,KMGM,True,,19730101,20250827
72226513821,722265,13821,AL,32.383,-86.35,2.039221486038901,KMXF,KMXF,True,,19351001,20250826
72226699999,722266,99999,AL,32.344,-86.988,2.224681382209671,KSEM,KSEM,True,,20140109,20250824
72226703878,722267,03878,AL,31.857,-86.01,2.0781347962382863,KTOI,KTOI,True,,19730108,20250827
72226813839,722268,13839,AL,31.318,-85.443,3.191575703094721,KDHN,KDHN,True,,20060101,20250827
72226903850,722269,03850,AL,31.267,-85.717,2.7033471800603777,KOZR,KOZR,True,,19541019,20250825
72227553843,722275,53843,AL,31.306,-86.39,1.928498314817249,K79J,K79J,True,,20060103,20250827
72227653820,722276,53820,AL,31.419,-87.048,1.936881387070948,KGZH,KGZH,True,,20060101,20250827
72227953852,722279,53852,AL,34.658,-86.943,3.029231995747994,KDCU,KDCU,True,,20060101,20250827
72228013876,722280,13876,AL,33.565,-86.745,2.8631549841006434,KBHM,KBHM,True,,19420801,20250827
72228403892,722284,03892,AL,32.616,-85.433,2.979090665235952,KAUO,KAUO,True,,20060101,20250825
72228503896,722285,03896,AL,33.967,-86.083,1.9558653340348344,KGAD,KGAD,True,,20060101,20250825
72228693806,722286,93806,AL,33.212,-87.616,2.330883492637631,KTCL,KTCL,True,,19730101,20250827
72228713871,722287,13871,AL,33.59,-85.848,2.1814645308925584,KANB,KANB,True,,19730101,20250827
72230053864,722300,53864,AL,33.178,-86.782,1.8384323640961973,KEET,KEET,True,,20020101,20250827
72323003856,723230,03856,AL,34.644,-86.786,3.1253606431007444,KHSV,KHSV,True,,19730101,20250827
72323163883,723231,63883,AL,34.679,-86.685,2.940566873339197,KHUA,KHUA,True,,20060103,20250822
72323513896,723235,13896,AL,34.744,-87.6,2.763916203505795,KMSL,KMSL,True,,19730101,20250827
99848599999,998485,99999,AL,30.329,-87.829,4.651416776130529,,,False,,20111007,20250819
99999900440,999999,00440,AL,34.269,-85.858,2.2505835399403797,,,False,,20140731,20250825
99999923801,999999,23801,AL,31.79,-86.0,1.7846442219671403,,,False,,20080115,20250828
99999923802,999999,23802,AL,31.881,-87.737,1.6307023022732432,,,False,,20080118,20250828
99999963857,999999,63857,AL,34.285,-85.962,1.8035708064797145,,,False,,20050414,20250828
99999963858,999999,63858,AL,32.457,-87.242,1.0327817453405357,,,False,,20050526,20250828
99999963867,999999,63867,AL,34.195,-86.796,1.6757737311119705,,,False,,20060504,20250828
99999963868,999999,63868,AL,34.66,-87.346,2.032474249270002,,,False,,20060504,20250828
99999963869,999999,63869,AL,30.549,-87.876,1.311983974917263,,,False,,20060713,20250828
99999963891,999999,63891,AL,32.852,-86.612,1.602791778633175,,,False,,20070314,20250828
99999963892,999999,63892,AL,32.837,-88.137,1.6028164717844615,,,False,,20070316,20250828
99999963893,999999,63893,AL,32.717,-87.623,1.1470292497929306,,,False,,20070315,20250828
99999963894,999999,63894,AL,34.773,-87.64,2.423412352565227,,,False,,20070425,20250828
99999963897,999999,63897,AL,32.335,-86.979,2.2749611174906086,,,False,,20070315,20250828
99999963899,999999,63899,AL,31.145,-87.052,1.3008080338327832,,,False,,20080117,20250828
99999973801,999999,73801,AL,33.217,-87.593,1.2725866651175646,,,False,,20090521,20250828
99999973802,999999,73802,AL,31.916,-86.312,2.294348759751062,,,False,,20081202,20250828
99999973803,999999,73803,AL,33.572,-86.057,2.344156580113652,,,False,,20081203,20250828
A0001363847,A00013,63847,AL,34.474,-85.721,1.964330133429712,K4A9,K4A9,True,,20060101,20250826
A5125500445,A51255,00445,AL,32.464,-87.954,1.298837520042761,KDYA,KDYA,True,,20140731,20250826
72017253996,720172,53996,AR,34.545,-94.203,1.7553485576921022,KMEZ,KMEZ,True,,20060101,20250825
72017553919,720175,53919,AR,33.636,-91.756,2.613879250520509,KLLQ,KLLQ,True,,20050101,20250827
72037713917,720377,13917,AR,35.633,-91.167,4.203419726421798,KM19,KM19,True,,20060501,20250825
72039400428,720394,00428,AR,34.1,-93.066,1.877978817299307,KADF,KADF,True,,20130501,20250825
72040100133,720401,00133,AR,35.6,-92.45,1.3030132390822042,KCCA,KCCA,True,,20070628,20250825
72082799999,720827,99999,AR,34.808,-91.712,3.615816012789829,K4M3,K4M3,True,,20240807,20250824
72205453959,722054,53959,AR,35.14,-90.236,3.317331963604264,KAWM,KAWM,True,,20050101,20250827
72218853985,722188,53985,AR,35.212,-91.737,2.5660957950432186,KSRC,KSRC,True,,20060101,20250825
72340313963,723403,13963,AR,34.727,-92.236,3.320184317872718,KLIT,KLIT,True,,19900228,20250827
72340503930,723405,03930,AR,34.917,-92.15,2.6796749854903235,KLRF,KLRF,True,,19560101,20250825
72340693991,723406,93991,AR,36.125,-90.924,4.119406600060345,KARG,KARG,True,,20050101,20250825
72340703953,723407,03953,AR,35.836,-90.644,3.720111412655168,KJBR,KJBR,True,,20060101,20250827
72340813814,723408,13814,AR,35.967,-89.95,4.574468085106379,KBYH,KBYH,True,,19420901,20250213
72340953869,723409,53869,AR,35.938,-89.833,4.063399484926343,KHKA,KHKA,True,,20060101,20250823
72341503962,723415,03962,AR,34.476,-93.104,2.320262043409304,KHOT,KHOT,True,,20060101,20250827
72341613925,723416,13925,AR,34.6,-91.574,4.3243835616435655,KSGT,KSGT,True,,20060101,20250825
72341793988,723417,93988,AR,34.18,-91.934,3.3821565563289155,KPBF,KPBF,True,,19730101,20250824
72341813977,723418,13977,AR,33.456,-93.988,3.3235675675674123,KTXK,KTXK,True,,19460729,20250827
72341993992,723419,93992,AR,33.221,-92.814,2.5800758499255427,KELD,KELD,True,,19730101,20250827
72342500373,723425,00373,AR,33.617,-92.767,1.6300991288673925,KCDH,KCDH,True,,20070501,20250825
72342953920,723429,53920,AR,35.257,-93.095,1.868141711230053,KRUE,KRUE,True,,20060101,20250827
72343403973,723434,03973,AR,36.176,-94.119,3.5762536481827105,KASG,KASG,True,,20060101,20250825
72343553921,723435,53921,AR,34.547,-93.578,1.0139418968955023,KMWT,KMWT,True,,20050101,20250826
72343653922,723436,53922,AR,36.29,-94.312,3.6063060650687766,KXNA,KXNA,True,,20060101,20250827
72343953918,723439,53918,AR,36.371,-92.472,2.053697018318096,KBPK,KBPK,True,,20060101,20250827
72344013964,723440,13964,AR,35.333,-94.365,3.010826082042972,KFSM,KFSM,True,,19470101,20250827
72344353955,723443,53955,AR,36.191,-94.491,3.459435975609679,KSLG,KSLG,True,,20060101,20250826
72344403978,723444,03978,AR,36.35,-94.217,3.315965292841547,KVBT,KVBT,True,,20060101,20250825
72344593993,723445,93993,AR,36.01,-94.168,2.6866070253913947,KFYV,KFYV,True,,19730101,20250827
72344703918,723447,03918,AR,36.291,-92.59,2.076074247296233,KFLP,KFLP,True,,20050101,20250825
72344853934,723448,53934,AR,35.726,-91.647,2.386192992213685,KBVX,KBVX,True,,20060101,20250825
72344953954,723449,53954,AR,36.372,-94.107,3.646244356272896,KROG,KROG,True,,20060101,20250825
72345013971,723450,13971,AR,36.267,-93.157,3.001171458998852,KHRO,KHRO,True,,20050101,20250827
74331253925,743312,53925,AR,34.048,-94.402,1.7698381559589105,KDEQ,KDEQ,True,,20040101,20250827
99999923904,999999,23904,AR,35.82,-91.781,1.504859780526045,,,False,,20061219,20250828
72033900121,720339,00121,AZ,32.15,-111.167,3.517115210160399,KRYN,KRYN,True,,20071115,20250825
72063500221,720635,00221,AZ,35.3,-112.2,4.196651062296869,KCMR,KCMR,True,,20090508,20250825
72064400226,720644,00226,AZ,33.417,-112.683,2.7978473346519337,KBXK,KBXK,True,,20130101,20250826
72272093026,722720,93026,AZ,31.458,-109.606,3.829516019086507,KDUG,KDUG,True,,20100801,20250827
72272803196,722728,03196,AZ,31.421,-110.847,2.8527616774634827,KOLS,KOLS,True,,20060101,20250827
72273003124,722730,03124,AZ,31.588,-110.344,4.131152143396737,KFHU,KFHU,True,,19541011,20250825
72274023160,722740,23160,AZ,32.132,-110.956,3.324356486870854,KTUS,KTUS,True,,19730101,20250827
72274523109,722745,23109,AZ,32.167,-110.883,3.70721584656491,KDMA,KDMA,True,,19410717,20250825
72274793084,722747,93084,AZ,32.857,-109.636,4.13623772791016,KSAD,KSAD,True,,20060101,20250827
72274803914,722748,03914,AZ,32.95,-111.767,3.045946626384829,KCGZ,KCGZ,True,,20060101,20250825
72274953128,722749,53128,AZ,33.269,-111.813,2.516003277920793,KCHD,KCHD,True,,20060101,20250826
72276403029,722764,03029,AZ,35.657,-109.06,3.090753641545306,KRQE,KRQE,True,,20060101,20250827
72278023183,722780,23183,AZ,33.428,-112.004,3.190247395833167,KPHX,KPHX,True,,19730101,20250826
72278303185,722783,03185,AZ,33.466,-111.721,2.7416710735062533,KFFZ,KFFZ,True,,20060101,20250827
72278403184,722784,03184,AZ,33.69,-112.066,2.7380224798034685,KDVT,KDVT,True,,20060101,20250827
72278523111,722785,23111,AZ,33.55,-112.367,3.2109557467731995,KLUF,KLUF,True,,19411201,20250826
72278623104,722786,23104,AZ,33.3,-111.667,3.325470404984163,KIWA,KIWA,True,,19420301,20250825
72278753126,722787,53126,AZ,33.527,-112.295,2.9167432698621893,KGEU,KGEU,True,,20060101,20250825
72278803186,722788,03186,AZ,33.417,-112.383,3.619923371647691,KGYR,KGYR,True,,20060101,20250825
72278903192,722789,03192,AZ,33.612,-111.923,1.9199091861684452,KSDL,KSDL,True,,20060101,20250827
72281353146,722813,53146,AZ,31.606,-110.428,4.716043803232922,KALK,KALK,True,,20080807,20250827
72370093167,723700,93167,AZ,35.257,-113.934,4.805903723887072,KIGM,KIGM,True,,19990101,20250827
72371003162,723710,03162,AZ,36.921,-111.449,2.453965336134498,KPGA,KPGA,True,,20060101,20250827
72372323184,723723,23184,AZ,34.649,-112.422,3.424198717948673,KPRC,KPRC,True,,19900228,20250827
72374023194,723740,23194,AZ,35.028,-110.722,4.06012380706708,KINW,KINW,True,,19730101,20250827
72374500374,723745,00374,AZ,34.257,-111.339,2.6749878993219096,KPAN,KPAN,True,,20100115,20250826
72374703101,723747,03101,AZ,34.264,-110.008,4.56550192122935,KSOW,KSOW,True,,20060101,20250825
72375003103,723750,03103,AZ,35.144,-111.666,3.4885526624441687,KFLG,KFLG,True,,20050101,20250827
72375493027,723754,93027,AZ,34.518,-109.38,3.80717767692044,KSJN,KSJN,True,,20060101,20250827
72375600375,723756,00375,AZ,34.85,-111.783,3.723239353544101,KSEZ,KSEZ,True,,20090302,20250825
72376099999,723760,99999,AZ,35.217,-111.817,3.7017944535074,,,False,,19981002,20250824
72378303195,723783,03195,AZ,35.946,-112.155,3.021182714177425,KGCN,KGCN,True,,20060101,20250827
72378853135,723788,53135,AZ,35.157,-114.559,4.358479370773948,KIFP,KIFP,True,,20060101,20250824
74003503145,740035,03145,AZ,32.65,-114.617,3.523687069902252,KNYL,KNYL,True,,20050101,20250826
74916799999,749167,99999,AZ,32.511,-111.328,2.8451979116069674,KMZJ,KMZJ,True,,19420912,20250824
74917399999,749173,99999,AZ,32.936,-111.427,3.224021686243866,KP08,KP08,True,,19440711,20250824
99999953131,999999,53131,AZ,32.24,-111.17,1.5360167276528982,,,False,,20020918,20250828
99999953132,999999,53132,AZ,31.591,-110.509,2.404913748039723,,,False,,20020915,20250828
99999953154,999999,53154,AZ,32.835,-114.188,2.503815331010454,,,False,,20080319,20250828
99999953155,999999,53155,AZ,35.755,-112.337,2.924438251175752,,,False,,20080626,20250828
A0001553129,A00015,53129,AZ,36.96,-113.014,3.031068430270623,KAZC,KAZC,True,,20140227,20250825
69015093121,690150,93121,CA,34.294,-116.147,4.1111840665354045,KNXP,KNXP,True,,19900102,20250825
72019300117,720193,00117,CA,40.747,-122.922,1.0210985838031783,KO54,KO54,True,,20101030,20250825
72026723224,720267,23224,CA,38.955,-121.082,2.542877535240027,KAUN,KAUN,True,,20060101,20250825
72032999999,720329,99999,CA,34.112,-117.688,2.815172329948991,KCCB,KCCB,True,,20171207,20250824
72033353175,720333,53175,CA,33.898,-117.602,2.365299830430218,KAJO,KAJO,True,,20060907,20250825
72040600135,720406,00135,CA,38.15,-122.55,2.517168496870558,KDVO,KDVO,True,,20140731,20250825
72057600174,720576,00174,CA,38.533,-121.783,2.207874466865862,KEDU,KEDU,True,,20090102,20250825
72061400205,720614,00205,CA,38.909,-121.351,2.9077729257637537,KLHM,KLHM,True,,20090510,20250825
72061500206,720615,00206,CA,38.033,-120.417,1.010307378398028,KO22,KO22,True,,20090120,20250825
72064500227,720645,00227,CA,38.717,-120.75,1.5975860823499854,KPVF,KPVF,True,,20090711,20250825
72064600228,720646,00228,CA,37.513,-122.501,3.2845577211387957,KHAF,KHAF,True,,20090717,20250825
72068199999,720681,99999,CA,38.146,-120.648,2.0024472370871247,KCPU,KCPU,True,,20160526,20250824
72068799999,720687,99999,CA,33.733,-117.017,2.929778436573258,KHMT,KHMT,True,,20191121,20250824
72069699999,720696,99999,CA,36.588,-118.052,3.606695214790003,KO26,KO26,True,,20250123,20250824
72095299999,720952,99999,CA,34.564,-117.675,2.0093749999999884,KGXA,KGXA,True,,20110825,20250213
72281023199,722810,23199,CA,32.832,-115.664,4.033356176117761,KNJK,KNJK,True,,19840413,20250827
72286023119,722860,23119,CA,33.9,-117.25,2.209132355036461,KRIV,KRIV,True,,19330101,20250825
72286699999,722866,99999,CA,34.095,-117.235,1.6916005808110095,KSBD,KSBD,True,,20090112,20250824
72286893138,722868,93138,CA,33.822,-116.504,3.2634261692065767,KPSP,KPSP,True,,20060101,20250827
72286903171,722869,03171,CA,33.953,-117.435,2.4007403979640443,KRAL,KRAL,True,,20060101,20250827
72288023152,722880,23152,CA,34.2,-118.365,2.548564087061808,KBUR,KBUR,True,,19430601,20250827
72288593197,722885,93197,CA,34.021,-118.447,2.0893263099530017,KSMO,KSMO,True,,20060101,20250827
72288623130,722886,23130,CA,34.212,-118.491,2.452566212778841,KVNY,KVNY,True,,19421211,20250827
72288703180,722887,03180,CA,34.1,-117.783,3.086142709410646,KPOC,KPOC,True,,20060101,20250825
72289093136,722890,93136,CA,34.233,-118.067,1.6027721433401347,KMWS,KMWS,True,,19500101,20250825
72289523243,722895,23243,CA,34.667,-120.467,3.1764855579589457,KLPC,KLPC,True,,20060101,20250826
72289793206,722897,93206,CA,35.238,-120.644,3.034299773906053,KSBP,KSBP,True,,20060101,20250827
72289903179,722899,03179,CA,33.976,-117.625,2.640194292653417,KCNO,KCNO,True,,20060101,20250827
72290023188,722900,23188,CA,32.734,-117.183,2.536182244984907,KSAN,KSAN,True,,19420101,20250827
72290303131,722903,03131,CA,32.815,-117.137,2.4764745947419247,KMYF,KMYF,True,,20060101,20250827
72290403178,722904,03178,CA,32.576,-116.994,2.1393646759848703,KSDM,KSDM,True,,20060101,20250827
72290693112,722906,93112,CA,32.692,-117.21,3.02919245717572,KNZY,KNZY,True,,19450401,20250827
72290753143,722907,53143,CA,32.826,-116.973,1.6461494197756732,KSEE,KSEE,True,,20060101,20250825
72290993115,722909,93115,CA,32.568,-117.117,3.0700262386170776,KNRS,KNRS,True,,19730101,20250827
72291093116,722910,93116,CA,33.234,-119.456,5.9836499791981215,KNSI,KNSI,True,,19430616,20250826
72292023191,722920,23191,CA,33.404,-118.415,3.2325761237309147,KAVX,KAVX,True,,19430612,20250827
72292593117,722925,93117,CA,33.023,-118.588,4.074736647569691,KNUC,KNUC,True,,19430610,20250825
72292603154,722926,03154,CA,33.304,-117.355,1.734167283493797,KNFG,KNFG,True,,19730102,20250825
72292703177,722927,03177,CA,33.13,-117.277,2.075115437414332,KCRQ,KCRQ,True,,20060101,20250827
72292800369,722928,00369,CA,33.286,-117.456,2.5994518879415014,KNXF,KNXF,True,,20091029,20250813
72293193107,722931,93107,CA,32.867,-117.133,2.4541212834855792,KNKX,KNKX,True,,20050401,20250825
72293453121,722934,53121,CA,33.219,-117.35,2.1223830734967595,KOKB,KOKB,True,,20060101,20250827
72295023174,722950,23174,CA,33.938,-118.387,3.4526727066815366,KLAX,KLAX,True,,19440101,20250827
72295303183,722953,03183,CA,35.067,-118.15,6.115314193187071,KMHV,KMHV,True,,20060102,20250825
72295503174,722955,03174,CA,33.803,-118.34,4.012310030395284,KTOA,KTOA,True,,20060101,20250825
72295603167,722956,03167,CA,33.924,-118.333,2.362303523035334,KHHR,KHHR,True,,20060101,20250827
72297023129,722970,23129,CA,33.812,-118.147,2.399830680663661,KLGB,KLGB,True,,19430101,20250827
72297553141,722975,53141,CA,33.79,-118.052,2.0841050361538804,KSLI,KSLI,True,,20060101,20250825
72297603166,722976,03166,CA,33.872,-117.986,1.814693411611322,KFUL,KFUL,True,,20060101,20250827
72297793184,722977,93184,CA,33.68,-117.867,2.4830486944249373,KSNA,KSNA,True,,19400617,20250827
72317153144,723171,53144,CA,34.988,-117.865,4.3895107977081,K9L2,K9L2,True,,20060101,20250825
72376293244,723762,93244,CA,34.607,-120.076,2.4460378932312823,KIZA,KIZA,True,,20060105,20250826
72380523179,723805,23179,CA,34.768,-114.618,4.085961236249271,KEED,KEED,True,,19770217,20250827
72381023114,723810,23114,CA,34.9,-117.867,5.222963783014227,KEDW,KEDW,True,,19411201,20250825
72381523161,723815,23161,CA,34.854,-116.787,5.418175499565423,KDAG,KDAG,True,,19490101,20250827
72381603159,723816,03159,CA,34.741,-118.213,5.628130330944942,KWJF,KWJF,True,,19740601,20250827
72382023182,723820,23182,CA,34.629,-118.083,4.979266182069769,KPMD,KPMD,True,,19730101,20250827
72382523131,723825,23131,CA,34.583,-117.383,4.254516426158501,KVCV,KVCV,True,,19420101,20250825
72383023187,723830,23187,CA,34.744,-118.725,6.294183601961659,KSDB,KSDB,True,,19730101,20250827
72384023155,723840,23155,CA,35.434,-119.055,2.6962315816924995,KBFL,KBFL,True,,19411001,20250827
72389093193,723890,93193,CA,36.78,-119.72,2.887764253683464,KFAT,KFAT,True,,19411204,20250827
72389403181,723894,03181,CA,37.633,-118.85,3.787626463915032,KMMH,KMMH,True,,20060103,20250825
72389523149,723895,23149,CA,36.029,-119.063,2.5393071414749167,KPTV,KPTV,True,,20060101,20250825
72389693144,723896,93144,CA,36.317,-119.4,2.3298319987440643,KVIS,KVIS,True,,20060101,20250825
72389799999,723897,99999,CA,36.732,-119.82,3.255936154949881,KFCH,KFCH,True,,20150717,20250824
72389853119,723898,53119,CA,36.311,-119.623,2.362203495630608,KHJO,KHJO,True,,20060101,20250827
72391093111,723910,93111,CA,34.124,-119.123,3.1375843365523344,KNTD,KNTD,True,,19730101,20250827
72392523190,723925,23190,CA,34.424,-119.842,2.421240241567399,KSBA,KSBA,True,,19730101,20250827
72392623136,723926,23136,CA,34.211,-119.088,2.5940426109377235,KCMA,KCMA,True,,20050101,20250827
72392793110,723927,93110,CA,34.2,-119.204,3.0466159391268794,KOXR,KOXR,True,,19440401,20250827
72393093214,723930,93214,CA,34.717,-120.567,3.5613024420785866,KVBG,KVBG,True,,20060101,20250826
72394023273,723940,23273,CA,34.894,-120.452,2.908718209562404,KSMX,KSMX,True,,19730101,20250827
72396593209,723965,93209,CA,35.669,-120.629,3.035233160621772,KPRB,KPRB,True,,19411201,20250827
72480023157,724800,23157,CA,37.371,-118.359,3.841850104821595,KBIH,KBIH,True,,19430116,20250827
72481023203,724810,23203,CA,37.383,-120.567,2.131666666666668,KMER,KMER,True,,19420101,20250604
72481523257,724815,23257,CA,37.286,-120.518,2.66919093851149,KMCE,KMCE,True,,20060101,20250827
72482893241,724828,93241,CA,38.378,-121.959,2.87527814136136,KVCB,KVCB,True,,20060101,20250827
72483023232,724830,23232,CA,38.507,-121.496,2.688781798072501,KSAC,KSAC,True,,19730101,20250827
72483323206,724833,23206,CA,38.567,-121.3,3.1423904479052545,KMHR,KMHR,True,,20020902,20250825
72483623208,724836,23208,CA,38.667,-121.4,3.300972495673777,KMCC,KMCC,True,,19391109,20250825
72483793216,724837,93216,CA,39.133,-121.433,3.5114263685427205,KBAB,KBAB,True,,19590701,20250825
72483893205,724838,93205,CA,39.102,-121.569,3.23525155645301,KMYV,KMYV,True,,20060101,20250827
72483993225,724839,93225,CA,38.701,-121.595,3.663019250253276,KSMF,KSMF,True,,19730101,20250825
72491523259,724915,23259,CA,36.588,-121.845,2.8504751985417647,KMRY,KMRY,True,,20060101,20250827
72491699999,724916,99999,CA,36.682,-121.762,3.77563040345749,KOAR,KOAR,True,,20201104,20250824
72492023237,724920,23237,CA,37.89,-121.226,3.3525097008384703,KSCK,KSCK,True,,19410103,20250827
72492623258,724926,23258,CA,37.625,-120.955,3.0950911416693736,KMOD,KMOD,True,,19730101,20250827
72492723285,724927,23285,CA,37.693,-121.815,3.1485450136405007,KLVK,KLVK,True,,20000101,20250827
72493023230,724930,23230,CA,37.718,-122.233,4.189056776556661,KOAK,KOAK,True,,19430101,20250827
72493723289,724937,23289,CA,37.467,-122.117,4.17514916467798,KPAO,KPAO,True,,20060101,20250824
72493893231,724938,93231,CA,37.517,-122.25,2.375724362452482,KSQL,KSQL,True,,20060101,20250825
72494023234,724940,23234,CA,37.62,-122.366,5.13565443172391,KSFO,KSFO,True,,19730101,20250827
72494523293,724945,23293,CA,37.359,-121.924,3.0137021550338434,KSJC,KSJC,True,,19730101,20250827
72494693232,724946,93232,CA,37.333,-121.817,2.920082087364513,KRHV,KRHV,True,,20060101,20250825
72495023254,724950,23254,CA,37.992,-122.053,3.8187824445492566,KCCR,KCCR,True,,20100801,20250827
72495593227,724955,93227,CA,38.208,-122.28,3.694818219807654,KAPC,KAPC,True,,20000101,20250827
72495723213,724957,23213,CA,38.504,-122.811,2.209006376195662,KSTS,KSTS,True,,20000101,20250827
72497393203,724973,93203,CA,39.8,-121.85,3.0584375000001347,KCIC,KCIC,True,,20060101,20250825
72583799999,725837,99999,CA,40.376,-120.573,2.7173907512240314,KSVE,KSVE,True,,19770301,20250824
72584523225,725845,23225,CA,39.276,-120.709,2.689422565194238,KBLU,KBLU,True,,19730101,20250827
72584693201,725846,93201,CA,39.32,-120.139,1.771336794860525,KTRK,KTRK,True,,20060101,20250826
72584793230,725847,93230,CA,38.898,-119.996,2.7227135402362204,KTVL,KTVL,True,,20000101,20250827
72585093228,725850,93228,CA,37.654,-122.115,3.478035610040751,KHWD,KHWD,True,,20100801,20250827
72590523275,725905,23275,CA,39.128,-123.2,1.6983316554006298,KUKI,KUKI,True,,19730101,20250827
72591024216,725910,24216,CA,40.152,-122.255,3.4648481590968387,KRBL,KRBL,True,,19730101,20250827
72592024257,725920,24257,CA,40.515,-122.298,2.856501037724241,KRDD,KRDD,True,,19910331,20250827
72593023233,725930,23233,CA,36.664,-121.609,3.664825540330448,KSNS,KSNS,True,,20050101,20250827
72594024213,725940,24213,CA,40.81,-124.16,2.6894907908992387,KEKA,KEKA,True,,20060101,20250825
72594524283,725945,24283,CA,40.978,-124.105,2.575380914193913,KACV,KACV,True,,19730101,20250827
72594624286,725946,24286,CA,41.784,-124.238,3.574428512052915,KCEC,KCEC,True,,19730101,20250827
72595524259,725955,24259,CA,41.774,-122.468,2.65901740335756,KSIY,KSIY,True,,19500101,20250827
72595724215,725957,24215,CA,41.315,-122.317,1.060167542706992,KMHS,KMHS,True,,19770101,20250827
72595894299,725958,94299,CA,41.484,-120.562,2.43730001523706,KAAT,KAAT,True,,20060101,20250826
74504693242,745046,93242,CA,36.985,-120.111,2.6677921269644966,KMAE,KMAE,True,,20060101,20250827
74504893210,745048,93210,CA,39.494,-121.622,3.0424889903768264,KOVE,KOVE,True,,20060101,20250827
74505653120,745056,53120,CA,33.038,-116.916,2.0347999090496303,KRNM,KRNM,True,,20060101,20250827
74505753130,745057,53130,CA,34.259,-118.413,2.388388537402351,KWHP,KWHP,True,,20060101,20250825
74505823277,745058,23277,CA,36.939,-121.79,1.8962784966113264,KWVI,KWVI,True,,20060101,20250827
74509023244,745090,23244,CA,37.406,-122.048,2.759598026236153,KNUQ,KNUQ,True,,19730101,20250825
74516023202,745160,23202,CA,38.267,-121.933,6.0038321720688765,KSUU,KSUU,True,,19430811,20250825
74611003182,746110,03182,CA,35.283,-116.633,4.027413626089694,KBYS,KBYS,True,,20050814,20250825
74612093104,746120,93104,CA,35.686,-117.691,3.922843450479348,KNID,KNID,True,,19730101,20250827
74702023110,747020,23110,CA,36.333,-119.95,3.684952349105425,KNLC,KNLC,True,,19610701,20250827
74704003102,747040,03102,CA,34.053,-117.577,2.886465693201504,KONT,KONT,True,,20050101,20250827
74704303165,747043,03165,CA,34.083,-118.033,2.5646159724876365,KEMT,KEMT,True,,20060101,20250825
74718503144,747185,03144,CA,32.835,-115.577,3.413191118850836,KIPL,KIPL,True,,20060101,20250827
74718703104,747187,03104,CA,33.632,-116.164,3.4251395572667205,KTRM,KTRM,True,,19430712,20250827
74718823158,747188,23158,CA,33.619,-114.715,3.9732923617207545,KBLH,KBLH,True,,19420613,20250827
74917100479,749171,00479,CA,35.135,-118.439,4.641786168088168,KTSP,KTSP,True,,20091209,20250825
74917900392,749179,00392,CA,36.9,-121.417,2.3578154648954253,KCVH,KCVH,True,,20090201,20250825
74948400395,749484,00395,CA,37.082,-121.597,2.702612138762009,KE16,KE16,True,,20111001,20250825
74948500396,749485,00396,CA,40.554,-124.133,3.6001794712494486,KFOT,KFOT,True,,20110921,20250825
74948600397,749486,00397,CA,39.224,-121.003,1.473108845150441,KGOO,KGOO,True,,20110921,20250825
99401299999,994012,99999,CA,41.745,-124.183,3.6067014952260874,,,False,,20080101,20250824
99401699999,994016,99999,CA,37.807,-122.465,3.503529201003269,,,False,,20080101,20250824
99402299999,994022,99999,CA,37.99,-122.975,0.0,,,False,,20080101,20250824
99402399999,994023,99999,CA,35.177,-120.76,2.598667626935621,,,False,,20080101,20250824
99402799999,994027,99999,CA,32.713,-117.173,0.0,,,False,,20080101,20250824
99403399999,994033,99999,CA,37.772,-122.298,3.3479646974064217,,,False,,20080101,20250824
99403499999,994034,99999,CA,38.057,-122.038,5.109324817518133,,,False,,20080101,20250824
99403699999,994036,99999,CA,37.928,-122.4,2.9268863677293417,,,False,,20080101,20250824
99404199999,994041,99999,CA,37.507,-122.2,2.9220959595961107,,,False,,20080101,20250824
99729299999,997292,99999,CA,32.87,-117.25,2.4832552271090047,,,False,,20080101,20250824
99773499999,997734,99999,CA,37.92,-122.45,2.6817696969698077,,,False,,20080101,20250824
99801199999,998011,99999,CA,38.217,-122.017,4.082255206025836,,,False,,20080101,20250824
99801399999,998013,99999,CA,32.575,-117.127,1.760151051969154,,,False,,20080101,20250824
99817399999,998173,99999,CA,36.8,-121.783,2.5218410198726406,,,False,,20080101,20250824
99819799999,998197,99999,CA,37.8,-122.317,4.042054720057944,,,False,,20080721,20250824
99834099999,998340,99999,CA,34.408,-119.658,2.625965858041478,,,False,,20100101,20250824
99847499999,998474,99999,CA,38.057,-122.259,4.465722988711665,,,False,,20110909,20250824
99847599999,998475,99999,CA,38.033,-122.125,4.720677843879568,,,False,,20110909,20250824
99847699999,998476,99999,CA,37.811,-122.333,3.073015588604343,,,False,,20110909,20250824
99847799999,998477,99999,CA,37.906,-122.365,4.436045886359481,,,False,,20110909,20250824
99847899999,998478,99999,CA,38.042,-121.887,5.068106848332674,,,False,,20110909,20250824
99847999999,998479,99999,CA,37.798,-122.393,2.8773557864566417,,,False,,20110909,20250824
99849699999,998496,99999,CA,37.795,-122.288,2.8153308230233143,,,False,,20130101,20250824
99999904222,999999,04222,CA,40.651,-122.607,2.4055216861174045,,,False,,20030326,20250828
99999923122,999999,23122,CA,34.1,-117.25,1.706831728564986,KSBD,KSBD,True,,19710101,20250825
99999953139,999999,53139,CA,36.602,-117.145,2.358972125435544,,,False,,20040504,20250828
99999953150,999999,53150,CA,37.759,-119.821,1.1937216602720602,,,False,,20070928,20250828
99999953151,999999,53151,CA,33.439,-117.19,1.8838153310104475,,,False,,20080430,20250828
99999953152,999999,53152,CA,34.414,-119.88,1.5646105593309017,,,False,,20080814,20250828
99999993243,999999,93243,CA,37.238,-120.883,1.939421401185085,,,False,,20040325,20250828
99999993245,999999,93245,CA,38.321,-123.075,1.9756059285091565,,,False,,20080614,20250828
A0685400115,A06854,00115,CA,34.264,-116.854,2.394573260976483,KL35,KL35,True,,20140731,20250825
A0704900320,A07049,00320,CA,38.25,-122.6,2.196234835627336,KO69,KO69,True,,20140731,20250825
A0705300346,A07053,00346,CA,40.983,-122.694,1.8324845022484504,KO86,KO86,True,,20140731,20250825
72038500419,720385,00419,CO,39.8,-105.766,8.165322009907943,K0CO,K0CO,True,,20070401,20250823
72052803064,720528,03064,CO,38.698,-106.07,2.979665562391588,KAEJ,KAEJ,True,,20100401,20250825
72052900429,720529,00429,CO,38.239,-108.563,3.8127499999999768,KAIB,KAIB,True,,20121206,20250731
72053100158,720531,00158,CO,38.783,-108.067,2.748929393027304,KAJZ,KAJZ,True,,20120209,20250826
72053200159,720532,00159,CO,38.533,-106.05,4.470712260807639,KANK,KANK,True,,20091121,20250826
72053300160,720533,00160,CO,40.033,-105.217,2.17159745912216,KBDU,KBDU,True,,20100201,20250825
72053400161,720534,00161,CO,40.017,-105.05,2.273018579491659,KEIK,KEIK,True,,20140701,20250825
72053500162,720535,00162,CO,40.333,-103.8,4.567310711266481,KFMM,KFMM,True,,20120726,20250825
72053699999,720536,99999,CO,40.09,-105.917,2.410738415545283,KGNB,KGNB,True,,20170703,20250824
72053700163,720537,00163,CO,40.567,-102.267,4.4391508940704,KHEQ,KHEQ,True,,20101129,20250822
72053800164,720538,00164,CO,40.167,-105.167,2.146288235293825,KLMO,KLMO,True,,20101202,20250825
72053900165,720539,00165,CO,37.283,-107.05,2.4368247496849587,KPSO,KPSO,True,,20091001,20250825
72054400168,720544,00168,CO,40.617,-103.267,3.676469895826554,KSTK,KSTK,True,,20101129,20250826
72064199999,720641,99999,CO,38.8,-104.517,4.077286840219449,KSHM,KSHM,True,,20121018,20250824
72064299999,720642,99999,CO,38.75,-104.85,3.6250054981304176,KCWN,KCWN,True,,20121120,20250824
72084499999,720844,99999,CO,37.697,-104.785,5.1392674565466,K4V1,K4V1,True,,20210302,20250824
72085200280,720852,00280,CO,38.946,-104.57,4.114939078226546,KFLY,KFLY,True,,20101201,20250826
72098799999,720987,99999,CO,40.967,-103.2,5.441516378358014,K1JW,K1JW,True,,20130829,20250824
72098999999,720989,99999,CO,40.917,-103.7,6.190251572327037,K1LW,K1LW,True,,20141215,20250824
72099199999,720991,99999,CO,40.7,-103.483,4.735773463583205,K1MW,K1MW,True,,20120702,20250824
72099299999,720992,99999,CO,40.633,-103.833,5.296111471159728,K1NW,K1NW,True,,20141215,20250824
72099399999,720993,99999,CO,40.883,-104.0,5.661154129793369,K1OW,K1OW,True,,20130226,20250824
72206103038,722061,03038,CO,39.467,-106.15,5.340882061446647,KCCU,KCCU,True,,20060101,20250825
72210103039,722101,03039,CO,37.45,-106.8,5.191093600764176,KCPW,KCPW,True,,20060101,20250825
72215503040,722155,03040,CO,39.217,-104.633,4.073682969946361,KMNH,KMNH,True,,20060101,20250825
72220303041,722203,03041,CO,38.483,-106.317,8.599326709910638,KMYP,KMYP,True,,20060101,20250826
72233303069,722333,03069,CO,38.097,-106.169,4.491070476189764,K04V,K04V,True,,20060101,20250825
72281703068,722817,03068,CO,38.767,-104.3,4.595668527056248,KABH,KABH,True,,20060501,20250818
72462023061,724620,23061,CO,37.439,-105.862,3.505519037578859,KALS,KALS,True,,19730101,20250827
72462593005,724625,93005,CO,37.143,-107.76,3.1354121306376435,KDRO,KDRO,True,,20060101,20250827
72462703011,724627,03011,CO,37.95,-107.9,2.574196397032376,KTEX,KTEX,True,,20060101,20250825
72463523067,724635,23067,CO,38.049,-103.513,4.807122753842801,KLHX,KLHX,True,,19421101,20250827
72463603013,724636,03013,CO,38.072,-102.687,4.654003021147827,KLAA,KLAA,True,,20060101,20250827
72464093058,724640,93058,CO,38.289,-104.506,3.915078760162353,KPUB,KPUB,True,,19421001,20250825
72464523070,724645,23070,CO,37.262,-104.332,4.626463801557303,KTAD,KTAD,True,,19730101,20250827
72464603028,724646,03028,CO,37.283,-102.614,5.475569718037741,KSPD,KSPD,True,,20060101,20250826
72466093037,724660,93037,CO,38.809,-104.689,4.5024576271183845,KCOS,KCOS,True,,19420901,20250827
72466593010,724665,93010,CO,39.273,-103.667,4.697966996699407,KLIC,KLIC,True,,19730101,20250827
72466693067,724666,93067,CO,39.56,-104.848,3.737808342053949,KAPA,KAPA,True,,20060101,20250826
72467393009,724673,93009,CO,39.228,-106.316,3.123567297581392,KLXV,KLXV,True,,20060101,20250827
72467494050,724674,94050,CO,40.044,-107.888,2.77037205081676,KEEO,KEEO,True,,20060101,20250827
72467523063,724675,23063,CO,39.65,-106.917,2.9129522894653315,KEGE,KEGE,True,,19730101,20250825
72467693073,724676,93073,CO,39.23,-106.871,2.907342857142835,KASE,KASE,True,,20060101,20250827
72467793007,724677,93007,CO,38.533,-106.933,2.4973922722214685,KGUC,KGUC,True,,20020902,20250826
72467894033,724678,94033,CO,40.517,-106.867,1.7213260927861775,KSBS,KSBS,True,,20110214,20250825
72468094015,724680,94015,CO,38.678,-104.757,4.16765069169931,KFCS,KFCS,True,,19660915,20250825
72468903026,724689,03026,CO,39.241,-102.282,5.61237843845474,KITR,KITR,True,,20060101,20250827
72469523036,724695,23036,CO,39.717,-104.75,4.110291076825053,KBKF,KBKF,True,,19440301,20250825
72469824015,724698,24015,CO,40.174,-103.215,5.654279552499927,KAKO,KAKO,True,,19730101,20250827
72469903065,724699,03065,CO,39.9,-105.117,3.309657883552637,KBJC,KBJC,True,,20060101,20250826
72476023066,724760,23066,CO,39.134,-108.541,3.7596243539642367,KGJT,KGJT,True,,19730101,20250827
72476593013,724765,93013,CO,38.505,-107.898,3.608616144975204,KMTJ,KMTJ,True,,20060101,20250827
72476793069,724767,93069,CO,37.307,-108.626,3.280938464036367,KCEZ,KCEZ,True,,20060101,20250827
72476824051,724768,24051,CO,40.436,-104.632,3.5293673276675253,KGXY,KGXY,True,,20060101,20250826
72476994035,724769,94035,CO,40.45,-105.017,3.4326381059750477,KFNL,KFNL,True,,20060101,20250826
72565003017,725650,03017,CO,39.847,-104.656,4.664782754383487,KDEN,KDEN,True,,19940718,20250827
72570024046,725700,24046,CO,40.493,-107.524,2.714798706367708,KCAG,KCAG,True,,20060101,20250827
72571094025,725710,94025,CO,40.481,-107.218,3.479231992729101,KHDN,KHDN,True,,20050101,20250825
72571703016,725717,03016,CO,39.528,-107.72,2.8825254901961226,KRIL,KRIL,True,,20060101,20250827
72639100385,726391,00385,CO,38.783,-106.217,3.064042828567601,K7BM,K7BM,True,,20050611,20250826
72639600422,726396,00422,CO,39.05,-105.516,4.61369226242994,K4BM,K4BM,True,,20050611,20250825
74000203042,740002,03042,CO,37.5,-105.167,4.501366181410213,KVTP,KVTP,True,,20060101,20250815
74531093065,745310,93065,CO,38.967,-104.817,4.521857599810078,KAFF,KAFF,True,,19671127,20250826
99999903060,999999,03060,CO,38.544,-107.693,1.9174594877156224,,,False,,20040725,20250828
99999903061,999999,03061,CO,37.255,-108.504,1.961526398327236,,,False,,20051102,20250828
99999903063,999999,03063,CO,37.864,-103.822,2.786430935377109,,,False,,20040803,20250828
99999994074,999999,94074,CO,40.807,-104.755,3.0163820146392477,,,False,,20030706,20250828
99999994075,999999,94075,CO,40.035,-105.541,2.350618574664576,,,False,,20030927,20250828
99999994082,999999,94082,CO,40.245,-108.968,2.267125435540072,,,False,,20040721,20250828
A0000594076,A00005,94076,CO,40.054,-106.369,2.070492098780089,K20V,K20V,True,,20060101,20250825
72054500169,720545,00169,CT,41.384,-72.506,2.636780920421359,KSNC,KSNC,True,,20090101,20250826
72502754788,725027,54788,CT,41.51,-72.828,2.410278768661706,KMMK,KMMK,True,,20060101,20250827
72502964707,725029,64707,CT,41.483,-73.133,3.079099025973939,KOXC,KOXC,True,,20060101,20250826
72504094702,725040,94702,CT,41.164,-73.127,3.942370703501072,KBDR,KBDR,True,,19421208,20250827
72504514758,725045,14758,CT,41.259,-72.889,3.2717500661899632,KHVN,KHVN,True,,19730101,20250827
72504614707,725046,14707,CT,41.328,-72.049,3.930124178232108,KGON,KGON,True,,19430118,20250827
72508014740,725080,14740,CT,41.937,-72.682,3.6339658444019975,KBDL,KBDL,True,,19410912,20250826
72508454767,725084,54767,CT,41.742,-72.182,2.4328100874936096,KIJD,KIJD,True,,20060101,20250827
72508654734,725086,54734,CT,41.372,-73.483,2.677746441042171,KDXR,KDXR,True,,20060101,20250827
72508714752,725087,14752,CT,41.735,-72.651,2.953033214383703,KHFD,KHFD,True,,19740101,20250827
72408813707,724088,13707,DE,39.133,-75.467,3.953921263113736,KDOV,KDOV,True,,19421201,20250825
72409313764,724093,13764,DE,38.69,-75.362,3.055558500066153,KGED,KGED,True,,20060101,20250827
72418013781,724180,13781,DE,39.674,-75.606,3.813214739516963,KILG,KILG,True,,20050101,20250827
99728199999,997281,99999,DE,38.78,-75.12,5.128717698683522,,,False,,20080101,20250824
99769499999,997694,99999,DE,39.58,-75.58,3.1032825112108893,,,False,,20080101,20250824
99816999999,998169,99999,DE,39.083,-75.433,2.030784526392008,,,False,,20080101,20250824
72037392824,720373,92824,FL,28.0,-82.164,2.30645687487223,KPCM,KPCM,True,,20061024,20250825
72038353847,720383,53847,FL,30.697,-87.021,2.51387581600136,KNDZ,KNDZ,True,,20070116,20250825
72065500235,720655,00235,FL,28.867,-82.567,1.7141663081554317,KCGC,KCGC,True,,20090812,20250825
72067200485,720672,00485,FL,29.467,-81.206,1.7992955650362654,KFIN,KFIN,True,,20091103,20250825
72073573805,720735,73805,FL,30.349,-85.788,2.9441136836946216,KECP,KECP,True,,20110301,20250825
72090400299,720904,00299,FL,29.067,-81.283,2.782325273268783,KDED,KDED,True,,20120209,20250825
72094600326,720946,00326,FL,30.617,-81.467,3.764565908822326,KFHB,KFHB,True,,20110512,20250825
72096400338,720964,00338,FL,30.033,-85.533,3.618140364789952,KTDR,KTDR,True,,20120125,20250825
72104199999,721041,99999,FL,25.995,-81.673,2.4295345104333768,KMKY,KMKY,True,,20120726,20250824
72104200486,721042,00486,FL,28.228,-82.156,2.4353111006359103,KZPH,KZPH,True,,20120813,20250826
72201012836,722010,12836,FL,24.557,-81.755,4.504518866842065,KEYW,KEYW,True,,19730101,20250827
72201192813,722011,92813,FL,28.29,-81.437,2.9199940493900813,KISM,KISM,True,,20060101,20250825
72201412818,722014,12818,FL,28.474,-82.454,2.59271514846501,KBKV,KBKV,True,,20060101,20250827
72201512850,722015,12850,FL,24.583,-81.683,4.863524001149539,KNQX,KNQX,True,,19730101,20250827
72201612896,722016,12896,FL,24.726,-81.048,3.83489069867104,KMTH,KMTH,True,,20060101,20250827
72202012839,722020,12839,FL,25.788,-80.317,3.546533220788389,KMIA,KMIA,True,,19730101,20250827
72202192816,722021,92816,FL,28.014,-82.345,1.5992535487027448,KVDF,KVDF,True,,20050101,20250826
72202212803,722022,12803,FL,26.378,-80.108,4.475549009105734,KBCT,KBCT,True,,20060101,20250825
72202412882,722024,12882,FL,25.91,-80.283,3.785437324256223,KOPF,KOPF,True,,20060101,20250827
72202612826,722026,12826,FL,25.483,-80.383,3.1293871417836105,KHST,KHST,True,,19430201,20250825
72202912888,722029,12888,FL,25.642,-80.435,3.5590474404651085,KTMB,KTMB,True,,20060101,20250827
72203012844,722030,12844,FL,26.685,-80.099,4.146499323243257,KPBI,KPBI,True,,19430206,20250827
72203412812,722034,12812,FL,26.918,-81.994,3.3675121424715297,KPGD,KPGD,True,,20060101,20250827
72203792809,722037,92809,FL,26.0,-80.241,3.616834574390325,KHWO,KHWO,True,,20060101,20250827
72203812897,722038,12897,FL,26.155,-81.775,3.4547119312577856,KAPF,KAPF,True,,19990101,20250827
72203912885,722039,12885,FL,26.199,-80.178,3.6643553954674166,KFXE,KFXE,True,,20060101,20250827
72204012838,722040,12838,FL,28.1,-80.636,3.920916747204025,KMLB,KMLB,True,,19741113,20250827
72204612898,722046,12898,FL,28.517,-80.8,3.5258793251360028,KTIX,KTIX,True,,20060101,20250825
72204992805,722049,92805,FL,26.246,-80.111,4.669061728394729,KPMP,KPMP,True,,20060101,20250827
72205012815,722050,12815,FL,28.418,-81.324,3.3678057343473298,KMCO,KMCO,True,,19520507,20250825
72205312841,722053,12841,FL,28.547,-81.335,3.3029170857880907,KORL,KORL,True,,19900208,20250827
72205512861,722055,12861,FL,29.167,-82.233,2.385353018564688,KOCF,KOCF,True,,20060101,20250826
72205712854,722057,12854,FL,28.78,-81.244,3.349247249565612,KSFB,KSFB,True,,19730101,20250827
72206013889,722060,13889,FL,30.495,-81.694,2.9468815943726456,KJAX,KJAX,True,,19480101,20250827
72206593837,722065,93837,FL,30.233,-81.667,3.837386861313664,KNIP,KNIP,True,,19730101,20250827
72206603853,722066,03853,FL,30.4,-81.417,3.964777793757873,KNRB,KNRB,True,,19730101,20250827
72206763823,722067,63823,FL,30.219,-81.876,1.9396890520406536,KVQQ,KVQQ,True,,20060101,20250826
72206953853,722069,53853,FL,30.393,-86.467,2.7554406758289582,KDTS,KDTS,True,,20060101,20250827
72210312895,722103,12895,FL,27.498,-80.376,3.1045589026357625,KFPR,KFPR,True,,20060101,20250827
72210492806,722104,92806,FL,27.768,-82.626,3.893149155853025,KSPG,KSPG,True,,19860101,20250827
72210612835,722106,12835,FL,26.585,-81.861,3.24987330451627,KFMY,KFMY,True,,19430101,20250826
72210812894,722108,12894,FL,26.538,-81.757,3.0844815490388,KRSW,KRSW,True,,20060101,20250827
72211012842,722110,12842,FL,27.963,-82.54,2.984763212079386,KTPA,KTPA,True,,19400801,20250827
72211512871,722115,12871,FL,27.401,-82.559,3.697960324112697,KSRQ,KSRQ,True,,20060101,20250827
72211612873,722116,12873,FL,27.913,-82.686,3.553095711445455,KPIE,KPIE,True,,20060101,20250827
72211800482,722118,00482,FL,27.072,-82.44,4.076985743381082,KVNC,KVNC,True,,20110203,20250825
72211912883,722119,12883,FL,28.0,-82.05,2.743959918352362,KLAL,KLAL,True,,20060101,20250825
72212012833,722120,12833,FL,29.633,-83.105,2.1036523055570755,KCTY,KCTY,True,,19431219,20250812
72212312809,722123,12809,FL,27.95,-81.783,2.849687430229348,KBOW,KBOW,True,,20050101,20250825
72214093805,722140,93805,FL,30.394,-84.351,2.50498653742586,KTLH,KTLH,True,,19420501,20250827
72218992815,722189,92815,FL,27.182,-80.221,3.1534512554638163,KSUA,KSUA,True,,20060101,20250825
72220012832,722200,12832,FL,29.727,-85.025,3.3384962571551906,KAAF,KAAF,True,,19450101,20250827
72221013858,722210,13858,FL,30.483,-86.517,3.485481818181395,KVPS,KVPS,True,,19380910,20250825
72221292814,722212,92814,FL,29.959,-81.34,3.691445898499753,KSGJ,KSGJ,True,,20060101,20250826
72221312819,722213,12819,FL,28.821,-81.81,2.83853489979264,KLEE,KLEE,True,,20060101,20250827
72221513884,722215,13884,FL,30.777,-86.519,1.8065797564876236,KCEW,KCEW,True,,19730101,20250827
72222313899,722223,13899,FL,30.476,-87.186,3.700344695518745,KPNS,KPNS,True,,19900228,20250827
72222503855,722225,03855,FL,30.35,-87.317,3.2782012654413726,KNPA,KNPA,True,,19450201,20250825
72222693841,722226,93841,FL,30.717,-87.017,2.315015641293141,KNSE,KNSE,True,,19730101,20250826
72224603844,722246,03844,FL,30.65,-86.533,2.83602420761086,KEGI,KEGI,True,,19490908,20250825
72226100360,722261,00360,FL,27.267,-80.85,2.275411488074924,KOBE,KOBE,True,,20070116,20250825
72234192822,722341,92822,FL,29.296,-81.113,3.6789507772022314,KOMN,KOMN,True,,20060101,20250825
72236192808,722361,92808,FL,29.054,-80.948,4.176787648970952,KEVB,KEVB,True,,20060101,20250825
72473700377,724737,00377,FL,28.817,-82.317,1.4467555875990294,KINF,KINF,True,,20090812,20250826
74756012816,747560,12816,FL,29.692,-82.276,2.574269570011072,KGNV,KGNV,True,,20050101,20250827
74775013846,747750,13846,FL,30.067,-85.583,3.661545138888752,KPAM,KPAM,True,,19420319,20250825
74776003818,747760,03818,FL,30.837,-85.184,2.7563641245971957,KMAI,KMAI,True,,19970602,20250827
74777003852,747770,03852,FL,30.417,-86.683,3.51325315273212,KHRT,KHRT,True,,19550705,20250825
74782053860,747820,53860,FL,30.337,-81.513,3.1198452558706697,KCRG,KCRG,True,,20050101,20250827
74783012849,747830,12849,FL,26.079,-80.162,4.1615577889446005,KFLL,KFLL,True,,20050101,20250827
74787012834,747870,12834,FL,29.174,-81.072,2.9382929819185097,KDAB,KDAB,True,,20050101,20250827
74788012810,747880,12810,FL,27.85,-82.517,3.227200704225168,KMCF,KMCF,True,,19410501,20250825
74793012843,747930,12843,FL,27.655,-80.414,3.6530376497431942,KVRB,KVRB,True,,20100801,20250827
74793112876,747931,12876,FL,28.061,-81.757,3.240606896551592,KGIF,KGIF,True,,20050101,20250827
74794012868,747940,12868,FL,28.483,-80.567,3.734903047091224,KXMR,KXMR,True,,19500801,20250825
74794612886,747946,12886,FL,28.617,-80.683,3.1938886674636917,KTTS,KTTS,True,,20060101,20250825
74795012867,747950,12867,FL,28.233,-80.6,4.243823529411564,KCOF,KCOF,True,,19450301,20250825
74796099999,747960,99999,FL,27.65,-81.33,2.486715566422136,KAGR,KAGR,True,,20180515,20250824
74904599999,749045,99999,FL,27.456,-81.342,3.046631613538707,KSEF,KSEF,True,,19420401,20250824
74904800415,749048,00415,FL,29.845,-82.048,2.7768387096768965,K42J,K42J,True,,20110312,20250826
99404599999,994045,99999,FL,29.73,-84.98,3.020738738738887,,,False,,20080313,20250824
99404799999,994047,99999,FL,30.4,-87.22,2.3448269646720914,,,False,,20080101,20250824
99495199999,994951,99999,FL,27.862,-80.445,4.562677991506486,,,False,,20130401,20250824
99734699999,997346,99999,FL,26.65,-81.87,2.698916184971273,,,False,,20080101,20250824
99734799999,997347,99999,FL,30.67,-81.47,2.5577221120924283,,,False,,20080101,20250824
99734899999,997348,99999,FL,24.55,-81.8,4.113387387387318,,,False,,20080101,20250824
99735299999,997352,99999,FL,30.22,-85.88,4.406773554314436,,,False,,20080101,20250824
99735499999,997354,99999,FL,28.42,-80.58,3.4862137322040447,,,False,,20080101,20250824
99770199999,997701,99999,FL,27.63,-82.57,0.0,,,False,,20080101,20250824
99770599999,997705,99999,FL,27.85,-82.55,3.5427137479835205,,,False,,20080101,20250824
99799299999,997992,99999,FL,29.783,-84.883,2.9092332613392675,,,False,,20080101,20250824
99800099999,998000,99999,FL,29.65,-81.217,2.0675777737818035,,,False,,20080101,20250824
99819999999,998199,99999,FL,30.15,-85.667,4.053743460220054,,,False,,20080721,20250824
99824499999,998244,99999,FL,27.933,-82.433,1.9395129615082252,,,False,,20081114,20250824
99826999999,998269,99999,FL,27.933,-82.433,2.675705292609138,,,False,,20100101,20250708
99827499999,998274,99999,FL,25.483,-80.983,0.0,,,False,,20100101,20250824
99827599999,998275,99999,FL,25.027,-80.681,0.0,,,False,,20100101,20250824
99827699999,998276,99999,FL,25.183,-80.433,0.0,,,False,,20100101,20250824
99827799999,998277,99999,FL,25.417,-80.95,0.0,,,False,,20100101,20250824
99827899999,998278,99999,FL,25.7,-81.183,0.0,,,False,,20100101,20250824
99827999999,998279,99999,FL,25.183,-80.483,0.0,,,False,,20100101,20250824
99828399999,998283,99999,FL,25.167,-80.8,0.0,,,False,,20100101,20250824
99828499999,998284,99999,FL,25.25,-80.45,0.0,,,False,,20100101,20250824
99828599999,998285,99999,FL,25.05,-80.9,0.0,,,False,,20100101,20250824
99828799999,998287,99999,FL,25.217,-80.433,0.0,,,False,,20100101,20250824
99828899999,998288,99999,FL,25.167,-80.633,0.0,,,False,,20100101,20250824
99828999999,998289,99999,FL,25.55,-81.183,0.0,,,False,,20100101,20250824
99829199999,998291,99999,FL,24.983,-80.833,0.0,,,False,,20100101,20250824
99829299999,998292,99999,FL,25.233,-80.45,0.0,,,False,,20100101,20250824
99829399999,998293,99999,FL,25.1,-80.95,0.0,,,False,,20100101,20250824
99829499999,998294,99999,FL,24.917,-80.75,0.0,,,False,,20100101,20250824
99829599999,998295,99999,FL,25.217,-80.533,0.0,,,False,,20100101,20250824
99829699999,998296,99999,FL,25.417,-80.967,0.0,,,False,,20100101,20250824
99829799999,998297,99999,FL,25.217,-80.65,0.0,,,False,,20100101,20250824
99829999999,998299,99999,FL,25.083,-80.733,3.112712529427295,,,False,,20100101,20250824
99830099999,998300,99999,FL,25.087,-80.519,0.0,,,False,,20100101,20250824
99830299999,998302,99999,FL,25.376,-81.029,0.0,,,False,,20100101,20250824
99830699999,998306,99999,FL,25.619,-81.044,0.0,,,False,,20100101,20250824
99830799999,998307,99999,FL,25.708,-81.248,0.0,,,False,,20100101,20250824
99849399999,998493,99999,FL,25.297,-81.013,0.0,,,False,,20120125,20250824
99849499999,998494,99999,FL,25.284,-80.894,0.0,,,False,,20120125,20250824
99849599999,998495,99999,FL,25.23,-80.939,0.0,,,False,,20120125,20250824
99999963871,999999,63871,FL,30.843,-85.604,1.5406306306307165,KBCR,KBCR,True,,20060901,20250827
99999992821,999999,92821,FL,28.616,-80.693,2.142433751743383,,,False,,20050506,20250828
99999992826,999999,92826,FL,25.9,-81.318,0.8507147838214755,,,False,,20070210,20250828
99999992827,999999,92827,FL,27.153,-81.369,1.4164953840794348,,,False,,20071208,20250828
A0002363890,A00023,63890,FL,30.35,-81.876,2.001765020502864,KNEN,KNEN,True,,20070601,20250826
A0002453848,A00024,53848,FL,30.512,-86.954,3.1023384030420167,KNFJ,KNFJ,True,,20070601,20250827
72025763835,720257,63835,GA,31.397,-84.895,1.416728493198978,KBIJ,KBIJ,True,,20060101,20250826
72026363834,720263,63834,GA,34.095,-82.816,2.072896860986226,K27A,K27A,True,,20050101,20250825
72026853882,720268,53882,GA,30.983,-84.633,2.9886090844898403,KBGE,KBGE,True,,20060101,20250826
72028963836,720289,63836,GA,33.53,-82.516,1.3905031548293842,KHQU,KHQU,True,,20050101,20250825
72029453898,720294,53898,GA,33.78,-82.816,2.6638973805665023,KIIY,KIIY,True,,20061028,20250825
72030163846,720301,63846,GA,32.646,-81.596,1.5866258635315733,KJYL,KJYL,True,,20060101,20250826
72034763877,720347,63877,GA,33.598,-83.139,2.3281137075399245,K3J7,K3J7,True,,20060101,20250825
72034863886,720348,63886,GA,33.154,-83.241,1.7619529411762538,KMLJ,KMLJ,True,,20060101,20250825
72039200128,720392,00128,GA,31.056,-82.767,1.665645678422704,KHOE,KHOE,True,,20070521,20250826
72040999999,720409,99999,GA,34.85,-83.983,1.6651628771970293,KDZJ,KDZJ,True,,20080101,20250824
72067100248,720671,00248,GA,31.554,-81.883,0.7435149195718933,KJES,KJES,True,,20100112,20250826
72067400249,720674,00249,GA,33.633,-85.15,1.691709100404614,KCTJ,KCTJ,True,,20100129,20250826
72071200250,720712,00250,GA,31.429,-83.489,2.093386579536197,KTMA,KTMA,True,,20100804,20250825
72071400252,720714,00252,GA,33.912,-84.941,0.7164205448020526,KPUJ,KPUJ,True,,20100425,20250825
72073800267,720738,00267,GA,30.902,-83.881,1.889054998480454,KTVI,KTVI,True,,20100610,20250826
72094800328,720948,00328,GA,32.11,-84.189,2.0832231891641526,KACJ,KACJ,True,,20110711,20250825
72095100330,720951,00330,GA,32.609,-82.37,2.035860482014967,KSBO,KSBO,True,,20110704,20250825
72096200337,720962,00337,GA,32.214,-83.128,1.6216051616013885,KEZM,KEZM,True,,20111102,20250826
72096600339,720966,00339,GA,33.227,-84.275,1.915433280612568,K6A2,K6A2,True,,20111118,20250617
72103300350,721033,00350,GA,31.684,-83.27,1.8940011785501265,KFZG,KFZG,True,,20120620,20250825
72103500352,721035,00352,GA,31.885,-82.647,2.1881412609083486,KAZE,KAZE,True,,20120705,20250810
72206263842,722062,63842,GA,31.477,-82.861,2.067263976304867,KDQH,KDQH,True,,20060101,20250826
72207003822,722070,03822,GA,32.131,-81.202,3.395537433457659,KSAV,KSAV,True,,19480101,20250827
72209003875,722090,03875,GA,31.883,-81.567,2.486032848177376,KLHW,KLHW,True,,20060103,20250825
72210900355,722109,00355,GA,34.317,-84.417,2.6966395951030355,KCNI,KCNI,True,,20050101,20250825
72213013861,722130,13861,GA,31.25,-82.4,2.246193853427516,KAYS,KAYS,True,,19421201,20250825
72213463822,722134,63822,GA,32.193,-82.372,2.102379342145382,KVDI,KVDI,True,,20060101,20250825
72213653883,722136,53883,GA,31.259,-81.466,3.244635064856729,KBQK,KBQK,True,,20060101,20250825
72213713878,722137,13878,GA,31.153,-81.391,3.6215511121619337,KSSI,KSSI,True,,19730101,20250825
72214753817,722147,53817,GA,31.083,-83.8,2.3686453394149747,KMGR,KMGR,True,,20050101,20250825
72215453885,722154,53885,GA,34.722,-84.869,1.7892509116994737,KDNN,KDNN,True,,20060101,20250825
72215653873,722156,53873,GA,34.116,-84.851,1.8299340167312363,KVPC,KVPC,True,,20060101,20250825
72216013869,722160,13869,GA,31.536,-84.196,2.560669730794502,KABY,KABY,True,,19730101,20250827
72216693845,722166,93845,GA,30.776,-83.274,1.9711437565583545,KVLD,KVLD,True,,19480101,20250827
72217003813,722170,03813,GA,32.689,-83.653,2.6300680706231256,KMCN,KMCN,True,,19411020,20250827
72217513860,722175,13860,GA,32.633,-83.6,2.422981732468928,KWRB,KWRB,True,,19420807,20250825
72217653884,722176,53884,GA,33.312,-84.77,1.8941450151054933,KCCO,KCCO,True,,20060101,20250825
72218003820,722180,03820,GA,33.365,-81.964,2.461490287655145,KAGS,KAGS,True,,19480101,20250827
72218113837,722181,13837,GA,33.467,-82.038,2.713324572930309,KDNL,KDNL,True,,20060101,20250827
72218553838,722185,53838,GA,34.272,-83.83,3.0685481682495634,KGVL,KGVL,True,,20060101,20250825
72219013874,722190,13874,GA,33.63,-84.442,3.7675126903549967,KATL,KATL,True,,19730101,20250827
72219503888,722195,03888,GA,33.778,-84.525,2.345793758480431,KFTY,KFTY,True,,20060101,20250827
72219653863,722196,53863,GA,33.878,-84.298,2.4486340275900096,KPDK,KPDK,True,,20060101,20250827
72219753819,722197,53819,GA,33.354,-84.569,1.889675931856148,KFFC,KFFC,True,,20060101,20250827
72221763881,722217,63881,GA,32.564,-82.985,1.7051139521954908,KDBN,KDBN,True,,20060101,20250826
72225013829,722250,13829,GA,32.337,-84.991,1.8289493897755025,KLSF,KLSF,True,,19390501,20250826
72225593842,722255,93842,GA,32.516,-84.942,2.633061606307632,KCSG,KCSG,True,,19480101,20250827
72227013864,722270,13864,GA,33.917,-84.517,2.889903110657724,KMGE,KMGE,True,,19460901,20250825
72269100366,722691,00366,GA,32.2,-81.87,2.1857512450679595,KCWV,KCWV,True,,20090101,20250805
72311013873,723110,13873,GA,33.948,-83.327,2.189350869749651,KAHN,KAHN,True,,19730101,20250827
72316013870,723160,13870,GA,31.54,-82.507,2.0336059479555244,KAMG,KAMG,True,,20050101,20250827
72320093801,723200,93801,GA,34.348,-85.162,2.015987076648901,KRMG,KRMG,True,,19780101,20250827
72525800382,725258,00382,GA,34.594,-83.296,2.410420108566933,KTOC,KTOC,True,,20120607,20250825
74780413824,747804,13824,GA,32.017,-81.133,2.8413057614773773,KSVN,KSVN,True,,20060101,20250825
74780563818,747805,63818,GA,32.483,-81.737,2.0174101060360847,KTBR,KTBR,True,,20060101,20250825
74780663809,747806,63809,GA,32.955,-84.264,2.2180661267730857,KOPN,KOPN,True,,20060101,20250825
74780703821,747807,03821,GA,33.017,-85.067,1.8101673204706847,KLGC,KLGC,True,,20060101,20250825
74780863803,747808,63803,GA,33.98,-83.963,2.576498868778353,KLZU,KLZU,True,,20060101,20250825
74780903832,747809,03832,GA,33.983,-83.668,0.7028693198871768,KWDR,KWDR,True,,20060101,20250825
74781013857,747810,13857,GA,30.967,-83.2,2.3346747700395545,KVAD,KVAD,True,,20060103,20250825
74781263813,747812,63813,GA,34.013,-84.599,2.5892903225808115,KRYY,KRYY,True,,20060101,20250825
74948300394,749483,00394,GA,34.147,-83.561,2.933822208918825,K19A,K19A,True,,20110927,20250825
99730199999,997301,99999,GA,32.03,-80.9,3.799945809248518,,,False,,20080101,20250824
99801099999,998010,99999,GA,31.417,-81.283,3.687509012256667,,,False,,20080101,20250824
99999963828,999999,63828,GA,31.313,-84.471,0.7875979794460868,,,False,,20020827,20250828
99999963829,999999,63829,GA,31.192,-84.447,1.0517505661034696,,,False,,20020827,20250828
99999963850,999999,63850,GA,33.784,-83.39,1.607925448528133,,,False,,20040430,20250828
99999963856,999999,63856,GA,30.808,-81.46,1.508050182958702,,,False,,20041215,20250828
72029304989,720293,04989,IA,42.453,-91.948,4.833293676759195,KIIB,KIIB,True,,20060101,20250825
72030904947,720309,04947,IA,40.947,-91.511,3.847674829290499,KMPZ,KMPZ,True,,20060101,20250825
72031204964,720312,04964,IA,41.4,-92.946,3.804925847456843,KPEA,KPEA,True,,20060101,20250825
72032604981,720326,04981,IA,42.219,-92.026,3.4680494156113246,KVTI,KVTI,True,,20060101,20250825
72034454920,720344,54920,IA,42.732,-95.556,3.841197161743503,KCKP,KCKP,True,,20060101,20250826
72035154919,720351,54919,IA,41.226,-92.491,4.318790405413157,KOOA,KOOA,True,,20060101,20250825
72041254943,720412,54943,IA,41.828,-94.16,4.371639848556233,KPRO,KPRO,True,,20090101,20250825
72064354940,720643,54940,IA,43.235,-93.624,3.837685425005234,KFXY,KFXY,True,,20090714,20250825
72070154942,720701,54942,IA,41.052,-93.689,3.627432712214647,KI75,KI75,True,,20100304,20250825
72209704936,722097,04936,IA,41.584,-95.339,4.013751580467814,KHNR,KHNR,True,,20060101,20250826
72227454939,722274,54939,IA,40.684,-92.901,3.868507638072279,KTVK,KTVK,True,,20090510,20250826
72233154941,722331,54941,IA,42.471,-93.207,4.453497231977831,KIFA,KIFA,True,,20071016,20250825
72529214976,725292,14976,IA,41.709,-92.735,3.502955082741831,KGGI,KGGI,True,,20060831,20250825
72542014931,725420,14931,IA,40.773,-91.125,3.778139396641263,KBRL,KBRL,True,,20050101,20250827
72545014990,725450,14990,IA,41.883,-91.725,4.744249999999713,KCID,KCID,True,,19730101,20250827
72545314930,725453,14930,IA,41.407,-95.047,3.89266082043372,KAIO,KAIO,True,,20060101,20250825
72545404903,725454,04903,IA,41.276,-91.673,4.433747643732041,KAWG,KAWG,True,,20060101,20250825
72545604921,725456,04921,IA,40.46,-91.428,3.736027911262533,KEOK,KEOK,True,,20060101,20250825
72545704904,725457,04904,IA,43.078,-94.272,4.951498910418744,KAXA,KAXA,True,,20060101,20250825
72545804907,725458,04907,IA,42.742,-93.759,5.051723528371973,KCAV,KCAV,True,,20060101,20250825
72546014933,725460,14933,IA,41.534,-93.653,4.505794525417309,KDSM,KDSM,True,,19730101,20250827
72546194988,725461,94988,IA,42.111,-92.916,4.821498686575126,KMIW,KMIW,True,,20060101,20250827
72546214937,725462,14937,IA,41.639,-91.545,3.829481672393877,KIOW,KIOW,True,,19970101,20250827
72546314966,725463,14966,IA,43.073,-92.611,4.603561127788402,KCCY,KCCY,True,,20060101,20250825
72546404977,725464,04977,IA,41.674,-93.022,4.498057621914956,KTNU,KTNU,True,,20060101,20250825
72546514950,725465,14950,IA,41.101,-92.445,4.430706674144459,KOTM,KOTM,True,,19730101,20250827
72546604938,725466,04938,IA,41.691,-93.566,3.661542540654488,KIKV,KIKV,True,,20060101,20250825
72546704973,725467,04973,IA,40.751,-95.413,3.790655209451537,KSDA,KSDA,True,,20060101,20250826
72546804910,725468,04910,IA,42.046,-94.789,4.738720218644055,KCIN,KCIN,True,,20060101,20250825
72546904913,725469,04913,IA,41.019,-93.359,4.34775140164577,KCNC,KCNC,True,,20060101,20250825
72547094908,725470,94908,IA,42.398,-90.709,4.688754306033547,KDBQ,KDBQ,True,,19730101,20250825
72547294989,725472,94989,IA,41.99,-93.619,4.342030213186311,KAMW,KAMW,True,,20060101,20250827
72547394979,725473,94979,IA,41.833,-90.333,4.761185864261188,KCWI,KCWI,True,,20060101,20250825
72547404915,725474,04915,IA,41.007,-94.363,4.338730187983163,KCSQ,KCSQ,True,,20060101,20250825
72547504953,725475,04953,IA,42.224,-91.166,3.6108308694858873,KMXO,KMXO,True,,20060101,20250825
72547604916,725476,04916,IA,43.275,-91.739,3.1399347568202267,KDEH,KDEH,True,,20060101,20250825
72547704917,725477,04917,IA,41.986,-95.381,4.000645994831371,KDNS,KDNS,True,,20060101,20250826
72547804920,725478,04920,IA,42.436,-93.869,5.078715505506697,KEBS,KEBS,True,,20060101,20250825
72547904937,725479,04937,IA,40.722,-95.026,3.541076504025922,KICL,KICL,True,,20060101,20250826
72548094910,725480,94910,IA,42.554,-92.401,4.516207363902909,KALO,KALO,True,,19600301,20250827
72548304930,725483,04930,IA,40.659,-91.327,3.983535436778208,KFSW,KFSW,True,,20060103,20250825
72548404942,725484,04942,IA,42.778,-96.194,4.121305740037436,KLRJ,KLRJ,True,,20060101,20250826
72548514940,725485,14940,IA,43.154,-93.326,5.054231144569628,KMCW,KMCW,True,,19730101,20250825
72548604906,725486,04906,IA,42.049,-93.848,4.614218523878193,KBNW,KBNW,True,,20060101,20250825
72548704950,725487,04950,IA,41.367,-91.15,3.6712586135808176,KMUT,KMUT,True,,20060101,20250825
72548804955,725488,04955,IA,42.681,-91.974,4.862367491166046,KOLZ,KOLZ,True,,20060101,20250825
72549094933,725490,94933,IA,42.55,-94.183,3.686597792244384,KFOD,KFOD,True,,20060101,20250825
72549304962,725493,04962,IA,41.299,-93.114,4.225386582247066,KOXV,KOXV,True,,20060101,20250825
72549404966,725494,04966,IA,41.01,-95.26,4.013876169619135,KRDK,KRDK,True,,20060101,20250802
72549504975,725495,04975,IA,43.208,-95.833,4.78915764648957,KSHL,KSHL,True,,20060101,20250825
72549604976,725496,04976,IA,42.597,-95.241,5.364555759985874,KSLB,KSLB,True,,20060101,20250825
72549704908,725497,04908,IA,41.259,-95.76,4.522482858173569,KCBF,KCBF,True,,20060101,20250825
72549894998,725498,94998,IA,41.7,-94.917,3.0282823529406584,KADU,KADU,True,,20060101,20250825
72549994991,725499,94991,IA,40.631,-93.9,4.120221843003198,KLWD,KLWD,True,,20060101,20250827
72557014943,725570,14943,IA,42.392,-96.379,4.580004475774457,KSUX,KSUX,True,,19421001,20250827
72649804925,726498,04925,IA,41.053,-91.979,4.2681398222793305,KFFL,KFFL,True,,20060101,20250825
72649994971,726499,94971,IA,43.401,-94.748,5.4165035527546905,KEST,KEST,True,,20060101,20250827
72650014972,726500,14972,IA,43.168,-95.21,4.981596230725033,KSPW,KSPW,True,,20060101,20250827
74455094982,744550,94982,IA,41.613,-90.595,4.601459957476723,KDVN,KDVN,True,,19960702,20250827
99999954902,999999,54902,IA,41.556,-93.286,2.4957044369807355,,,False,,20040915,20250828
72032204129,720322,04129,ID,48.299,-116.56,1.6787500927780776,KSZT,KSZT,True,,20060101,20250825
72036904135,720369,04135,ID,43.743,-111.098,3.057571193866311,KDIJ,KDIJ,True,,20061024,20250825
72073400264,720734,00264,ID,43.581,-116.523,2.6995419354834045,KMAN,KMAN,True,,20100514,20250825
72092300310,720923,00310,ID,48.726,-116.295,0.9166855169951236,K65S,K65S,True,,20110118,20250825
72214204114,722142,04114,ID,44.523,-114.216,2.2189451199475223,KLLJ,KLLJ,True,,20050101,20250827
72578024156,725780,24156,ID,42.92,-112.572,4.276324836988446,KPIH,KPIH,True,,19430101,20250827
72578404109,725784,04109,ID,46.144,-115.596,0.5814814814814768,KP69,KP69,True,,20060101,20250827
72578524145,725785,24145,ID,43.52,-112.068,4.072172428510292,KIDA,KIDA,True,,19730101,20250827
72586494182,725864,94182,ID,44.894,-116.1,1.8723278767454217,KMYL,KMYL,True,,20050101,20250827
72586594161,725865,94161,ID,43.5,-114.3,3.6066274719396527,KSUN,KSUN,True,,20060101,20250825
72586694178,725866,94178,ID,42.478,-114.477,4.827269914926317,KTWF,KTWF,True,,20060101,20250826
72586724133,725867,24133,ID,42.545,-113.769,3.531944869831454,KBYI,KBYI,True,,19730101,20250827
72681024131,726810,24131,ID,43.567,-116.241,3.390821494749632,KBOI,KBOI,True,,19310101,20250827
72681394195,726813,94195,ID,43.65,-116.633,3.028809603201148,KEUL,KEUL,True,,20060101,20250825
72681524106,726815,24106,ID,43.05,-115.867,4.438061737257518,KMUO,KMUO,True,,19320101,20250825
72681604110,726816,04110,ID,42.727,-114.455,4.516439417415345,KJER,KJER,True,,20060101,20250827
72681724154,726817,24154,ID,47.455,-115.671,1.5172246434232406,KMLP,KMLP,True,,19960702,20250827
72681894194,726818,94194,ID,43.832,-111.808,3.119265528618515,KRXE,KRXE,True,,19990102,20250827
72682404112,726824,04112,ID,44.171,-114.927,1.5926296958855768,KSNT,KSNT,True,,19990102,20250827
72686524196,726865,24196,ID,45.117,-113.883,1.7034665782054064,KSMN,KSMN,True,,20060101,20250825
72687300452,726873,00452,ID,45.943,-116.123,2.1885845292678283,KGIC,KGIC,True,,20110325,20250825
72783024149,727830,24149,ID,46.375,-117.015,2.290334753499728,KLWS,KLWS,True,,19730101,20250827
72783424136,727834,24136,ID,47.767,-116.817,3.046064440194168,KCOE,KCOE,True,,20060101,20250825
99999904126,999999,04126,ID,43.462,-113.556,2.599093918801186,,,False,,20030710,20250828
99999904127,999999,04127,ID,43.204,-116.751,1.918557239937271,,,False,,20030629,20250828
72013704867,720137,04867,IL,41.425,-88.419,3.4269561096955563,KC09,KC09,True,,20060101,20250825
72017063851,720170,63851,IL,37.186,-88.751,1.6921435240761895,KM30,KM30,True,,20060101,20250825
72031963841,720319,63841,IL,39.016,-87.65,3.1756978155340865,KRSV,KRSV,True,,20060101,20250702
72033063853,720330,63853,IL,38.607,-87.727,3.3995822161246347,KAJG,KAJG,True,,20060101,20250825
72207504871,722075,04871,IL,41.932,-88.708,4.25643254108979,KDKB,KDKB,True,,20060101,20250825
72207694891,722076,94891,IL,40.2,-87.6,3.3223010523821155,KDNV,KDNV,True,,20060101,20250825
72208204876,722082,04876,IL,42.246,-89.582,4.693434049970759,KFEP,KFEP,True,,20060101,20250823
72208994959,722089,94959,IL,40.933,-90.433,3.539102036012024,KGBG,KGBG,True,,20060101,20250825
72212604879,722126,04879,IL,41.54,-87.532,3.604357298474253,KIGQ,KIGQ,True,,20060101,20250825
72212704880,722127,04880,IL,41.071,-87.846,3.9946046128494586,KIKK,KIKK,True,,20060101,20250825
72214904899,722149,04899,IL,41.352,-89.153,4.0200562604733445,KVYS,KVYS,True,,20060101,20250825
72215704949,722157,04949,IL,40.52,-90.652,3.986417647058243,KMQB,KMQB,True,,20060101,20250825
72217104889,722171,04889,IL,40.924,-88.624,4.231407967032313,KPNT,KPNT,True,,20060101,20250825
72217263810,722172,63810,IL,39.7,-87.669,3.726060606060104,KPRG,KPRG,True,,20060101,20250825
72218204890,722182,04890,IL,41.893,-89.078,4.107322708690746,KRPJ,KRPJ,True,,20060101,20250825
72219404896,722194,04896,IL,40.293,-88.142,4.044822266106382,KTIP,KTIP,True,,20060101,20250825
72297263878,722972,63878,IL,39.163,-89.675,3.722388324272519,K3LF,K3LF,True,,20060101,20250825
72433003879,724330,03879,IL,38.65,-88.967,2.5986387734629126,KSLO,KSLO,True,,20060101,20250825
72433593894,724335,93894,IL,38.323,-88.858,2.323656325801152,KMVN,KMVN,True,,20060101,20250826
72433693810,724336,93810,IL,37.783,-89.245,3.2638405008164564,KMDH,KMDH,True,,20060101,20250827
72433813802,724338,13802,IL,38.55,-89.85,3.1000581801254943,KBLV,KBLV,True,,19380101,20250825
72433903865,724339,03865,IL,37.75,-89.0,2.4547567761621045,KMWA,KMWA,True,,20060101,20250825
72439093822,724390,93822,IL,39.845,-89.684,3.9918132026518913,KSPI,KSPI,True,,19730101,20250826
72439503958,724395,03958,IL,38.883,-90.05,2.955287896592024,KALN,KALN,True,,20060101,20250825
72439754831,724397,54831,IL,40.483,-88.95,5.162451245124242,KBMI,KBMI,True,,20060101,20250825
72443093989,724430,93989,IL,39.937,-91.197,4.207472959685124,KUIN,KUIN,True,,20050101,20250827
72497593809,724975,93809,IL,37.064,-89.219,2.358913946587203,KCIR,KCIR,True,,20060101,20250825
72530094846,725300,94846,IL,41.96,-87.932,4.5289805659729305,KORD,KORD,True,,19461001,20250825
72530594892,725305,94892,IL,41.896,-88.251,4.240024989587463,KDPA,KDPA,True,,20060101,20250827
72531403960,725314,03960,IL,38.564,-90.149,3.0654024319629256,KCPS,KCPS,True,,20060101,20250827
72531594870,725315,94870,IL,40.032,-88.275,4.735049288061046,KCMI,KCMI,True,,20060101,20250827
72531603887,725316,03887,IL,39.831,-88.872,4.445079543854506,KDEC,KDEC,True,,20060101,20250827
72531753802,725317,53802,IL,39.474,-88.272,4.037609370589715,KMTO,KMTO,True,,20060101,20250827
72532014842,725320,14842,IL,40.667,-89.684,3.619300502982547,KPIA,KPIA,True,,19730101,20250825
72532604894,725326,04894,IL,41.743,-89.676,4.211448960595868,KSQI,KSQI,True,,20060101,20250818
72534014819,725340,14819,IL,41.784,-87.755,4.640995916216261,KMDW,KMDW,True,,19730101,20250827
72534213809,725342,13809,IL,38.76,-87.599,3.804459064327344,KLWV,KLWV,True,,20060101,20250827
72534514834,725345,14834,IL,41.5,-88.167,2.5811815935031466,KJOT,KJOT,True,,20020902,20250825
72534714880,725347,14880,IL,42.425,-87.863,3.882940927674977,KUGN,KUGN,True,,20060101,20250827
72534804831,725348,04831,IL,41.604,-88.085,4.17409638554163,KLOT,KLOT,True,,20060101,20250825
72543094822,725430,94822,IL,42.193,-89.093,3.677305770104255,KRFD,KRFD,True,,19730101,20250827
72544014923,725440,14923,IL,41.448,-90.524,3.886831886705988,KMLI,KMLI,True,,19730101,20250827
74465253897,744652,53897,IL,37.811,-88.549,2.655951016468181,KHSB,KHSB,True,,20060101,20250825
74465363814,744653,63814,IL,38.149,-89.699,2.8134093983409243,KSAR,KSAR,True,,20060101,20250825
74465504808,744655,04808,IL,41.771,-88.481,4.159774436090039,KARR,KARR,True,,20060101,20250827
74465653891,744656,53891,IL,38.379,-88.413,2.315534152682216,KFWC,KFWC,True,,20060101,20250825
74465753887,744657,53887,IL,38.515,-89.092,3.1957474378601685,KENL,KENL,True,,20060101,20250825
74465853889,744658,53889,IL,38.665,-88.453,3.60187464850271,KFOA,KFOA,True,,20060101,20250825
74465953822,744659,53822,IL,38.722,-88.176,1.8471306616078744,KOLY,KOLY,True,,20060101,20250825
74466263817,744662,63817,IL,39.534,-89.328,2.826466504686028,KTAZ,KTAZ,True,,20060101,20250825
74466353950,744663,53950,IL,39.639,-90.778,3.03704624859302,KPPQ,KPPQ,True,,20060101,20250825
74466504838,744665,04838,IL,42.121,-87.905,3.748125544899588,KPWK,KPWK,True,,20060101,20250827
74466653944,744666,53944,IL,39.78,-90.238,3.598522443889588,KIJX,KIJX,True,,20060101,20250825
74467204862,744672,04862,IL,40.158,-89.335,2.593325092706594,KAAA,KAAA,True,,20060101,20250825
99733899999,997338,99999,IL,42.0,-87.5,8.013927781871644,,,False,,20080101,20250824
99773599999,997735,99999,IL,42.35,-87.82,3.1292520676017133,,,False,,20080101,20250824
99849999999,998499,99999,IL,41.856,-87.609,3.98759493670883,,,False,,20120618,20250824
99999954808,999999,54808,IL,40.053,-88.373,3.0844974743076023,,,False,,20021220,20250828
99999954811,999999,54811,IL,41.843,-88.851,2.5229228357429,,,False,,20030816,20250828
99999993816,999999,93816,IL,39.07,-88.533,2.6961805555551037,,,False,,19481201,20250826
A0001704868,A00017,04868,IL,41.019,-89.386,2.7956074990981667,KC75,KC75,True,,20060101,20250825
72026654809,720266,54809,IN,41.275,-85.84,3.0001118831698537,KASW,KASW,True,,20060101,20250825
72054300167,720543,00167,IN,41.3,-85.067,2.593339750917102,KGWB,KGWB,True,,20090101,20250825
72057500173,720575,00173,IN,40.031,-86.251,3.42043130693372,KTYQ,KTYQ,True,,20140101,20250825
72059300187,720593,00187,IN,41.333,-86.667,3.502282642567319,KOXI,KOXI,True,,20090101,20250825
72073600265,720736,00265,IN,41.066,-86.182,3.097291585126735,KRCR,KRCR,True,,20100607,20250825
72090300441,720903,00441,IN,38.7,-87.13,2.6271322401789163,KDCY,KDCY,True,,20130826,20250825
72096100336,720961,00336,IN,40.711,-86.375,3.3012292283172986,KGGP,KGGP,True,,20111028,20250825
72102900347,721029,00347,IN,41.572,-86.735,3.8461112093865695,KPPO,KPPO,True,,20120402,20250825
72432093817,724320,93817,IN,38.05,-87.515,3.027939578352339,KEVV,KEVV,True,,19730101,20250827
72435653866,724356,53866,IN,39.585,-85.8,4.043161299016097,KGEZ,KGEZ,True,,20060101,20250827
72436313803,724363,13803,IN,39.267,-85.9,3.2198009950250146,KBAK,KBAK,True,,19900208,20250825
72436553896,724365,53896,IN,38.249,-86.954,3.038182299946925,KHNB,KHNB,True,,20060101,20250825
72437303868,724373,03868,IN,39.443,-87.322,3.241875409835946,KHUF,KHUF,True,,20050101,20250827
72437503893,724375,03893,IN,39.143,-86.617,2.9358186206019736,KBMG,KBMG,True,,20060101,20250827
72438093819,724380,93819,IN,39.725,-86.282,4.509925558312183,KIND,KIND,True,,19421006,20250827
72438453842,724384,53842,IN,39.825,-86.296,3.135966820777718,KEYE,KEYE,True,,20060101,20250827
72438504828,724385,04828,IN,40.117,-85.617,2.5415931392757702,KAID,KAID,True,,20060101,20250825
72438614835,724386,14835,IN,40.412,-86.947,3.1881724845995136,KLAF,KLAF,True,,19730101,20250827
72438754807,724387,54807,IN,40.528,-86.059,4.484833981453576,KOKK,KOKK,True,,20060101,20250825
72438814829,724388,14829,IN,41.527,-85.787,4.215940430225948,KGSH,KGSH,True,,19961002,20250826
72532704846,725327,04846,IN,41.454,-86.998,3.8612452882868538,KVPZ,KVPZ,True,,20060101,20250827
72533014827,725330,14827,IN,40.972,-85.206,4.389774774774373,KFWA,KFWA,True,,19411101,20250827
72533594833,725335,94833,IN,40.65,-86.15,4.335725274724854,KGUS,KGUS,True,,20060101,20250825
72533694895,725336,94895,IN,40.235,-85.394,3.917854807063239,KMIE,KMIE,True,,20060101,20250827
72533704807,725337,04807,IN,41.617,-87.417,3.535965017371293,KGYY,KGYY,True,,20060101,20250825
72535014848,725350,14848,IN,41.707,-86.316,4.222875747224168,KSBN,KSBN,True,,19730101,20250827
72535404806,725354,04806,IN,41.717,-85.983,3.195895379915399,KEKM,KEKM,True,,20060102,20250826
72635800384,726358,00384,IN,41.703,-86.821,2.8241461477358367,KMGC,KMGC,True,,20120110,20250825
74421494852,744214,94852,IN,40.483,-85.683,3.7207184282156898,KMZZ,KMZZ,True,,20100114,20250825
74466000388,744660,00388,IN,40.948,-87.183,3.683230112439914,KRZL,KRZL,True,,20110516,20250825
99733999999,997339,99999,IN,41.73,-86.93,5.86337876614043,,,False,,20080102,20250824
99778799999,997787,99999,IN,41.65,-87.15,3.1768893564791485,,,False,,20080101,20250824
99999963898,999999,63898,IN,38.888,-86.571,1.5846636458696457,,,False,,20071003,20250828
72033899999,720338,99999,KS,37.798,-94.769,3.833323378329175,KFSK,KFSK,True,,20220519,20250824
72041799999,720417,99999,KS,37.583,-101.733,5.578839111328191,K2K3,K2K3,True,,20160302,20250824
72042103043,720421,03043,KS,39.84,-101.042,4.2765689858119815,KADT,KADT,True,,20201015,20250826
72042203037,720422,03037,KS,39.428,-101.046,5.539934013563937,KCBK,KCBK,True,,20120403,20250826
72042399999,720423,99999,KS,37.324,-97.388,4.5913282369801625,KEGT,KEGT,True,,20220130,20250824
72042599999,720425,99999,KS,37.163,-101.371,5.663586013612611,KHQG,KHQG,True,,20151020,20250824
72042600141,720426,00141,KS,37.158,-95.778,4.445802425526634,KIDP,KIDP,True,,20100604,20250825
72043299999,720432,99999,KS,38.352,-97.691,5.066015240904585,KMPR,KMPR,True,,20220509,20250824
72043399999,720433,99999,KS,39.85,-99.895,4.938291112782506,KNRN,KNRN,True,,20181017,20250801
72043499999,720434,99999,KS,39.11,-100.816,5.218542682926875,KOEL,KOEL,True,,20190425,20250824
72043599999,720435,99999,KS,39.736,-99.317,4.442123993256724,KPHG,KPHG,True,,20250108,20250824
72043600142,720436,00142,KS,37.45,-94.733,3.292055552285599,KPTS,KPTS,True,,20100113,20250826
72043700143,720437,00143,KS,39.767,-101.8,5.179060537851004,KSYF,KSYF,True,,20120423,20250826
72043899999,720438,99999,KS,38.474,-100.885,5.509676452965988,KTQK,KTQK,True,,20190429,20250824
72043999999,720439,99999,KS,37.604,-101.374,5.274138243284057,KULS,KULS,True,,20180524,20250824
72078199999,720781,99999,KS,38.343,-98.227,4.9072951739616855,KLYO,KLYO,True,,20180719,20250824
72200599999,722005,99999,KS,38.302,-95.725,3.8839474315884166,KUKL,KUKL,True,,20050427,20250824
72446803967,724468,03967,KS,38.85,-94.739,3.839460467785724,KOJC,KOJC,True,,20060101,20250827
72447593909,724475,93909,KS,38.822,-94.89,4.271334983257892,KIXD,KIXD,True,,19781124,20250827
72450003928,724500,03928,KS,37.648,-97.43,5.078899404135563,KICT,KICT,True,,19730101,20250827
72450213932,724502,13932,KS,37.165,-97.035,4.308723224351553,KWLD,KWLD,True,,20060101,20250827
72450403974,724504,03974,KS,37.75,-97.219,4.768179883671184,KAAO,KAAO,True,,20060101,20250827
72450503923,724505,03923,KS,37.617,-97.267,5.061708860759053,KIAB,KIAB,True,,19531201,20250826
72450613986,724506,13986,KS,38.068,-97.861,4.589928977272511,KHUT,KHUT,True,,19450201,20250827
72450713981,724507,13981,KS,37.671,-95.485,4.080139135179145,KCNU,KCNU,True,,19730101,20250827
72450803997,724508,03997,KS,39.008,-95.212,3.7056805399323554,KLWC,KLWC,True,,20060101,20250827
72450953939,724509,53939,KS,38.068,-97.275,5.236471955826487,KEWK,KEWK,True,,20060101,20250825
72451013985,724510,13985,KS,37.771,-99.969,5.646401410778696,KDDC,KDDC,True,,19430419,20250827
72451523064,724515,23064,KS,37.922,-100.724,5.832983682983347,KGCK,KGCK,True,,19430201,20250827
72451623020,724516,23020,KS,37.05,-100.967,5.704327573252883,KLBL,KLBL,True,,20060101,20250826
72451713940,724517,13940,KS,38.35,-98.867,5.356952616908995,KGBD,KGBD,True,,20060101,20250826
72451803968,724518,03968,KS,38.85,-99.267,5.301377245508713,KHYS,KHYS,True,,20060101,20250826
72451993967,724519,93967,KS,37.091,-95.573,3.898556640909598,KCFV,KCFV,True,,20060101,20250827
72452003957,724520,03957,KS,37.284,-98.553,3.915883278000981,KP28,KP28,True,,19780310,20250827
72455013947,724550,13947,KS,39.05,-96.767,4.573544717414687,KFRI,KFRI,True,,19380817,20250826
72455503936,724555,03936,KS,39.135,-96.679,3.134421322690965,KMHK,KMHK,True,,20060101,20250827
72455613989,724556,13989,KS,38.329,-96.195,4.656868395773038,KEMP,KEMP,True,,19730101,20250827
72456013996,724560,13996,KS,39.072,-95.626,3.383777677360849,KTOP,KTOP,True,,19730101,20250827
72456513920,724565,13920,KS,38.941,-95.651,4.379462803681737,KFOE,KFOE,True,,19421001,20250827
72458013984,724580,13984,KS,39.551,-97.651,4.878813259407402,KCNK,KCNK,True,,19730101,20250827
72458593997,724585,93997,KS,38.873,-98.809,5.526073796482793,KRSL,KRSL,True,,19430201,20250827
72458603919,724586,03919,KS,38.78,-97.644,4.841436875838216,KSLN,KSLN,True,,19730101,20250827
72460493076,724604,93076,KS,37.0,-101.883,5.94001046367136,KEHA,KEHA,True,,20060101,20250826
72465023065,724650,23065,KS,39.367,-101.693,5.608857406127102,KGLD,KGLD,True,,19730101,20250827
72465593990,724655,93990,KS,39.374,-99.83,4.586570062742561,KHLC,KHLC,True,,19730101,20250827
74543093978,745430,93978,KS,37.702,-98.747,4.659411102553294,KPTT,KPTT,True,,20060101,20250826
74543103998,745431,03998,KS,37.328,-95.504,3.1991946681476477,KPPF,KPPF,True,,20060101,20250827
99999903067,999999,03067,KS,38.87,-100.963,3.4435267468199937,,,False,,20051030,20250828
99999953974,999999,53974,KS,39.103,-96.61,2.3114634146341517,,,False,,20031001,20250828
72035363875,720353,63875,KY,36.611,-83.738,1.1729723352798924,K1A6,K1A6,True,,20060101,20250825
72037963882,720379,63882,KY,36.855,-84.856,2.668590694538105,KEKQ,KEKQ,True,,20060501,20250826
72044599999,720445,99999,KY,37.358,-85.309,2.2946324532040663,KAAS,KAAS,True,,20180719,20250824
72044699999,720446,99999,KY,37.814,-85.5,2.256319125139477,KBRY,KBRY,True,,20171207,20250824
72044700437,720447,00437,KY,36.665,-88.373,3.001044696384484,KCEY,KCEY,True,,20101109,20250825
72044800144,720448,00144,KY,37.578,-84.77,2.388773727025836,KDVK,KDVK,True,,20090101,20250825
72044999999,720449,99999,KY,38.555,-82.738,1.4628918495298535,KDWU,KDWU,True,,20140813,20250824
72045199999,720451,99999,KY,37.686,-85.925,2.506123444742215,KEKX,KEKX,True,,20161110,20250824
72045299999,720452,99999,KY,38.542,-83.743,3.113867366236966,KFGX,KFGX,True,,20140307,20250824
72045399999,720453,99999,KY,36.857,-87.455,2.0888853624473875,KHVC,KHVC,True,,20230425,20250824
72045500145,720455,00145,KY,37.633,-84.333,2.878431254875536,KI39,KI39,True,,20101216,20250824
72045600146,720456,00146,KY,38.067,-83.983,1.4046370725854496,KIOB,KIOB,True,,20120531,20250825
72045799999,720457,99999,KY,37.387,-83.262,1.3794775878748504,KCPF,KCPF,True,,20200430,20250824
72045800476,720458,00476,KY,37.751,-82.637,1.756550401534022,KSJS,KSJS,True,,20120531,20250825
72046499999,720464,99999,KY,37.562,-82.566,1.8320628208998,KPBX,KPBX,True,,20140923,20250824
72046599999,720465,99999,KY,36.8,-84.2,1.8432270673015945,KBYL,KBYL,True,,20160302,20250824
72232200361,722322,00361,KY,37.033,-85.95,2.012110665407948,KGLW,KGLW,True,,20050101,20250825
72419003889,724190,03889,KY,37.591,-83.314,1.4322777101097068,KJKL,KJKL,True,,20050101,20250827
72421093814,724210,93814,KY,39.044,-84.672,3.967914671310022,KCVG,KCVG,True,,19730101,20250827
72422093820,724220,93820,KY,38.034,-84.611,3.634571768009175,KLEX,KLEX,True,,19730101,20250825
72423093821,724230,93821,KY,38.177,-85.731,3.676234734680296,KSDF,KSDF,True,,19730101,20250827
72423353841,724233,53841,KY,38.185,-84.904,3.1190754339119486,KFFT,KFFT,True,,20060101,20250827
72423513810,724235,13810,KY,38.23,-85.663,2.9888467573220754,KLOU,KLOU,True,,19411101,20250827
72423753803,724237,53803,KY,37.75,-87.167,3.49269727403143,KOWB,KOWB,True,,20060101,20250825
72423853886,724238,53886,KY,37.8,-87.683,3.172492140611555,KEHR,KEHR,True,,20060101,20250825
72424013807,724240,13807,KY,37.9,-85.967,3.1113223529409,KFTK,KFTK,True,,19450301,20250826
72424303849,724243,03849,KY,37.09,-84.069,2.4098420571727446,KLOZ,KLOZ,True,,19910321,20250827
72435003816,724350,03816,KY,37.056,-88.774,2.337998056365341,KPAH,KPAH,True,,19890101,20250827
72435463815,724354,63815,KY,37.054,-84.615,2.2137228340888324,KSME,KSME,True,,20060101,20250825
74671013806,746710,13806,KY,36.667,-87.483,3.5470774647884817,KHOP,KHOP,True,,19430715,20250825
74671693808,746716,93808,KY,36.965,-86.424,2.8193483507642463,KBWG,KBWG,True,,19730101,20250826
74907799999,749077,99999,KY,37.541,-87.952,2.8325311559944875,KTWT,KTWT,True,,19440306,20250824
99999900421,999999,00421,KY,37.35,-87.4,2.663635814767406,,,False,,20140731,20250825
99999963838,999999,63838,KY,38.095,-84.747,2.4945752660038343,,,False,,20011120,20250828
99999963849,999999,63849,KY,37.25,-86.233,0.8138995465643496,,,False,,20040519,20250828
A0677300334,A06773,00334,KY,36.859,-83.358,1.0735103352125,KI35,KI35,True,,20140731,20250825
72034653991,720346,53991,LA,30.75,-92.688,1.4511892020453383,KACP,KACP,True,,20050408,20250826
72035299999,720352,99999,LA,28.17,-89.22,6.14769736842073,KCYD,KCYD,True,,20050507,20250418
72046700148,720467,00148,LA,30.817,-89.867,1.9283910786925091,KBXA,KBXA,True,,20120824,20250825
72046800466,720468,00466,LA,30.558,-92.099,2.653664144785342,KOPL,KOPL,True,,20130502,20250825
72058700184,720587,00184,LA,29.976,-92.084,2.7937551664533875,KIYA,KIYA,True,,20090101,20250824
72066500243,720665,00243,LA,27.2,-92.2,5.449200492005072,KGBK,KGBK,True,,20091229,20250822
72073900268,720739,00268,LA,32.646,-93.298,1.8809781121749247,KMNE,KMNE,True,,20110501,20250825
72091300303,720913,00303,LA,27.833,-91.983,3.260034474266959,KGHB,KGHB,True,,20110113,20250821
72091600453,720916,00453,LA,27.63,-90.45,6.019313466616008,KGRY,KGRY,True,,20110113,20250825
72092500312,720925,00312,LA,27.2,-90.033,4.804280532042907,KATP,KATP,True,,20110310,20250825
72096700457,720967,00457,LA,30.718,-91.479,2.5075398612735897,KHZR,KHZR,True,,20111221,20250825
72104600460,721046,00460,LA,30.173,-90.941,1.9795380728976344,KREG,KREG,True,,20170309,20250825
72204112993,722041,12993,LA,29.445,-90.261,2.55427366565924,KGAO,KGAO,True,,20060119,20250826
72224800359,722248,00359,LA,30.131,-93.376,3.0411061473599657,KUXL,KUXL,True,,20061024,20250825
72225153958,722251,53958,LA,32.514,-92.588,2.1751772143811983,KRSN,KRSN,True,,20060425,20250825
72225353992,722253,53992,LA,32.756,-91.881,1.251655979763484,KBQP,KBQP,True,,20061018,20250825
72229499999,722294,99999,LA,29.8,-92.804,4.485326259106075,K3L4,K3L4,True,,19870117,20250824
72230899999,722308,99999,LA,29.1,-90.2,0.0,K9F2,K9F2,True,,19870118,20250824
72231012916,722310,12916,LA,29.998,-90.278,3.514134396355101,KMSY,KMSY,True,,19451001,20250825
72231203908,722312,03908,LA,30.521,-90.418,2.144337902229268,KHDC,KHDC,True,,20060101,20250825
72231453915,722314,53915,LA,30.029,-91.885,3.65122395833316,KARA,KARA,True,,20060101,20250825
72231553917,722315,53917,LA,30.049,-90.029,4.783296126066619,KNEW,KNEW,True,,19420901,20250827
72231612958,722316,12958,LA,29.817,-90.017,3.0909539220219147,KNBG,KNBG,True,,19730101,20250825
72231953943,722319,53943,LA,31.736,-93.099,1.1837095191364275,KIER,KIER,True,,20060101,20250826
72232013970,722320,13970,LA,30.538,-91.147,3.122775466380255,KBTR,KBTR,True,,20101115,20250827
72232912936,722329,12936,LA,29.717,-91.333,2.9729470503218485,KPTN,KPTN,True,,20060101,20250825
72233053865,722330,53865,LA,30.344,-89.822,2.473025562762321,KASD,KASD,True,,20050101,20250825
72233403976,722334,03976,LA,30.833,-93.333,2.4660885854126167,KDRI,KDRI,True,,20060101,20250825
72239003931,722390,03931,LA,31.05,-93.183,3.198183934807733,KPOE,KPOE,True,,19620903,20250825
72240003937,722400,03937,LA,30.126,-93.228,3.8115503576257135,KLCH,KLCH,True,,19420502,20250827
72240413941,722404,13941,LA,30.21,-93.143,3.241266919328416,KCWF,KCWF,True,,19880105,20250825
72240513976,722405,13976,LA,30.199,-91.99,2.805679287305059,KLFT,KLFT,True,,19451001,20250827
72240612927,722406,12927,LA,29.566,-90.66,2.679170176916486,KHUM,KHUM,True,,20050101,20250825
72248013957,722480,13957,LA,32.447,-93.824,3.292135585635727,KSHV,KSHV,True,,19730101,20250827
72248453905,722484,53905,LA,32.54,-93.746,3.293757837536468,KDTN,KDTN,True,,20000101,20250827
72248513944,722485,13944,LA,32.5,-93.667,3.273913043478032,KBAD,KBAD,True,,19370301,20250825
72248613942,722486,13942,LA,32.516,-92.03,2.795160171959505,KMLU,KMLU,True,,19421001,20250827
72248713935,722487,13935,LA,31.396,-92.283,1.8152925203654549,KESF,KESF,True,,19410701,20250827
72248803996,722488,03996,LA,32.348,-91.03,2.2090896867017604,KTVR,KTVR,True,,20050101,20250827
72282003949,722820,03949,LA,31.357,-93.176,1.2188815789474263,KAQV,KAQV,True,,20060101,20250827
72282153988,722821,53988,LA,31.022,-92.911,0.7841687280302189,KBKB,KBKB,True,,20060101,20250827
74754093915,747540,93915,LA,31.335,-92.558,3.1211754092021105,KAEX,KAEX,True,,20060101,20250825
99736099999,997360,99999,LA,29.77,-90.42,0.0,,,False,,20080101,20250824
99770399999,997703,99999,LA,28.92,-89.4,5.10315428983405,,,False,,20080101,20250824
99784899999,997848,99999,LA,27.55,-92.49,6.593446398659595,KAGI,KAGI,True,,20080724,20250517
99819499999,998194,99999,LA,30.017,-90.117,2.9294604316548263,,,False,,20080721,20250824
99821799999,998217,99999,LA,29.45,-91.333,2.188020452885425,,,False,,20081022,20250824
99821899999,998218,99999,LA,29.867,-89.667,4.65904381021618,,,False,,20081022,20250824
99826499999,998264,99999,LA,30.217,-93.217,0.0,,,False,,20100101,20250824
99828299999,998282,99999,LA,29.55,-92.3,4.191967509025209,,,False,,20100101,20250824
99847399999,998473,99999,LA,28.885,-90.024,5.769046762589753,,,False,,20110831,20250824
99848699999,998486,99999,LA,29.178,-89.258,3.463131313131348,,,False,,20111024,20250824
99999900423,999999,00423,LA,30.441,-93.474,1.993196726431997,,,False,,20140731,20250825
99999953960,999999,53960,LA,30.092,-91.873,1.384965156794427,,,False,,20030111,20250828
99999953961,999999,53961,LA,32.883,-92.117,0.6187075422400246,,,False,,20030115,20250828
72225664774,722256,64774,MA,42.098,-70.672,3.151448722835795,KGHG,KGHG,True,,20051219,20250826
72505914702,725059,14702,MA,42.47,-71.289,3.3711896728765454,KBED,KBED,True,,20060101,20250827
72506014756,725060,14756,MA,41.254,-70.059,5.367336949331517,KACK,KACK,True,,20120801,20250827
72506114704,725061,14704,MA,41.65,-70.517,4.636096302665397,KFMH,KFMH,True,,20100921,20250826
72506454769,725064,54769,MA,41.909,-70.728,3.615303464443661,KPYM,KPYM,True,,20060101,20250827
72506594726,725065,94726,MA,41.679,-70.959,3.400050877639111,KEWB,KEWB,True,,20060101,20250827
72506694724,725066,94724,MA,41.393,-70.616,4.315270579727319,KMVY,KMVY,True,,20060101,20250827
72506794720,725067,94720,MA,41.672,-70.27,4.046498635831933,KHYA,KHYA,True,,20060101,20250827
72506854777,725068,54777,MA,41.876,-71.021,2.179231166150789,KTAN,KTAN,True,,20060101,20250827
72506994624,725069,94624,MA,41.688,-69.993,3.170445295666512,KCQX,KCQX,True,,20060101,20250827
72507364708,725073,64708,MA,42.072,-70.221,5.12091312794858,KPVC,KPVC,True,,20060101,20250826
72507554768,725075,54768,MA,42.697,-73.17,3.241880454906017,KAQW,KAQW,True,,20060101,20250827
72508554756,725085,54756,MA,42.57,-72.287,2.513304410701356,KORE,KORE,True,,19960702,20250827
72508854733,725088,54733,MA,42.584,-70.915,3.632319341126278,KBVY,KBVY,True,,20060101,20250827
72509014739,725090,14739,MA,42.361,-71.01,5.089296945192631,KBOS,KBOS,True,,19431121,20250827
72509854704,725098,54704,MA,42.191,-71.173,2.7212467724086533,KOWD,KOWD,True,,20060101,20250827
72510094746,725100,94746,MA,42.271,-71.873,4.476923076922745,KORH,KORH,True,,20050101,20250826
72510704780,725107,04780,MA,42.555,-71.757,2.805541855937665,KFIT,KFIT,True,,19971002,20250827
74410414763,744104,14763,MA,42.427,-73.289,3.207475573733081,KPSF,KPSF,True,,20060101,20250827
74490494723,744904,94723,MA,42.712,-71.126,3.112363537117826,KLWM,KLWM,True,,20060101,20250827
74491014703,744910,14703,MA,42.2,-72.533,3.181565003080593,KCEF,KCEF,True,,19410401,20250826
74491514775,744915,14775,MA,42.16,-72.712,3.0488432544839243,KBAF,KBAF,True,,19730105,20250827
99404699999,994046,99999,MA,41.28,-70.1,3.8788742558181264,,,False,,20080101,20250824
99727399999,997273,99999,MA,41.7,-71.17,4.475632513906214,,,False,,20080101,20250824
99801499999,998014,99999,MA,41.583,-70.517,3.149090909090921,,,False,,20080101,20250716
72033493764,720334,93764,MD,39.167,-77.167,2.3006183017313577,KGAI,KGAI,True,,20071017,20250825
72035503732,720355,03732,MD,39.6,-78.767,2.20045728132528,KCBE,KCBE,True,,20060428,20250826
72038400124,720384,00124,MD,38.967,-76.333,3.060194135490182,KW29,KW29,True,,20070401,20250825
72069903724,720699,03724,MD,39.608,-77.008,2.476178864985449,KDMW,KDMW,True,,20110101,20250825
72208113730,722081,13730,MD,39.417,-77.383,1.75088964998745,KFDK,KFDK,True,,20050101,20250825
72215813752,722158,13752,MD,38.991,-76.489,3.1242069374443924,KNAK,KNAK,True,,20050224,20250824
72221800356,722218,00356,MD,38.533,-76.033,2.757505070993489,KCGE,KCGE,True,,20061003,20250825
72224400358,722244,00358,MD,38.981,-76.922,2.039421338155037,KCGS,KCGS,True,,20061025,20250825
72282303749,722823,03749,MD,39.645,-77.468,3.645957885436444,KRSP,KRSP,True,,20060501,20250826
72398093720,723980,93720,MD,38.341,-75.513,3.359751092281091,KSBY,KSBY,True,,20050101,20250827
72404013721,724040,13721,MD,38.3,-76.417,4.2096023688660935,KNHK,KNHK,True,,19450301,20250826
72404303756,724043,03756,MD,38.804,-76.069,2.7925298725960266,KESN,KESN,True,,20060428,20250825
72405713701,724057,13701,MD,39.472,-76.17,2.7477081741788187,KAPG,KAPG,True,,20060103,20250825
72406093721,724060,93721,MD,39.173,-76.684,3.212326885658469,KBWI,KBWI,True,,19450101,20250827
72406599999,724065,99999,MD,39.085,-76.759,1.88019337238188,KFME,KFME,True,,20050519,20250824
72406693706,724066,93706,MD,39.706,-77.73,3.445551651440487,KHGR,KHGR,True,,20060101,20250827
72406793744,724067,93744,MD,39.333,-76.417,2.353772774968893,KMTN,KMTN,True,,20060101,20250825
72551403757,725514,03757,MD,38.142,-76.429,2.8436551305404296,KNUI,KNUI,True,,20060822,20250825
74594013705,745940,13705,MD,38.817,-76.867,3.6434034416823833,KADW,KADW,True,,19430619,20250826
74594693786,745946,93786,MD,38.309,-75.123,3.3318922470431995,KOXB,KOXB,True,,20060101,20250827
99729799999,997297,99999,MD,38.57,-76.07,4.0114399133886,,,False,,20080101,20250824
99730299999,997302,99999,MD,39.22,-76.52,4.592657856093859,,,False,,20080101,20250824
99730999999,997309,99999,MD,38.32,-76.45,3.922174070061359,,,False,,20080101,20250824
99768899999,997688,99999,MD,38.22,-76.03,5.097598253274972,,,False,,20080101,20250824
99770299999,997702,99999,MD,38.13,-76.53,4.312482710926836,,,False,,20080101,20250824
99778199999,997781,99999,MD,38.717,-76.65,5.285088821101623,,,False,,20080101,20250824
99799499999,997994,99999,MD,38.767,-76.7,2.2916009852217583,,,False,,20080101,20250627
99821199999,998211,99999,MD,38.317,-75.083,4.108677611401695,,,False,,20080915,20250824
99840999999,998409,99999,MD,38.983,-76.48,2.916588362848017,,,False,,20100714,20250824
99999903755,999999,03755,MD,39.58,-79.339,3.8418684330745343,,,False,,20061018,20250826
99999913752,999999,13752,MD,38.991,-76.489,3.136221712976167,,,False,,19450301,20250827
72047299999,720472,99999,ME,44.992,-70.665,2.807855705447954,K8B0,K8B0,True,,20170116,20250824
72606014764,726060,14764,ME,43.642,-70.304,3.2633724115260034,KPWM,KPWM,True,,19730101,20250826
72606464709,726064,64709,ME,43.394,-70.708,2.855575740637218,KSFM,KSFM,True,,20060101,20250826
72607014606,726070,14606,ME,44.798,-68.819,3.468840481666762,KBGR,KBGR,True,,20100801,20250827
72607314615,726073,14615,ME,44.533,-69.667,2.7569625246548104,KWVL,KWVL,True,,20060101,20250826
72607714616,726077,14616,ME,44.45,-68.367,3.118965286154586,KBHB,KBHB,True,,20060101,20250826
72607994601,726079,94601,ME,44.067,-69.1,3.2601383125863266,KRKD,KRKD,True,,20060101,20250826
72608304836,726083,04836,ME,47.285,-68.307,4.465514316012209,KFVE,KFVE,True,,20060101,20250827
72618354772,726183,54772,ME,43.99,-70.95,1.5651482376893602,KIZG,KIZG,True,,20060101,20250827
72618494709,726184,94709,ME,44.05,-70.283,2.66577911857293,KLEW,KLEW,True,,20060101,20250825
72618514605,726185,14605,ME,44.316,-69.797,2.94937962150634,KAUG,KAUG,True,,19730101,20250827
72619094626,726190,94626,ME,45.463,-69.555,3.261315836778805,KGNR,KGNR,True,,20060101,20250827
72619614610,726196,14610,ME,45.648,-68.692,2.4584848484848467,KMLT,KMLT,True,,19430301,20250827
72703314609,727033,14609,ME,46.118,-67.793,3.0227221342977977,KHUL,KHUL,True,,20000101,20250827
72711994605,727119,94605,ME,46.617,-69.533,1.6487530470655056,K40B,K40B,True,,20060101,20250825
72712014607,727120,14607,ME,46.87,-68.017,3.2997479643269214,KCAR,KCAR,True,,19730101,20250827
72713014604,727130,14604,ME,46.683,-68.05,3.372594788193022,KPQI,KPQI,True,,19411101,20250826
72713594623,727135,94623,ME,43.964,-69.711,1.612930490727993,KIWI,KIWI,True,,20060101,20250827
74392014611,743920,14611,ME,43.9,-69.933,3.345891687202604,KNHZ,KNHZ,True,,19520101,20250824
99728799999,997287,99999,ME,44.9,-66.98,3.546110810323089,,,False,,20080101,20250824
99801599999,998015,99999,ME,43.333,-70.55,2.005559633027623,,,False,,20080101,20250824
99825299999,998252,99999,ME,44.4,-68.2,4.308155446086408,,,False,,20100101,20250824
99844299999,998442,99999,ME,44.657,-67.21,2.5024531024532437,,,False,,20110613,20250824
99999994644,999999,94644,ME,44.928,-68.701,1.658796861377514,,,False,,20020913,20250828
99999994645,999999,94645,ME,46.96,-67.883,1.3630881840362583,,,False,,20020920,20250828
72011354829,720113,54829,MI,42.543,-83.178,3.5819407342975387,KVLL,KVLL,True,,20050101,20250825
72019854813,720198,54813,MI,46.412,-86.65,3.845930543187853,KP53,KP53,True,,20060101,20250827
72027504872,720275,04872,MI,41.736,-83.655,2.368545325106375,KDUH,KDUH,True,,20060101,20250825
72028404877,720284,04877,MI,42.574,-84.811,3.4414011976040944,KFPK,KFPK,True,,20060101,20250825
72032104893,720321,04893,MI,45.654,-84.519,3.2771681415923264,KSLH,KSLH,True,,20060101,20250825
72034054818,720340,54818,MI,44.626,-86.201,2.755841346153345,KFKS,KFKS,True,,20060101,20250826
72037154850,720371,54850,MI,41.96,-85.593,2.9833525730597925,KHAI,KHAI,True,,20061024,20250826
72037554844,720375,54844,MI,46.007,-83.743,2.0113537895420928,KDRM,KDRM,True,,20060831,20250825
72041500140,720415,00140,MI,43.433,-86.0,3.2854246044553377,KFFX,KFFX,True,,20090101,20250826
72062900216,720629,00216,MI,43.663,-84.261,3.277601101789805,KIKW,KIKW,True,,20090406,20250825
72090200298,720902,00298,MI,43.067,-83.267,2.8809220985686026,KD95,KD95,True,,20130101,20250825
72200754828,722007,54828,MI,43.459,-83.446,3.252278306687619,KCFS,KCFS,True,,20050201,20250825
72209304878,722093,04878,MI,44.68,-84.729,3.373681498023966,KGOV,KGOV,True,,20060101,20250825
72212504829,722125,04829,MI,43.433,-83.867,4.342142004772838,KHYX,KHYX,True,,20060101,20250825
72214504884,722145,04884,MI,45.426,-84.913,2.666743604538886,KMGN,KMGN,True,,20060101,20250826
72218604892,722186,04892,MI,45.689,-85.566,4.032321793521187,KSJX,KSJX,True,,20060101,20250825
72234354826,722343,54826,MI,42.351,-86.256,3.134974371199766,KLWA,KLWA,True,,20060101,20250826
72234654824,722346,54824,MI,42.993,-84.139,3.071647100675318,KRNP,KRNP,True,,20050101,20250825
72537094847,725370,94847,MI,42.231,-83.331,4.195023954703391,KDTW,KDTW,True,,19420801,20250827
72537354819,725373,54819,MI,42.099,-83.161,3.9629374137706046,KONZ,KONZ,True,,20060101,20250825
72537494889,725374,94889,MI,42.224,-83.74,3.1471581644535926,KARB,KARB,True,,20060101,20250827
72537514822,725375,14822,MI,42.407,-83.009,3.818436057561542,KDET,KDET,True,,19730101,20250827
72537614853,725376,14853,MI,42.237,-83.526,4.103372453797146,KYIP,KYIP,True,,19730101,20250827
72537714804,725377,14804,MI,42.608,-82.818,4.202186264821829,KMTC,KMTC,True,,19370101,20250825
72537804887,725378,04887,MI,42.629,-83.984,3.1884656716411595,KOZW,KOZW,True,,20060101,20250825
72538354827,725383,54827,MI,41.817,-85.433,3.767644265019402,KIRS,KIRS,True,,20060101,20250826
72538404888,725384,04888,MI,42.911,-82.529,2.5166884040782893,KPHN,KPHN,True,,20060101,20250825
72538694898,725386,94898,MI,44.022,-82.793,4.00295196186281,KP58,KP58,True,,20060101,20250825
72538794899,725387,94899,MI,47.467,-87.875,3.935058017880906,KP59,KP59,True,,20060101,20250825
72539014836,725390,14836,MI,42.776,-84.6,4.077831402830991,KLAN,KLAN,True,,19730101,20250827
72539404839,725394,04839,MI,42.746,-86.097,3.857534422854007,KBIV,KBIV,True,,20060101,20250827
72539514833,725395,14833,MI,42.264,-84.456,3.342428534637992,KJXN,KJXN,True,,19730101,20250827
72539614815,725396,14815,MI,42.312,-85.241,4.136630562442652,KBTL,KBTL,True,,19421001,20250827
72540404847,725404,04847,MI,41.868,-84.079,3.584507590501945,KADG,KADG,True,,20060101,20250827
72540554816,725405,54816,MI,43.322,-84.688,3.770461207153615,KAMN,KAMN,True,,20060101,20250825
72540654817,725406,54817,MI,43.78,-82.986,3.43473185185118,KBAX,KBAX,True,,20060101,20250825
72540704854,725407,04854,MI,45.017,-84.689,3.690778657898535,KGLR,KGLR,True,,20060101,20250827
72540804881,725408,04881,MI,45.983,-86.183,3.3333067777907064,KISQ,KISQ,True,,20060101,20250825
72540904882,725409,04882,MI,41.921,-84.586,3.75224271267024,KJYM,KJYM,True,,20060101,20250825
72541404886,725414,04886,MI,41.933,-85.053,3.714775790246735,KOEB,KOEB,True,,20060101,20250825
72541554821,725415,54821,MI,42.251,-84.956,2.4751943504832483,KRMY,KRMY,True,,20060101,20250825
72541614864,725416,14864,MI,43.717,-85.5,2.8840465309508487,KRQB,KRQB,True,,20060101,20250825
72541754822,725417,54822,MI,42.566,-84.433,2.734160933292942,KTEW,KTEW,True,,20060101,20250825
72541854823,725418,54823,MI,41.94,-83.435,3.795406015495544,KTTF,KTTF,True,,20060101,20250825
72542404885,725424,04885,MI,43.622,-84.737,2.854447343452977,KMOP,KMOP,True,,20060101,20250825
72628494836,726284,94836,MI,46.35,-87.4,4.286744454955936,KSAW,KSAW,True,,20060101,20250826
72635094860,726350,94860,MI,42.882,-85.523,4.427946810907836,KGRR,KGRR,True,,19730101,20250826
72635594871,726355,94871,MI,42.129,-86.415,3.5614722289592824,KBEH,KBEH,True,,20060101,20250827
72635794815,726357,94815,MI,42.228,-85.546,3.723963695475287,KAZO,KAZO,True,,20060101,20250827
72636014840,726360,14840,MI,43.171,-86.237,4.288848996831658,KMKG,KMKG,True,,19730101,20250827
72636404883,726364,04883,MI,43.963,-86.408,3.472885241944565,KLDM,KLDM,True,,20050101,20250825
72637014826,726370,14826,MI,42.967,-83.75,3.987776360543797,KFNT,KFNT,True,,19730101,20250827
72637594817,726375,94817,MI,42.663,-83.41,3.984939677375389,KPTK,KPTK,True,,20060101,20250827
72637914845,726379,14845,MI,43.528,-84.081,4.518107601712782,KMBS,KMBS,True,,19730101,20250827
72638094814,726380,94814,MI,44.359,-84.674,3.678195633355343,KHTL,KHTL,True,,19730101,20250825
72638414817,726384,14817,MI,44.283,-85.417,3.7296850582995145,KCAD,KCAD,True,,19900724,20250825
72638594894,726385,94894,MI,44.267,-86.25,3.4703392836030797,KMBL,KMBL,True,,20060101,20250826
72638714850,726387,14850,MI,44.739,-85.568,3.461084718923047,KTVC,KTVC,True,,19730101,20250827
72639094849,726390,94849,MI,45.072,-83.565,3.59689752428673,KAPN,KAPN,True,,19730101,20250827
72639404874,726394,04874,MI,46.311,-85.457,3.699389842674312,KERY,KERY,True,,20060101,20250826
72639514808,726395,14808,MI,44.45,-83.4,4.363152138950769,KOSC,KOSC,True,,19430701,20250825
72648094853,726480,94853,MI,45.733,-87.083,3.437826797385481,KESC,KESC,True,,20060101,20250825
72648794896,726487,94896,MI,45.117,-87.633,3.3397364274458337,KMNM,KMNM,True,,20050101,20250825
72734014847,727340,14847,MI,46.48,-84.358,3.351290119571781,KANJ,KANJ,True,,19730101,20250827
72734404869,727344,04869,MI,46.25,-84.467,4.421013714966841,KCIU,KCIU,True,,20060101,20250826
72734714841,727347,14841,MI,45.564,-84.793,3.738031457360357,KPLN,KPLN,True,,19730101,20250827
72741754825,727417,54825,MI,45.407,-83.813,3.272184677571495,KPZQ,KPZQ,True,,20060101,20250826
72743404870,727434,04870,MI,45.305,-85.275,4.346809024007221,KCVX,KCVX,True,,20060101,20250825
72743554820,727435,54820,MI,45.865,-84.637,4.6371596145787,KMCD,KMCD,True,,20060101,20250825
72743604863,727436,04863,MI,44.986,-85.203,1.665111453639842,KACB,KACB,True,,20060101,20250826
72743794893,727437,94893,MI,45.813,-88.113,3.2498121242483515,KIMT,KIMT,True,,20060101,20250827
72744014858,727440,14858,MI,47.166,-88.481,4.9381829666275845,KCMX,KCMX,True,,19730101,20250827
72744594926,727445,94926,MI,46.533,-90.133,3.562577123872588,KIWD,KIWD,True,,20060101,20250825
99406199999,994061,99999,MI,45.651,-84.472,5.780264123257323,,,False,,20100407,20250824
99406399999,994063,99999,MI,45.356,-83.492,4.982073669849995,,,False,,20100325,20250824
99406499999,994064,99999,MI,44.713,-83.273,2.781555555555628,,,False,,20100325,20250824
99406699999,994066,99999,MI,46.762,-84.966,4.051828072052726,,,False,,20100325,20250824
99497999999,994979,99999,MI,44.02,-83.53,5.371085141903325,,,False,,20080101,20250824
99707999999,997079,99999,MI,45.035,-83.194,4.526629422718701,,,False,,20121015,20250824
99734199999,997341,99999,MI,43.23,-86.33,5.924604885057285,,,False,,20080101,20250824
99734399999,997343,99999,MI,42.4,-86.28,4.478033119297227,,,False,,20080101,20250824
99735999999,997359,99999,MI,45.067,-83.417,3.1522944034552345,,,False,,20080324,20250824
99769799999,997697,99999,MI,46.48,-84.3,3.353200287666373,,,False,,20080101,20250824
99773199999,997731,99999,MI,45.2,-85.55,5.153739068356061,,,False,,20080101,20250824
99773299999,997732,99999,MI,47.27,-88.53,2.450846546627326,,,False,,20080101,20250824
99773999999,997739,99999,MI,46.667,-85.967,6.400269735658883,,,False,,20080101,20250824
99778599999,997785,99999,MI,45.1,-87.583,4.871539433315132,,,False,,20080101,20250824
99779299999,997792,99999,MI,45.617,-86.65,5.112466943709996,,,False,,20080101,20250626
99779399999,997793,99999,MI,46.083,-85.433,3.9748032904148496,,,False,,20080101,20250824
99779599999,997795,99999,MI,46.867,-89.333,3.1589935760172376,,,False,,20080101,20250824
99780299999,997802,99999,MI,44.05,-86.517,5.648107739515663,,,False,,20080101,20250824
99780399999,997803,99999,MI,46.783,-91.383,4.112932572243992,,,False,,20080101,20250824
99798299999,997982,99999,MI,45.967,-85.867,4.281450437317711,,,False,,20080101,20250824
99798899999,997988,99999,MI,46.817,-87.717,2.414196651229184,,,False,,20080101,20250824
99799699999,997996,99999,MI,42.467,-82.867,4.243321739130334,,,False,,20080101,20250824
99801299999,998012,99999,MI,42.1,-86.483,3.176923076923077,,,False,,20080101,20250824
99817699999,998176,99999,MI,47.183,-88.233,2.85664488017429,,,False,,20080115,20250824
99820399999,998203,99999,MI,46.283,-84.2,3.235256064690108,,,False,,20080721,20250824
99824299999,998242,99999,MI,43.8,-83.717,6.80783542039336,,,False,,20081114,20250824
99825599999,998255,99999,MI,45.783,-84.717,4.365931059638791,,,False,,20100101,20250824
99833999999,998339,99999,MI,42.975,-82.419,0.0,,,False,,20100713,20250824
99840599999,998405,99999,MI,44.248,-86.346,4.420617085785506,,,False,,20100101,20250824
99840799999,998407,99999,MI,42.768,-86.201,5.27277316985198,,,False,,20100707,20250824
99849299999,998492,99999,MI,42.621,-82.527,0.0,,,False,,20120118,20250824
99999954810,999999,54810,MI,46.335,-86.92,1.6623693379791022,,,False,,20041110,20250828
99999954854,999999,54854,MI,44.908,-84.72,1.688865656037641,,,False,,20070919,20250828
A0735900240,A07359,00240,MI,42.938,-85.061,4.152861305721864,KY70,KY70,True,,20140731,20250825
72025804997,720258,04997,MN,46.619,-93.31,2.9238185704102464,KHZX,KHZX,True,,20060101,20250825
72028304927,720283,04927,MN,43.677,-92.18,4.560815697432943,KFKA,KFKA,True,,20060101,20250825
72036754927,720367,54927,MN,45.372,-94.746,3.318410438908008,KPEX,KPEX,True,,20050812,20250825
72036854924,720368,54924,MN,43.987,-95.783,4.908071748878303,KDVP,KDVP,True,,20050811,20250731
72038600125,720386,00125,MN,45.117,-95.133,4.603697107412333,KBDH,KBDH,True,,20070724,20250825
72097299999,720972,99999,MN,44.017,-92.483,3.352145133610697,,,False,,20111201,20250824
72200354930,722003,54930,MN,44.476,-93.016,3.6435616270515463,KSYN,KSYN,True,,20060101,20250825
72200654926,722006,54926,MN,43.621,-96.216,3.652372351510381,KLYV,KLYV,True,,20060101,20250825
72203254916,722032,54916,MN,44.074,-93.553,4.258154879730829,KACQ,KACQ,True,,20060101,20250825
72203304999,722033,04999,MN,44.753,-95.556,4.191594133777977,KGDB,KGDB,True,,20060101,20250825
72211454901,722114,54901,MN,45.159,-93.843,3.5846583150262834,KCFE,KCFE,True,,20050101,20250826
72212904939,722129,04939,MN,46.839,-96.663,4.284606721592866,KJKJ,KJKJ,True,,20060101,20250825
72214404945,722144,04945,MN,45.236,-93.986,2.7183621050111446,KMGG,KMGG,True,,20060101,20250825
72216804960,722168,04960,MN,44.779,-95.033,3.18279193948215,KOVL,KOVL,True,,20060101,20250825
72225254923,722252,54923,MN,44.729,-96.266,3.9033933559153735,KCNB,KCNB,True,,20061018,20250825
72234254931,722342,54931,MN,44.249,-95.607,4.963897219192632,KTKC,KTKC,True,,20060101,20250825
72644014925,726440,14925,MN,43.904,-92.492,5.138135041250043,KRST,KRST,True,,19730101,20250827
72646654917,726466,54917,MN,45.228,-96.007,2.785653753026516,KAQP,KAQP,True,,20060101,20250825
72654404958,726544,04958,MN,48.016,-92.856,2.0906953159660056,KORB,KORB,True,,20060101,20250825
72654704931,726547,04931,MN,45.644,-95.32,4.401093155893196,KGHW,KGHW,True,,20060101,20250825
72654804971,726548,04971,MN,48.941,-95.348,3.367748647523209,KRRT,KRRT,True,,20060101,20250825
72654954905,726549,54905,MN,47.822,-92.689,2.5348918682202912,KCQM,KCQM,True,,20060101,20250826
72655014926,726550,14926,MN,45.544,-94.052,3.6510793465576175,KSTC,KSTC,True,,19730101,20250825
72655304951,726553,04951,MN,44.969,-95.71,3.9209020771506,KMVE,KMVE,True,,20060101,20250825
72655454906,726554,54906,MN,43.986,-94.558,4.991838080959528,KJYG,KJYG,True,,20060101,20250825
72655594938,726555,94938,MN,46.402,-94.127,3.484138288229799,KBRD,KBRD,True,,20060101,20250827
72655614992,726556,14992,MN,44.548,-95.08,4.333986928104343,KRWF,KRWF,True,,20000101,20250827
72655714910,726557,14910,MN,45.868,-95.394,4.797660972404372,KAXN,KAXN,True,,19730101,20250827
72655804914,726558,04914,MN,46.703,-92.504,3.0929261289474987,KCOQ,KCOQ,True,,20060101,20250825
72655994976,726559,94976,MN,44.45,-95.817,5.379311314124768,KMML,KMML,True,,20060101,20250825
72656194997,726561,94997,MN,46.447,-95.212,3.28617789885045,KADC,KADC,True,,20060101,20250825
72656204943,726562,04943,MN,44.628,-93.228,2.942548775424993,KLVN,KLVN,True,,20060101,20250825
72656394969,726563,94969,MN,44.333,-93.317,3.1701209291181747,KFBL,KFBL,True,,20060101,20250825
72656404967,726564,04967,MN,44.589,-92.485,2.7311144130752867,KRGK,KRGK,True,,20060101,20250825
72656504948,726565,04948,MN,45.566,-95.968,5.120810762545438,KMOX,KMOX,True,,20060101,20250825
72656704980,726567,04980,MN,44.319,-94.502,4.237274597603269,KULM,KULM,True,,20060101,20250825
72656804961,726568,04961,MN,44.123,-93.261,4.484501800719939,KOWA,KOWA,True,,20060101,20250825
72656904933,726569,04933,MN,44.859,-94.382,3.708284269996312,KHCD,KHCD,True,,20060101,20250825
72657294966,726572,94966,MN,46.283,-96.15,4.817959838402958,KFFM,KFFM,True,,20050101,20250825
72657594960,726575,94960,MN,45.062,-93.351,3.6983266590387625,KMIC,KMIC,True,,20060101,20250827
72657794974,726577,94974,MN,45.15,-93.217,3.1853031049775606,KANE,KANE,True,,20060101,20250825
72657804944,726578,04944,MN,45.949,-94.347,2.3492077035588568,KLXL,KLXL,True,,20060101,20250826
72657994963,726579,94963,MN,44.832,-93.471,3.8993247126435024,KFCM,KFCM,True,,20060101,20250827
72658014922,726580,14922,MN,44.885,-93.231,4.394454215030665,KMSP,KMSP,True,,19450101,20250825
72658304941,726583,04941,MN,45.147,-94.507,3.068493902438457,KLJF,KLJF,True,,20060101,20250825
72658414927,726584,14927,MN,44.932,-93.056,3.9210401540967736,KSTP,KSTP,True,,19831103,20250827
72658514954,726585,14954,MN,44.217,-93.917,4.817735686611897,KMKT,KMKT,True,,20060101,20250825
72658694948,726586,94948,MN,43.65,-94.417,5.232422819746485,KFRM,KFRM,True,,20060101,20250825
72658794927,726587,94927,MN,43.645,-95.58,5.413467048710269,KOTG,KOTG,True,,20060101,20250825
72658804956,726588,04956,MN,44.077,-91.708,2.4525882282206077,KONA,KONA,True,,20060101,20250825
72658994968,726589,94968,MN,43.683,-93.367,3.3441852052806347,KAEL,KAEL,True,,20060101,20250825
72659304946,726593,04946,MN,43.65,-94.986,4.4113398312475525,KMJQ,KMJQ,True,,20060101,20250825
72659604978,726596,04978,MN,44.018,-92.831,3.711040796263928,KTOB,KTOB,True,,20060101,20250823
72660304974,726603,04974,MN,44.857,-93.033,2.9418825203005365,KSGS,KSGS,True,,20060101,20250825
72667904969,726679,04969,MN,45.698,-92.953,2.486147468166556,KROS,KROS,True,,20060101,20250825
72668254914,726682,54914,MN,45.56,-93.608,2.8164237533119314,KPNM,KPNM,True,,20060101,20250826
72744404979,727444,04979,MN,47.049,-91.745,2.5277247956399065,KTWM,KTWM,True,,20060101,20250825
72744904954,727449,04954,MN,46.419,-92.804,1.9332214765098088,KMZH,KMZH,True,,20060101,20250825
72745014913,727450,14913,MN,46.844,-92.187,4.525863708398869,KDLH,KDLH,True,,19480101,20250827
72745204912,727452,04912,MN,47.842,-96.621,4.579563588007495,KCKN,KCKN,True,,20060101,20250825
72745394967,727453,94967,MN,46.9,-95.067,4.0297522886373525,KPKD,KPKD,True,,19900111,20250827
72745404911,727454,04911,MN,47.838,-90.383,2.9933228021138025,KCKC,KCKC,True,,20060101,20250825
72745594931,727455,94931,MN,47.38,-92.832,3.13802952118071,KHIB,KHIB,True,,19730101,20250827
72745604919,727456,04919,MN,46.722,-92.043,4.766997326997214,KDYT,KDYT,True,,20060101,20250825
72745794962,727457,94962,MN,46.833,-95.883,3.9978785531248384,KDTL,KDTL,True,,20060101,20250825
72745894919,727458,94919,MN,47.211,-93.51,3.4424188222343197,KGPZ,KGPZ,True,,20060101,20250825
72745994964,727459,94964,MN,47.817,-91.833,2.548831138008337,KELO,KELO,True,,20060101,20250825
72746604918,727466,04918,MN,44.986,-96.043,4.415567939293084,KDXX,KDXX,True,,20060101,20250825
72746704926,727467,04926,MN,49.318,-94.903,3.938699380358579,KFGN,KFGN,True,,20060101,20250825
72746804928,727468,04928,MN,47.783,-93.65,2.506465205082224,KFOZ,KFOZ,True,,20060101,20250825
72746994992,727469,94992,MN,47.745,-90.346,2.8501902518573674,KGNA,KGNA,True,,20060101,20250827
72747014918,727470,14918,MN,48.559,-93.396,3.049076704545288,KINL,KINL,True,,19730101,20250827
72747394977,727473,94977,MN,48.267,-92.483,1.2534046981862217,KCDD,KCDD,True,,20060101,20250825
72747404923,727474,04923,MN,47.424,-92.498,2.6088987122809635,KEVM,KEVM,True,,20060101,20250825
72747504940,727475,04940,MN,45.886,-93.272,2.2189413875594943,KJMR,KJMR,True,,20060101,20250825
72747694961,727476,94961,MN,48.726,-94.612,3.7785303347278423,KBDE,KBDE,True,,19831104,20250827
72747704970,727477,04970,MN,48.856,-95.697,3.819480519479748,KROX,KROX,True,,20060101,20250825
72747804934,727478,04934,MN,48.753,-96.943,4.430001794365365,KHCO,KHCO,True,,20060101,20250825
72748604983,727486,04983,MN,48.154,-94.517,2.869523866850679,KVWU,KVWU,True,,20060101,20250825
72749704984,727497,04984,MN,46.99,-94.204,2.308649513872033,KXVG,KXVG,True,,20060101,20250826
72750304909,727503,04909,MN,45.559,-93.265,2.534380589006336,KCBG,KCBG,True,,20060101,20250825
72750494999,727504,94999,MN,46.548,-93.677,2.398783498945688,KAIT,KAIT,True,,20060101,20250826
72750504929,727505,04929,MN,47.593,-95.775,3.7038038038031145,KFSE,KFSE,True,,20060101,20250825
72750604952,727506,04952,MN,43.913,-95.109,4.515089195756275,KMWM,KMWM,True,,20060101,20250825
72750754904,727507,54904,MN,45.332,-95.651,4.192217806512378,KBBB,KBBB,True,,20060101,20250825
72750854915,727508,54915,MN,46.725,-94.382,2.540129238794899,KPWC,KPWC,True,,20060101,20250826
72751454910,727514,54910,MN,46.381,-94.806,3.029805270593476,KSAZ,KSAZ,True,,20060101,20250825
72751504982,727515,04982,MN,45.306,-96.424,2.786039830231626,KVVV,KVVV,True,,20060101,20250825
72751704932,727517,04932,MN,44.756,-94.081,1.911415678879266,KGYL,KGYL,True,,20060101,20250825
72753304922,727533,04922,MN,45.78,-96.545,3.841803124411372,KETH,KETH,True,,20060101,20250825
72755014958,727550,14958,MN,47.5,-94.933,3.6084879847720432,KBJI,KBJI,True,,20060101,20250825
72755594956,727555,94956,MN,48.067,-96.183,4.92444743935281,KTVF,KTVF,True,,20060101,20250825
72756604902,727566,04902,MN,43.665,-92.933,3.5959358866604,KAUM,KAUM,True,,20060101,20250825
74466799999,744667,99999,MN,46.091,-94.361,3.845390847383088,KRYM,KRYM,True,,20120713,20250824
99999900343,999999,00343,MN,44.017,-92.483,3.332565006971875,,,False,,20140731,20250825
99999904994,999999,04994,MN,48.306,-95.874,1.6113763066202134,,,False,,20030820,20250828
99999954932,999999,54932,MN,46.114,-92.994,1.4530139372822326,,,False,,20070622,20250828
A0735700182,A07357,00182,MN,45.986,-95.992,4.332736065471607,KY63,KY63,True,,20140731,20250825
72016900116,720169,00116,MO,38.583,-91.0,1.0797566539924226,KFYG,KFYG,True,,20120209,20250825
72030653879,720306,53879,MO,38.958,-94.371,4.486785043537522,KLXT,KLXT,True,,20060101,20250825
72033199999,720331,99999,MO,36.226,-90.037,3.7619508925844087,KTKX,KTKX,True,,20151210,20250824
72047599999,720475,99999,MO,40.353,-94.915,3.814565861655105,KEVU,KEVU,True,,20170105,20250824
72047600455,720476,00455,MO,39.725,-91.444,2.9357900943391244,KHAE,KHAE,True,,20121115,20250825
72047799999,720477,99999,MO,37.648,-92.652,3.1173634421721017,KLBO,KLBO,True,,20170630,20250824
72047899999,720478,99999,MO,38.611,-94.342,2.852340083970865,KLRY,KLRY,True,,20161216,20250821
72047900149,720479,00149,MO,36.9,-94.017,3.669007163577501,KHFJ,KHFJ,True,,20090201,20250825
72048103817,720481,03817,MO,36.6,-89.983,3.3044837039287547,KMAW,KMAW,True,,20200110,20250824
72048299999,720482,99999,MO,39.464,-92.427,3.724299805162411,KMBY,KMBY,True,,20170924,20250824
72048399999,720483,99999,MO,39.096,-93.203,3.176848913838811,KMHL,KMHL,True,,20141202,20250824
72048499999,720484,99999,MO,39.158,-91.818,3.5099293909968288,KMYJ,KMYJ,True,,20160426,20250824
72048799999,720487,99999,MO,38.347,-93.345,2.924114308083521,KRAW,KRAW,True,,20170908,20250824
72048899999,720488,99999,MO,36.899,-89.562,3.0263428047656764,KSIK,KSIK,True,,20150128,20250824
72048999999,720489,99999,MO,38.233,-91.164,2.7168965287489644,KUUV,KUUV,True,,20221109,20250824
72061600207,720616,00207,MO,36.533,-93.2,1.9108530158110597,KBBG,KBBG,True,,20090201,20250825
72063600222,720636,00222,MO,38.35,-93.683,2.9454953889802926,KGLY,KGLY,True,,20090511,20250825
72086900295,720869,00295,MO,38.947,-92.683,2.769256873744305,KVER,KVER,True,,20101203,20250826
72094900329,720949,00329,MO,37.974,-92.691,3.115476493010855,KH21,KH21,True,,20110630,20250824
72104500354,721045,00354,MO,39.332,-94.31,2.2350329329715355,KGPH,KGPH,True,,20120821,20250825
72236700363,722367,00363,MO,38.783,-93.8,2.909243444791389,KRCM,KRCM,True,,20071016,20250825
72329003935,723290,03935,MO,37.225,-89.579,3.3846880907371206,KCGI,KCGI,True,,20100801,20250827
72330003975,723300,03975,MO,36.77,-90.322,3.089224137930968,KPOF,KPOF,True,,20060101,20250827
72348453901,723484,53901,MO,36.879,-91.905,2.940115896220116,KUNO,KUNO,True,,20060101,20250827
72349513987,723495,13987,MO,37.152,-94.495,3.950049807883708,KJLN,KJLN,True,,19730101,20250827
72434013994,724340,13994,MO,38.752,-90.373,3.987742882963955,KSTL,KSTL,True,,19730101,20250827
72434503966,724345,03966,MO,38.658,-90.656,2.8083047455689174,KSUS,KSUS,True,,19730101,20250827
72434753904,724347,53904,MO,38.93,-90.433,3.472426725934031,KSET,KSET,True,,20060101,20250827
72440013995,724400,13995,MO,37.24,-93.39,4.299921321793462,KSGF,KSGF,True,,19730101,20250825
72442013997,724420,13997,MO,38.132,-91.765,3.963513135829853,KVIH,KVIH,True,,20050101,20250827
72445003945,724450,03945,MO,38.817,-92.215,4.080211019929304,KCOU,KCOU,True,,19730101,20250825
72445303994,724453,03994,MO,38.712,-93.175,4.001609942098377,KDMO,KDMO,True,,20060101,20250827
72445493996,724454,93996,MO,37.761,-90.428,3.082124044180206,KFAM,KFAM,True,,19950210,20250825
72445514938,724455,14938,MO,40.097,-92.547,3.638714859437585,KIRK,KIRK,True,,19730101,20250826
72445703938,724457,03938,MO,37.75,-92.15,3.0096692111957646,KTBN,KTBN,True,,19630320,20250825
72445803963,724458,03963,MO,38.595,-92.157,3.045597935187802,KJEF,KJEF,True,,20060101,20250827
72445953931,724459,53931,MO,38.096,-92.553,2.616794007490736,KAIZ,KAIZ,True,,20060101,20250825
72446003947,724460,03947,MO,39.297,-94.731,4.443386057410234,KMCI,KMCI,True,,19730101,20250827
72446313988,724463,13988,MO,39.128,-94.589,3.704833882071117,KMKC,KMKC,True,,19900208,20250827
72446453916,724464,53916,MO,39.82,-93.577,2.2984155891459994,KCDJ,KCDJ,True,,20060101,20250827
72446603929,724466,03929,MO,38.844,-94.56,6.046682218765769,KGVW,KGVW,True,,19540327,20250825
72446713930,724467,13930,MO,38.717,-93.55,3.9714681091958783,KSZL,KSZL,True,,19421201,20250825
72449013993,724490,13993,MO,39.768,-94.91,3.749938144329749,KSTJ,KSTJ,True,,19440301,20250827
99999913301,999999,13301,MO,39.867,-93.147,2.360738547291409,,,False,,20050611,20250828
99999923908,999999,23908,MO,37.428,-94.583,1.946524995645363,,,False,,20070525,20250828
99999923909,999999,23909,MO,37.634,-91.723,1.1812717770034868,,,False,,20070517,20250828
A5125600451,A51256,00451,MO,36.699,-93.402,2.642486599716081,KFWB,KFWB,True,,20140731,20250825
72054153806,720541,53806,MS,34.383,-89.55,2.317567292006426,KUOX,KUOX,True,,20090101,20250825
72070853849,720708,53849,MS,32.8,-88.833,2.8414906027219,KNJW,KNJW,True,,20200713,20250825
72076900275,720769,00275,MS,33.433,-88.849,1.8514375230369973,KSTF,KSTF,True,,20130101,20250825
72077699999,720776,99999,MS,31.673,-89.172,2.60979501583649,KLUL,KLUL,True,,20121118,20250824
72078700278,720787,00278,MS,32.304,-90.411,1.754670680532766,KJVW,KJVW,True,,20110402,20250825
72092400311,720924,00311,MS,34.915,-88.604,2.5165668189093444,KCRX,KCRX,True,,20110125,20250825
72092700314,720927,00314,MS,34.3,-90.512,3.13803341747747,KCKM,KCKM,True,,20110311,20250825
72093200317,720932,00317,MS,31.606,-90.409,1.6479290659539425,K1R7,K1R7,True,,20110402,20250825
72213863852,722138,63852,MS,30.368,-89.455,3.250291375291511,KHSA,KHSA,True,,20050101,20250825
72216563808,722165,63808,MS,34.979,-89.787,3.232530839633584,KOLV,KOLV,True,,20050101,20250825
72234013865,722340,13865,MS,32.335,-88.751,2.659359316604247,KMEI,KMEI,True,,19420301,20250826
72234499999,722344,99999,MS,33.146,-89.062,2.416348376109512,KLMS,KLMS,True,,19810220,20250824
72234503866,722345,03866,MS,32.55,-88.567,2.345363408521429,KNMM,KNMM,True,,19730101,20250826
72234853808,722348,53808,MS,31.467,-89.333,2.207898913441648,KPIB,KPIB,True,,20060101,20250825
72234999999,722349,99999,MS,30.487,-89.651,2.8520700346527232,KMJD,KMJD,True,,20200624,20250616
72235003940,722350,03940,MS,32.32,-90.078,3.029800374986022,KJAN,KJAN,True,,19420901,20250827
72235413927,722354,13927,MS,32.338,-90.221,2.8153365906622905,KHKS,KHKS,True,,20050101,20250827
72235593999,722355,93999,MS,32.233,-90.933,2.275266086114806,KVKS,KVKS,True,,20130319,20250825
72235703961,722357,03961,MS,31.617,-91.283,2.8702372788368966,KHEZ,KHEZ,True,,20060101,20250825
72235893919,722358,93919,MS,31.182,-90.472,2.617845415508949,KMCB,KMCB,True,,19730101,20250827
72236423903,722364,23903,MS,34.681,-90.347,3.5760137167602304,KUTA,KUTA,True,,20050104,20250825
72330613825,723306,13825,MS,33.65,-88.45,2.8051309202924446,KCBM,KCBM,True,,19420301,20250825
72330753893,723307,53893,MS,33.45,-88.583,2.9967331637433885,KGTR,KGTR,True,,20060101,20250825
72332093862,723320,93862,MS,34.262,-88.771,2.870815450643589,KTUP,KTUP,True,,19910301,20250827
72502300474,725023,00474,MS,33.861,-90.758,3.806852292019695,KRNV,KRNV,True,,20130318,20250825
74694100389,746941,00389,MS,33.873,-88.49,2.0475164067671603,KM40,KM40,True,,20120110,20250826
74757093874,747570,93874,MS,30.412,-89.081,3.1141131595675966,KGPT,KGPT,True,,20050101,20250827
74758013978,747580,13978,MS,33.496,-90.089,2.675136537411262,KGWO,KGWO,True,,20050101,20250827
74759013833,747590,13833,MS,31.27,-89.256,2.2968762002305207,KHBG,KHBG,True,,20050101,20250827
74768013939,747680,13939,MS,33.494,-90.981,3.8155294117645218,KGLH,KGLH,True,,20050101,20250827
74768613820,747686,13820,MS,30.417,-88.917,3.4470164721280177,KBIX,KBIX,True,,19420509,20250825
74768853858,747688,53858,MS,30.463,-88.532,2.169929753002524,KPQL,KPQL,True,,20040101,20250827
99817199999,998171,99999,MS,30.35,-88.417,3.935517551755146,,,False,,20100101,20250824
99820199999,998201,99999,MS,30.35,-88.567,0.0,,,False,,20080721,20250824
99821999999,998219,99999,MS,30.317,-89.317,3.820625113574416,,,False,,20081022,20250824
99999923803,999999,23803,MS,34.822,-89.435,0.9364222260930172,,,False,,20080201,20250828
99999963831,999999,63831,MS,32.338,-89.07,1.2632119839749227,,,False,,20021103,20250828
72075999999,720759,99999,MT,46.255,-114.125,2.502940816825205,KHRF,KHRF,True,,20190410,20250824
72099499999,720994,99999,MT,47.283,-110.8,4.301816488122714,K1AM,K1AM,True,,20131025,20250824
72099599999,720995,99999,MT,47.283,-110.367,4.966704336770478,K1BM,K1BM,True,,20120920,20250824
72099699999,720996,99999,MT,47.1,-110.167,4.677495987158766,K1CM,K1CM,True,,20120601,20250824
72099799999,720997,99999,MT,47.383,-109.817,5.252252982740207,K1DM,K1DM,True,,20131025,20250824
72099899999,720998,99999,MT,47.45,-109.417,5.31653289048744,K1EM,K1EM,True,,20120717,20250824
72099999999,720999,99999,MT,47.6,-112.317,4.99166666666655,K1FM,K1FM,True,,20120614,20250612
72100199999,721001,99999,MT,47.333,-112.1,4.963345367027281,K1GM,K1GM,True,,20131025,20250824
72100299999,721002,99999,MT,47.7,-111.95,3.8989752561857434,K1HM,K1HM,True,,20130625,20250824
72100399999,721003,99999,MT,47.317,-111.467,3.580214704780759,K1IM,K1IM,True,,20120920,20250824
72100499999,721004,99999,MT,47.75,-111.55,4.414842559674659,K1JM,K1JM,True,,20120504,20250824
72100599999,721005,99999,MT,46.45,-109.8,8.327196017726116,K1KM,K1KM,True,,20120921,20250824
72100799999,721007,99999,MT,47.017,-109.633,4.379958027282112,K1MM,K1MM,True,,20120614,20250824
72100899999,721008,99999,MT,47.067,-109.033,4.712753756164375,K1NM,K1NM,True,,20120619,20250824
72100999999,721009,99999,MT,47.333,-108.933,6.164050199657315,K1OM,K1OM,True,,20131025,20250824
72667624087,726676,24087,MT,47.133,-104.8,4.897893569844572,KGDV,KGDV,True,,20060101,20250822
72676494163,726764,94163,MT,44.683,-111.117,2.488657867071591,KWYS,KWYS,True,,20060608,20250825
72677024033,726770,24033,MT,45.807,-108.546,4.592570189454019,KBIL,KBIL,True,,19350501,20250827
72677624036,726776,24036,MT,47.054,-109.457,3.943562932949672,KLWT,KLWT,True,,19420401,20250827
72677794055,726777,94055,MT,46.352,-104.261,5.409725749110867,KBHK,KBHK,True,,20060101,20250827
72679724132,726797,24132,MT,45.788,-111.162,2.63277951790823,KBZN,KBZN,True,,19730101,20250827
72679824150,726798,24150,MT,45.698,-110.442,5.860656827549176,KLVM,KLVM,True,,19730101,20250827
72768094008,727680,94008,MT,48.214,-106.621,4.895883520846796,KGGW,KGGW,True,,19421210,20250827
72768494051,727684,94051,MT,47.326,-106.949,3.91950963222413,KJDN,KJDN,True,,20060101,20250827
72768694017,727686,94017,MT,48.094,-105.578,3.924293040292872,KOLF,KOLF,True,,20060101,20250827
72768794028,727687,94028,MT,47.717,-104.183,4.311442122424597,KSDY,KSDY,True,,20060101,20250825
72769024137,727690,24137,MT,48.604,-112.377,5.364481203007243,KCTB,KCTB,True,,20050101,20250827
72770024138,727700,24138,MT,45.258,-112.555,3.855800937830727,KDLN,KDLN,True,,20050101,20250827
72772024144,727720,24144,MT,46.604,-111.989,3.03051483522915,KHLN,KHLN,True,,19730101,20250827
72773024153,727730,24153,MT,46.921,-114.094,2.183810584958227,KMSO,KMSO,True,,19730101,20250827
72774024135,727740,24135,MT,45.964,-112.501,2.5566342141864373,KBTM,KBTM,True,,20050101,20250827
72775024143,727750,24143,MT,47.473,-111.383,4.678656631638478,KGTF,KGTF,True,,19730101,20250825
72775524112,727755,24112,MT,47.517,-111.183,4.0497038437300645,KGFA,KGFA,True,,19421201,20250825
72776099999,727760,99999,MT,47.45,-111.383,4.761648351648423,,,False,,19940921,20250824
72777094012,727770,94012,MT,48.543,-109.764,4.563791480347938,KHVR,KHVR,True,,19730101,20250827
72779024146,727790,24146,MT,48.304,-114.264,2.306126427179171,KGPI,KGPI,True,,19730101,20250825
74230024037,742300,24037,MT,46.426,-105.883,4.545079923742229,KMLS,KMLS,True,,19830531,20250827
99999904130,999999,04130,MT,48.741,-113.433,2.629423043402469,,,False,,20030925,20250828
99999904137,999999,04137,MT,45.158,-113.006,2.2088214783821485,,,False,,20070728,20250828
99999904140,999999,04140,MT,46.885,-110.29,2.2056883615424923,,,False,,20080727,20250828
99999994059,999999,94059,MT,48.489,-105.21,4.356116742397776,,,False,,20011220,20250828
99999994060,999999,94060,MT,48.308,-105.102,2.62942817294282,,,False,,20011220,20250828
72027493799,720274,93799,NC,34.273,-78.715,1.8030318401744103,KCPC,KCPC,True,,20060101,20250825
72027763843,720277,63843,NC,35.256,-81.601,1.7381677018629986,KEHO,KEHO,True,,20060101,20250825
72027903705,720279,03705,NC,34.602,-78.578,2.782439138759324,KEYF,KEYF,True,,20060101,20250825
72028203736,720282,03736,NC,36.018,-75.671,2.8116627725853145,KFFA,KFFA,True,,20060101,20250825
72028803711,720288,03711,NC,36.361,-78.529,2.0215690875664865,KHNZ,KHNZ,True,,20060101,20250825
72064900231,720649,00231,NC,36.33,-77.635,2.1449840702458167,KIXA,KIXA,True,,20090722,20250826
72086400290,720864,00290,NC,35.937,-77.547,2.1602875077489854,KETC,KETC,True,,20101122,20250826
72096800340,720968,00340,NC,35.704,-79.504,1.3612873540948616,K5W8,K5W8,True,,20111215,20250824
72207303727,722073,03727,NC,34.976,-78.364,1.49867575311673,KCTZ,KCTZ,True,,20060101,20250825
72207953888,722079,53888,NC,35.781,-80.304,1.360198119413151,KEXX,KEXX,True,,20060101,20250826
72212853899,722128,53899,NC,35.483,-81.161,1.539582766791986,KIPJ,KIPJ,True,,20060101,20250826
72213103713,722131,03713,NC,35.541,-78.39,1.7225081509078863,KJNX,KJNX,True,,20060101,20250825
72213263801,722132,63801,NC,35.39,-80.707,1.463710319214875,KJQF,KJQF,True,,20060101,20250825
72214103731,722141,03731,NC,36.023,-78.33,1.4725016455644502,KLHZ,KLHZ,True,,20050101,20250826
72214863824,722148,63824,NC,35.417,-80.151,1.8004596984685777,KVUJ,KVUJ,True,,20060101,20250826
72217763811,722177,63811,NC,35.195,-83.865,1.004510378656516,KRHP,KRHP,True,,20060101,20250826
72219103721,722191,03721,NC,33.929,-78.075,3.898344383700263,KSUT,KSUT,True,,20050101,20250825
72219303722,722193,03722,NC,36.285,-78.984,1.828854198945986,KTDF,KTDF,True,,20060101,20250826
72219863819,722198,63819,NC,36.2,-81.65,3.06555041628083,KTNB,KTNB,True,,20020902,20250825
72220103723,722201,03723,NC,35.582,-79.101,1.5362114298968594,KTTA,KTTA,True,,20060101,20250826
72224303738,722243,03738,NC,34.891,-79.759,2.125545122381899,KRCZ,KRCZ,True,,20061024,20250825
72301003810,723010,03810,NC,35.742,-81.382,2.1281098339720264,KHKY,KHKY,True,,20050101,20250827
72302013748,723020,13748,NC,34.267,-77.9,3.640735231618864,KILM,KILM,True,,20050101,20250827
72303013714,723030,13714,NC,35.174,-79.009,2.828859402908613,KPOB,KPOB,True,,19370703,20250825
72303493747,723034,93747,NC,35.033,-79.5,2.696594778660386,KHFF,KHFF,True,,20060103,20250825
72303593740,723035,93740,NC,34.99,-78.88,3.3462433283151696,KFAY,KFAY,True,,20060101,20250827
72303793765,723037,93765,NC,34.733,-76.657,4.644195005313208,KMRH,KMRH,True,,20060101,20250827
72304613766,723046,13766,NC,35.917,-75.702,4.3725715654575055,KMQI,KMQI,True,,20050101,20250825
72305563816,723055,63816,NC,35.765,-80.957,1.8513883502671775,KSVH,KSVH,True,,20060101,20250826
72306013722,723060,13722,NC,35.892,-78.782,2.8363903586124373,KRDU,KRDU,True,,19451101,20250827
72306200370,723062,00370,NC,35.02,-76.46,5.118709337084431,KNBT,KNBT,True,,20210906,20250825
72306513783,723065,13783,NC,35.633,-77.383,2.465253413200973,KPGV,KPGV,True,,20050101,20250825
72306613713,723066,13713,NC,35.344,-77.965,2.992994883903884,KGSB,KGSB,True,,19430601,20250825
72306793726,723067,93726,NC,35.317,-77.633,2.258497330889762,KISO,KISO,True,,19730608,20250825
72306893759,723068,93759,NC,35.85,-77.895,2.5592573014404905,KRWI,KRWI,True,,20060101,20250827
72306993753,723069,93753,NC,34.833,-77.617,2.783023803295793,KOAJ,KOAJ,True,,20060101,20250826
72307013786,723070,13786,NC,36.258,-76.172,4.246743810548773,KECG,KECG,True,,20050101,20250827
72307403703,723074,03703,NC,36.028,-76.567,2.974191925056945,KEDE,KEDE,True,,20060101,20250825
72307993796,723079,93796,NC,36.298,-77.171,1.8476370736368104,KASJ,KASJ,True,,20060101,20250826
72309013754,723090,13754,NC,34.9,-76.883,4.158118361153055,KNKT,KNKT,True,,19730101,20250825
72309593719,723095,93719,NC,35.068,-77.048,3.28900013002195,KEWN,KEWN,True,,19730101,20250827
72309693727,723096,93727,NC,34.708,-77.44,3.470912183712714,KNCA,KNCA,True,,19730101,20250825
72309793743,723097,93743,NC,34.683,-77.033,4.104817741524544,KNJM,KNJM,True,,19870504,20250821
72310813776,723108,13776,NC,34.608,-79.059,2.9358551359710297,KLBT,KLBT,True,,19980902,20250827
72310993782,723109,93782,NC,34.791,-79.368,3.1330317945987862,KMEB,KMEB,True,,20060101,20250827
72313993729,723139,93729,NC,35.232,-75.622,3.999133910725916,KHSE,KHSE,True,,19960101,20250827
72314013881,723140,13881,NC,35.223,-80.954,3.0513760420232905,KCLT,KCLT,True,,19410722,20250827
72314303720,723143,03720,NC,35.237,-79.391,2.694803548795975,KSOP,KSOP,True,,20060101,20250825
72314453890,723144,53890,NC,35.428,-81.935,1.6501289417723632,KFQD,KFQD,True,,20060101,20250825
72314653892,723146,53892,NC,36.432,-81.419,2.4882052472714298,KGEV,KGEV,True,,20060101,20250825
72314753870,723147,53870,NC,35.197,-81.156,1.846851319571592,KAKH,KAKH,True,,20060101,20250827
72314863859,723148,63859,NC,35.821,-81.611,0.860338152800796,KMRN,KMRN,True,,20060101,20250826
72315003812,723150,03812,NC,35.432,-82.538,2.749780455427188,KAVL,KAVL,True,,19730101,20250827
72315663812,723156,63812,NC,35.646,-80.52,1.888972557543326,KRUQ,KRUQ,True,,20050101,20250826
72316563821,723165,63821,NC,36.223,-81.098,1.339600777808461,KUKF,KUKF,True,,20060101,20250826
72317013723,723170,13723,NC,36.097,-79.943,3.335467305716936,KGSO,KGSO,True,,19451101,20250827
72317493783,723174,93783,NC,36.048,-79.474,2.325545130170567,KBUY,KBUY,True,,20060101,20250827
72317763807,723177,63807,NC,36.46,-80.553,1.3264361536057867,KMWK,KMWK,True,,20060101,20250826
72319393807,723193,93807,NC,36.133,-80.224,2.434895408856373,KINT,KINT,True,,19900208,20250827
72319453872,723194,53872,NC,35.015,-80.624,2.6306804455777897,KEQY,KEQY,True,,20060101,20250827
72362603737,723626,03737,NC,36.399,-76.016,2.8103413498832857,KONX,KONX,True,,20050101,20250825
72529400383,725294,00383,NC,35.017,-80.083,1.2626765195185072,KAFP,KAFP,True,,20070521,20250825
74207703763,742077,03763,NC,36.437,-79.851,1.313916585838803,KSIF,KSIF,True,,20061024,20250826
74692503741,746925,03741,NC,35.57,-77.05,2.591885607997528,KOCW,KOCW,True,,20060101,20250825
74692903702,746929,03702,NC,35.0,-77.982,2.330035657685623,KDPL,KDPL,True,,20060101,20250825
74693093737,746930,93737,NC,35.133,-78.933,2.448061886541105,KFBG,KFBG,True,,19610701,20250825
74693503709,746935,03709,NC,35.654,-79.895,1.711513834451893,KHBI,KHBI,True,,20060101,20250825
74693603712,746936,03712,NC,35.379,-78.734,2.351300507115395,KHRJ,KHRJ,True,,20060101,20250826
74694003708,746940,03708,NC,35.46,-77.965,2.4832637941112834,KGWW,KGWW,True,,20060101,20250825
99707799999,997077,99999,NC,33.842,-78.476,0.0,,,False,,20120404,20250824
99820999999,998209,99999,NC,36.183,-75.75,5.9871212121211,,,False,,20100101,20250824
99842699999,998426,99999,NC,35.209,-75.704,5.198646942088996,,,False,,20100820,20250824
99999900370,999999,00370,NC,35.02,-76.46,5.071812906628984,,,False,,20140731,20250825
99999903758,999999,03758,NC,35.971,-79.093,1.2861726242371394,,,False,,20070329,20250828
99999953877,999999,53877,NC,35.495,-82.614,0.522991110336409,,,False,,20001120,20250828
99999953878,999999,53878,NC,35.419,-82.557,1.3592018124782177,,,False,,20001121,20250828
A0000363844,A00003,63844,NC,35.223,-83.419,1.0103827540695365,K1A5,K1A5,True,,20060101,20250820
72049100150,720491,00150,ND,46.217,-97.633,5.295740855548673,KGWR,KGWR,True,,20140701,20250825
72073700266,720737,00266,ND,47.451,-99.151,5.158875633973448,K46D,K46D,True,,20100610,20250825
72085300281,720853,00281,ND,48.884,-99.621,5.229842869137625,K06D,K06D,True,,20101118,20250825
72085400282,720854,00282,ND,46.925,-103.982,4.904217350621156,K20U,K20U,True,,20101118,20250825
72085500283,720855,00283,ND,48.784,-97.632,4.181789448090854,K2C8,K2C8,True,,20101118,20250825
72085800285,720858,00285,ND,48.48,-99.236,3.195238095238094,K9D7,K9D7,True,,20101118,20250808
72086100287,720861,00287,ND,48.929,-103.297,4.830102134425855,KD50,KD50,True,,20101118,20250825
72086300289,720863,00289,ND,48.381,-102.898,4.872235209494569,KD60,KD60,True,,20101118,20250825
72086500291,720865,00291,ND,48.405,-97.371,4.859377167963511,KGAF,KGAF,True,,20101118,20250825
72086600292,720866,00292,ND,47.29,-101.581,3.719498069497397,KHZE,KHZE,True,,20101118,20250825
72086700293,720867,00293,ND,48.39,-100.024,4.741417603509139,KRUG,KRUG,True,,20101210,20250822
72086800294,720868,00294,ND,47.796,-103.254,4.040124426189187,KS25,KS25,True,,20101210,20250825
72087100296,720871,00296,ND,46.768,-100.894,4.919948295556954,KY19,KY19,True,,20101118,20250825
72089599999,720895,99999,ND,46.813,-101.86,4.2997013105755935,KD57,KD57,True,,20131016,20250824
72090900300,720909,00300,ND,48.301,-102.406,4.831328713467812,K08D,K08D,True,,20101207,20250825
72091100301,720911,00301,ND,46.942,-98.018,4.942342229199127,KBAC,KBAC,True,,20101215,20250825
72093300318,720933,00318,ND,46.218,-100.245,4.322838538526031,K7L2,K7L2,True,,20110513,20250825
72101299999,721012,99999,ND,47.909,-100.927,4.738790837401589,,,False,,20121030,20250824
72101499999,721014,99999,ND,47.795,-101.299,6.192959337349072,,,False,,20121031,20250824
72101599999,721015,99999,ND,47.751,-101.674,5.319944193462317,,,False,,20121101,20250824
72101799999,721017,99999,ND,48.12,-101.96,5.192972378391147,,,False,,20121024,20250824
72101899999,721018,99999,ND,47.974,-102.223,4.013171376631881,,,False,,20120821,20250802
72101999999,721019,99999,ND,48.345,-102.304,5.489364900412999,,,False,,20120823,20250824
72102199999,721021,99999,ND,48.412,-101.892,6.087254688180907,,,False,,20121002,20250824
72102299999,721022,99999,ND,48.551,-102.12,5.092864749733865,,,False,,20120927,20250824
72102399999,721023,99999,ND,48.789,-102.269,5.556407702522776,,,False,,20121023,20250824
72102499999,721024,99999,ND,48.673,-101.882,5.755752333882112,,,False,,20120925,20250824
72102599999,721025,99999,ND,48.76,-101.592,5.25382173382131,,,False,,20121023,20250824
72102699999,721026,99999,ND,48.825,-101.283,5.12387661843069,,,False,,20120926,20250824
72200454922,722004,54922,ND,46.244,-96.607,4.626241992021961,KBWP,KBWP,True,,20060101,20250825
72285700368,722857,00368,ND,48.941,-97.903,3.926672667265992,K96D,K96D,True,,20101118,20250825
72753014914,727530,14914,ND,46.924,-96.812,5.139821911631604,KFAR,KFAR,True,,19480101,20250827
72753514919,727535,14919,ND,46.926,-98.67,5.0125378892253885,KJMS,KJMS,True,,19730101,20250827
72757014916,727570,14916,ND,47.943,-97.183,4.92546189376417,KGFK,KGFK,True,,20100801,20250827
72757394928,727573,94928,ND,48.117,-98.9,5.180082815734695,KDVL,KDVL,True,,20060101,20250825
72757594925,727575,94925,ND,47.967,-97.4,4.747706766916907,KRDR,KRDR,True,,19590303,20250825
72758494038,727584,94038,ND,46.011,-102.652,4.761126373626114,KHEI,KHEI,True,,20060101,20250827
72763024012,727630,24012,ND,46.8,-102.797,5.267683418435491,KDIK,KDIK,True,,20050101,20250827
72764024011,727640,24011,ND,46.782,-100.758,4.205395189003098,KBIS,KBIS,True,,19360701,20250827
72767594011,727675,94011,ND,48.417,-101.35,5.198644338117674,KMIB,KMIB,True,,19591001,20250825
72767624013,727676,24013,ND,48.252,-101.269,5.137640983828966,KMOT,KMOT,True,,19730101,20250827
72767794041,727677,94041,ND,47.646,-101.441,4.29423641703369,KN60,KN60,True,,20060101,20250827
99999954937,999999,54937,ND,46.77,-99.478,3.4249386610585364,,,False,,20080729,20250828
99999994080,999999,94080,ND,46.895,-103.377,3.038099389712299,,,False,,20040918,20250828
99999994084,999999,94084,ND,48.968,-102.17,3.4793307772743174,,,False,,20061017,20250828
A0714100327,A07141,00327,ND,47.423,-98.106,5.881218731238191,KS32,KS32,True,,20150926,20250525
72030804992,720308,04992,NE,41.196,-96.112,2.93905225810278,KMLE,KMLE,True,,20060101,20250825
72040500436,720405,00436,NE,41.412,-96.109,4.100649544126732,KBTA,KBTA,True,,20090101,20250825
72084699999,720846,99999,NE,42.112,-98.039,4.519170860292117,K4V9,K4V9,True,,20241031,20250824
72094200323,720942,00323,NE,41.233,-96.6,4.216880723034421,KAHQ,KAHQ,True,,20110517,20250825
72097899999,720978,99999,NE,41.517,-104.0,6.318374368346961,,,False,,20130226,20250824
72097999999,720979,99999,NE,41.583,-103.667,5.512182448037014,,,False,,20130226,20250824
72098199999,720981,99999,NE,41.367,-103.8,6.1148606811145445,,,False,,20130731,20250824
72098299999,720982,99999,NE,41.117,-103.983,5.8241578070957845,,,False,,20131218,20250824
72098399999,720983,99999,NE,41.367,-103.483,5.807189542483652,,,False,,20141215,20250824
72098499999,720984,99999,NE,41.217,-103.1,5.33555223880571,,,False,,20140514,20250824
72098599999,720985,99999,NE,41.317,-102.833,5.542670124737118,,,False,,20130816,20250824
72098699999,720986,99999,NE,41.05,-102.867,6.106774193548375,,,False,,20130828,20250824
72098899999,720988,99999,NE,41.133,-103.483,6.212962725758514,K1KW,K1KW,True,,20141215,20250824
72212404998,722124,04998,NE,40.149,-97.587,3.4447672659034163,KHJH,KHJH,True,,20060101,20250825
72221194087,722211,94087,NE,41.964,-100.569,4.16443581140693,KTIF,KTIF,True,,20060101,20250826
72224154925,722241,54925,NE,42.242,-96.983,4.340667294338887,KLCG,KLCG,True,,20060101,20250825
72229100470,722291,00470,NE,40.948,-95.917,3.964189588005484,KPMV,KPMV,True,,20061121,20250825
72344154921,723441,54921,NE,41.73,-98.054,3.762377754211717,KBVN,KBVN,True,,20060101,20250825
72550014942,725500,14942,NE,41.312,-95.902,4.748201014509473,KOMA,KOMA,True,,19740419,20250827
72551014939,725510,14939,NE,40.848,-96.765,4.603399009102026,KLNK,KLNK,True,,19421001,20250827
72551214989,725512,14989,NE,40.894,-97.626,4.796250892644527,KJYR,KJYR,True,,20060101,20250825
72551304901,725513,04901,NE,40.893,-97.997,4.7379921870153705,KAUH,KAUH,True,,20060101,20250825
72551594947,725515,94947,NE,40.301,-96.754,3.901518566851909,KBIE,KBIE,True,,20060101,20250825
72552014935,725520,14935,NE,40.961,-98.313,5.129847738467929,KGRI,KGRI,True,,19440301,20250827
72552494958,725524,94958,NE,41.623,-98.949,4.213070453605213,KODX,KODX,True,,20060101,20250827
72552594949,725525,94949,NE,40.6,-98.426,4.85366612353701,KHSI,KHSI,True,,20060101,20250827
72552614905,725526,14905,NE,40.733,-99.0,5.2967631774309964,KEAR,KEAR,True,,20060101,20250825
72552794978,725527,94978,NE,41.763,-96.18,4.675856370192082,KTQE,KTQE,True,,20060101,20250827
72553394957,725533,94957,NE,40.079,-95.589,3.933879310344656,KFNB,KFNB,True,,20000101,20250827
72554014949,725540,14949,NE,41.117,-95.917,3.989910218041728,KOFF,KOFF,True,,19480112,20250825
72554104993,725541,04993,NE,40.606,-95.864,4.29743604926538,KAFK,KAFK,True,,20060101,20250825
72555594946,725555,94946,NE,41.437,-99.639,4.62636968085082,KBBW,KBBW,True,,20060101,20250827
72555694975,725556,94975,NE,42.577,-100.001,4.616437952765034,KANW,KANW,True,,20060101,20250825
72556014941,725560,14941,NE,41.98,-97.434,4.740843360193863,KOFK,KOFK,True,,19730101,20250827
72556404924,725564,04924,NE,41.449,-96.52,3.789154103851912,KFET,KFET,True,,20060101,20250825
72556594951,725565,94951,NE,41.448,-97.343,4.525212423087993,KOLU,KOLU,True,,20060101,20250825
72556604957,725566,04957,NE,42.47,-98.688,4.560867768594873,KONL,KONL,True,,20060101,20250825
72561024030,725610,24030,NE,41.099,-102.986,5.418421052631216,KSNY,KSNY,True,,19770827,20250827
72562024023,725620,24023,NE,41.122,-100.669,4.101898289195849,KLBF,KLBF,True,,19730101,20250827
72562194063,725621,94063,NE,41.119,-101.768,4.064554707378496,KOGA,KOGA,True,,20060101,20250826
72562414994,725624,14994,NE,40.789,-99.771,4.371708733261971,KLXN,KLXN,True,,20050101,20250826
72562594040,725625,94040,NE,40.204,-100.59,4.930811290083997,KMCK,KMCK,True,,20060101,20250827
72562624091,725626,24091,NE,40.511,-101.624,5.069215262778703,KIML,KIML,True,,19730401,20250827
72562804935,725628,04935,NE,40.45,-99.339,4.736939749101806,KHDE,KHDE,True,,20060101,20250826
72563524044,725635,24044,NE,42.057,-102.802,5.27404548587149,KAIA,KAIA,True,,20060101,20250827
72563624017,725636,24017,NE,42.837,-103.098,4.084639220894015,KCDR,KCDR,True,,19730101,20250827
72563799999,725637,99999,NE,42.806,-102.175,3.686555528903255,KGRN,KGRN,True,,19740101,20250824
72566024028,725660,24028,NE,41.875,-103.601,4.568048359239664,KBFF,KBFF,True,,19430113,20250826
72566594073,725665,94073,NE,41.189,-103.671,4.726543538743697,KIBM,KIBM,True,,20060101,20250826
72567024032,725670,24032,NE,42.859,-100.551,4.702305409723351,KVTN,KVTN,True,,19480101,20250827
99999994077,999999,94077,NE,42.425,-103.736,2.705998256320844,,,False,,20030827,20250828
99999994079,999999,94079,NE,42.068,-101.445,4.767093043630638,,,False,,20040912,20250828
99999994995,999999,94995,NE,40.848,-96.565,0.9516044645971422,,,False,,20020115,20250828
99999994996,999999,94996,NE,40.695,-96.854,2.771281604184825,,,False,,20020114,20250828
72605014745,726050,14745,NH,43.205,-71.503,2.6772917977762454,KCON,KCON,True,,19730101,20250827
72605504743,726055,04743,NH,43.083,-70.817,3.363699336772208,KPSM,KPSM,True,,20060101,20250826
72605654791,726056,54791,NH,43.279,-70.924,2.235398230088572,KDAW,KDAW,True,,20060101,20250827
72611694765,726116,94765,NH,43.627,-72.305,1.953623358349076,KLEB,KLEB,True,,19930101,20250827
72613014755,726130,14755,NH,44.27,-71.303,15.909445585215668,KMWN,KMWN,True,,20060101,20250824
72615554736,726155,54736,NH,43.567,-71.433,2.8085681753487237,KLCI,KLCI,True,,20060101,20250825
72616094700,726160,94700,NH,44.576,-71.178,1.616123535676353,KBML,KBML,True,,20060101,20250827
72616354770,726163,54770,NH,42.807,-72.001,1.973645258404545,KAFN,KAFN,True,,20060101,20250827
72616454728,726164,54728,NH,44.366,-71.552,1.8340497058471472,KHIE,KHIE,True,,20050101,20250827
72616594721,726165,94721,NH,42.9,-72.267,1.9284946236560208,KEEN,KEEN,True,,20060101,20250825
74207864773,742078,64773,NH,43.779,-71.754,1.9302751188969565,K1P1,K1P1,True,,20061012,20250826
74394514710,743945,14710,NH,42.93,-71.436,3.217165967645257,KMHT,KMHT,True,,19730101,20250827
74394654754,743946,54754,NH,42.783,-71.517,2.544866529774221,KASH,KASH,True,,20060101,20250826
99799399999,997993,99999,NH,43.05,-70.833,1.8801744502999027,,,False,,20080101,20250824
99999954794,999999,54794,NH,43.172,-70.928,1.3366759679107083,,,False,,20011216,20250828
99999954795,999999,54795,NH,43.109,-70.948,1.2329206625980893,,,False,,20011216,20250828
72040700462,720407,00462,NJ,39.928,-74.292,3.3195282133760826,KMJX,KMJX,True,,20071114,20250826
72058100178,720581,00178,NJ,40.617,-74.25,3.1537541610153745,KLDJ,KLDJ,True,,20170101,20250825
72224754785,722247,54785,NJ,40.624,-74.669,1.6733071265534762,KSMQ,KSMQ,True,,20060101,20250827
72407093730,724070,93730,NJ,39.452,-74.567,3.943259980094768,KACY,KACY,True,,19470101,20250826
72407493780,724074,93780,NJ,39.941,-74.841,2.2492682926830376,KVAY,KVAY,True,,20060101,20250827
72407513735,724075,13735,NJ,39.366,-75.078,2.955224904004345,KMIV,KMIV,True,,19730101,20250825
72407754779,724077,54779,NJ,41.009,-74.736,1.491167534722261,K12N,K12N,True,,20060101,20250827
72408454760,724084,54760,NJ,40.187,-74.125,3.9809547738692346,KBLM,KBLM,True,,20060101,20250826
72409014780,724090,14780,NJ,40.033,-74.35,3.27050105857452,KNEL,KNEL,True,,19730101,20250825
72409454743,724094,54743,NJ,40.876,-74.283,2.3624391600613017,KCDW,KCDW,True,,20060101,20250827
72409514792,724095,14792,NJ,40.277,-74.816,3.1905049180326475,KTTN,KTTN,True,,19730101,20250827
72409614706,724096,14706,NJ,40.017,-74.6,3.4947236432938875,KWRI,KWRI,True,,19420801,20250826
72409754738,724097,54738,NJ,40.8,-74.417,2.096857114168079,KMMU,KMMU,True,,20060101,20250826
72502014734,725020,14734,NJ,40.683,-74.169,4.312484936128819,KEWR,KEWR,True,,19730101,20250825
72502594741,725025,94741,NJ,40.859,-74.056,3.401973284760099,KTEB,KTEB,True,,19730101,20250827
74000154793,740001,54793,NJ,41.199,-74.626,1.678299689441095,KFWN,KFWN,True,,20060101,20250827
74596603726,745966,03726,NJ,39.008,-74.908,3.947254294564731,KWWD,KWWD,True,,20060101,20250826
99727099999,997270,99999,NJ,39.35,-74.42,0.0,,,False,,20080101,20250824
99774399999,997743,99999,NJ,40.65,-74.067,5.901255830642154,,,False,,20080101,20250824
72041100137,720411,00137,NM,36.422,-105.29,3.2713106912218186,KAXX,KAXX,True,,20090101,20250826
72072499999,720724,99999,NM,34.646,-106.836,3.4364773580179304,KBRG,KBRG,True,,20100503,20250824
72097600345,720976,00345,NM,32.333,-108.691,4.307589504658606,KLSB,KLSB,True,,20120215,20250825
72267603035,722676,03035,NM,32.853,-104.468,4.792150395778244,KATS,KATS,True,,20060101,20250825
72267703027,722677,03027,NM,35.003,-105.663,5.972599768652029,KCQC,KCQC,True,,20060101,20250824
72267823052,722678,23052,NM,36.742,-104.508,4.328043378646508,KRTN,KRTN,True,,19980902,20250827
72268023009,722680,23009,NM,33.307,-104.508,4.269448916408352,KROW,KROW,True,,19420713,20250827
72268393083,722683,93083,NM,33.45,-105.517,4.568690998737077,KSRR,KSRR,True,,20060101,20250826
72268623008,722686,23008,NM,34.383,-103.317,5.2401615845709015,KCVS,KCVS,True,,19430125,20250825
72268793033,722687,93033,NM,32.334,-104.258,4.8649424405216175,KCNM,KCNM,True,,19420910,20250827
72268893034,722688,93034,NM,32.693,-103.213,4.740770362198261,KHOB,KHOB,True,,19421101,20250825
72268923077,722689,23077,NM,34.433,-103.083,5.282299408463244,KCVN,KCVN,True,,20060101,20250825
72269393097,722693,93097,NM,32.84,-105.991,3.54057717797254,KALM,KALM,True,,20060101,20250825
72269593041,722695,93041,NM,32.283,-106.917,3.885044199891113,KLRU,KLRU,True,,20060101,20250825
72271093045,722710,93045,NM,33.237,-107.268,4.331766400418729,KTCS,KTCS,True,,19780301,20250827
72272193063,722721,93063,NM,32.633,-108.167,4.335381717581601,KSVC,KSVC,True,,20050101,20250825
72272523078,722725,23078,NM,32.259,-107.721,4.559045758019692,KDMN,KDMN,True,,20060101,20250827
72360023051,723600,23051,NM,36.448,-103.154,5.806680830972105,KCAO,KCAO,True,,19770827,20250827
72362093040,723620,93040,NM,34.067,-106.9,3.6005204594393763,KONM,KONM,True,,20070608,20250825
72362593057,723625,93057,NM,35.165,-107.902,3.4834922348137987,KGNT,KGNT,True,,19480101,20250825
72362723081,723627,23081,NM,35.509,-108.793,3.653043478260831,KGUP,KGUP,True,,19730101,20250827
72364099999,723640,99999,NM,31.88,-106.703,3.589862679279146,KDNA,KDNA,True,,19950911,20250824
72364703034,723647,03034,NM,35.145,-106.795,3.54113843813366,KAEG,KAEG,True,,20060101,20250825
72365023050,723650,23050,NM,35.042,-106.615,3.99233387971225,KABQ,KABQ,True,,19410701,20250827
72365493091,723654,93091,NM,35.883,-106.283,3.296809786518938,KLAM,KLAM,True,,20060101,20250825
72365623049,723656,23049,NM,35.611,-106.096,4.267256078307399,KSAF,KSAF,True,,19460801,20250827
72365823090,723658,23090,NM,36.744,-108.229,3.756181637388024,KFMN,KFMN,True,,19730101,20250827
72366303012,723663,03012,NM,36.45,-105.667,3.8575532900835383,KSKX,KSKX,True,,20060101,20250509
72367623048,723676,23048,NM,35.181,-103.601,4.898463392587908,KTCC,KTCC,True,,19460801,20250827
72367723054,723677,23054,NM,35.656,-105.139,5.042115189322203,KLVS,KLVS,True,,19460801,20250827
74638099999,746380,99999,NM,34.295,-103.786,5.332073616184028,K4MR,K4MR,True,,20101213,20250824
74732023002,747320,23002,NM,32.85,-106.1,4.712594065028862,KHMN,KHMN,True,,20060103,20250825
99999903033,999999,03033,NM,34.985,-106.0,3.492181095135637,,,False,,20020302,20250825
99999903048,999999,03048,NM,34.356,-106.886,2.240080125413692,,,False,,20030524,20250828
99999903062,999999,03062,NM,35.858,-106.521,2.1253310104529666,,,False,,20040801,20250828
99999903074,999999,03074,NM,32.614,-106.741,2.3635042884649056,,,False,,20070228,20250828
72012999999,720129,99999,NV,39.468,-117.197,2.519145980551665,KTMT,KTMT,True,,20170510,20250824
72054900171,720549,00171,NV,39.183,-119.733,2.2829311673679458,KCXP,KCXP,True,,20100714,20250825
72055199999,720551,99999,NV,39.0,-119.751,2.9661928306547254,KMEV,KMEV,True,,20140523,20250823
72074100269,720741,00269,NV,35.947,-114.861,3.733572969086455,KBVU,KBVU,True,,20100624,20250825
72083900279,720839,00279,NV,39.667,-119.876,3.713725745539192,KRTS,KRTS,True,,20110921,20250825
72209653127,722096,53127,NV,35.976,-115.133,4.468879595748262,KHND,KHND,True,,20060101,20250825
72386023169,723860,23169,NV,36.072,-115.163,3.5134010021840845,KLAS,KLAS,True,,19730101,20250827
72387003160,723870,03160,NV,36.621,-116.028,4.390056285178049,KDRA,KDRA,True,,19780515,20250827
72477003170,724770,03170,NV,39.601,-116.006,3.428793555638897,KP68,KP68,True,,20100801,20250827
72484653123,724846,53123,NV,36.212,-115.194,3.832767284699308,KVGT,KVGT,True,,20060101,20250827
72485523153,724855,23153,NV,38.05,-117.091,4.706337315245931,KTPH,KTPH,True,,19421001,20250827
72485699999,724856,99999,NV,38.544,-118.634,3.721254407681952,KHTH,KHTH,True,,19831103,20250824
72486023154,724860,23154,NV,39.295,-114.847,4.427720432781642,KELY,KELY,True,,19730101,20250827
72488023185,724880,23185,NV,39.508,-119.768,3.0436621518016223,KRNO,KRNO,True,,19430105,20250827
72488593102,724885,93102,NV,39.417,-118.717,3.2227497022290623,KNFL,KNFL,True,,19730101,20250825
72580524172,725805,24172,NV,40.068,-118.57,3.2400105894811637,KLOL,KLOL,True,,19770101,20250827
72582524121,725825,24121,NV,40.824,-115.786,2.825183679850007,KEKO,KEKO,True,,19770101,20250827
72583024128,725830,24128,NV,40.902,-117.808,3.4557336799536715,KWMC,KWMC,True,,19730101,20250827
72583524119,725835,24119,NV,40.612,-116.892,2.664093217806549,KBAM,KBAM,True,,19730101,20250825
72587599999,725875,99999,NV,41.953,-116.188,3.585419447581545,KOWY,KOWY,True,,19770301,20250822
74614023112,746140,23112,NV,36.25,-115.033,4.195206225680833,KLSV,KLSV,True,,20050101,20250825
74614123141,746141,23141,NV,36.583,-115.683,3.545311327831917,KINS,KINS,True,,20050103,20250825
99999904139,999999,04139,NV,41.848,-119.636,2.4923479170298037,,,False,,20080616,20250828
99999953136,999999,53136,NV,36.624,-116.023,2.9426529545058404,,,False,,20010524,20250828
99999953138,999999,53138,NV,39.012,-114.209,1.8527269559156705,,,False,,20040509,20250828
72055399999,720553,99999,NY,40.701,-74.009,2.935061908230136,KJRB,KJRB,True,,20160720,20250824
72209864761,722098,64761,NY,40.96,-72.252,2.970835576289934,KHTO,KHTO,True,,20060101,20250824
72498894704,724988,94704,NY,42.57,-77.714,3.088173673328664,KDSV,KDSV,True,,20010102,20250827
72501454780,725014,54780,NY,41.073,-71.924,3.144616204690953,KMTP,KMTP,True,,20060101,20250827
72501504789,725015,04789,NY,41.509,-74.265,2.705160711998953,KMGJ,KMGJ,True,,20060101,20250827
72501654790,725016,54790,NY,40.821,-72.867,3.429202750891305,KHWV,KHWV,True,,20060101,20250827
72503014732,725030,14732,NY,40.779,-73.88,4.911315020455396,KLGA,KLGA,True,,19730101,20250827
72503614757,725036,14757,NY,41.626,-73.882,2.236459197787134,KPOU,KPOU,True,,19730101,20250827
72503794745,725037,94745,NY,41.062,-73.705,3.5951753115037683,KHPN,KHPN,True,,19730101,20250827
72503814714,725038,14714,NY,41.5,-74.1,3.545602094240833,KSWF,KSWF,True,,19420802,20250825
72505004781,725050,04781,NY,40.794,-73.102,4.278877887788561,KISP,KISP,True,,20050101,20250827
72505394728,725053,94728,NY,40.779,-73.969,2.342303155411544,KNYC,KNYC,True,,20050101,20250827
72514654773,725146,54773,NY,43.35,-76.383,3.721649949284136,KFZY,KFZY,True,,20060101,20250827
72515004725,725150,04725,NY,42.207,-75.98,3.9681390435946216,KBGM,KBGM,True,,19730101,20250827
72515594761,725155,94761,NY,42.483,-76.467,3.912327973344752,KITH,KITH,True,,20060101,20250825
72515614748,725156,14748,NY,42.157,-76.903,2.773228648027526,KELM,KELM,True,,19730101,20250827
72515754757,725157,54757,NY,42.108,-77.984,4.135082584151796,KELZ,KELZ,True,,20060101,20250827
72518014735,725180,14735,NY,42.747,-73.799,3.834284469614151,KALB,KALB,True,,19460101,20250827
72518699999,725186,99999,NY,44.682,-75.466,2.619309847300217,KOGS,KOGS,True,,19770502,20250824
72519014771,725190,14771,NY,43.111,-76.104,4.255530973450889,KSYR,KSYR,True,,19421001,20250827
72519454778,725194,54778,NY,42.644,-77.053,3.596233666410276,KPEO,KPEO,True,,20060101,20250827
72519664775,725196,64775,NY,43.224,-75.396,3.804126830448793,KRME,KRME,True,,20070102,20250826
72522014750,725220,14750,NY,43.338,-73.61,2.1714712844151918,KGFL,KGFL,True,,20050101,20250827
72523504720,725235,04720,NY,42.15,-79.25,4.273829493576346,KJHW,KJHW,True,,20060101,20250826
72528014733,725280,14733,NY,42.94,-78.736,4.786135109815203,KBUF,KBUF,True,,19420201,20250827
72528300465,725283,00465,NY,42.241,-78.371,1.932503598848072,KOLE,KOLE,True,,20120423,20250825
72528704724,725287,04724,NY,43.108,-78.938,4.801321366242481,KIAG,KIAG,True,,19510612,20250827
72529014768,725290,14768,NY,43.117,-77.675,4.55854641909766,KROC,KROC,True,,19730101,20250827
72622394725,726223,94725,NY,44.933,-74.848,3.6813720517370703,KMSS,KMSS,True,,19900301,20250826
72622564776,726225,64776,NY,44.639,-73.463,2.770874348581404,KPBG,KPBG,True,,20070618,20250827
72622794790,726227,94790,NY,43.989,-76.026,3.789787781350284,KART,KART,True,,19490501,20250827
72622894740,726228,94740,NY,44.393,-74.203,2.60908810527382,KSLK,KSLK,True,,20060101,20250827
74370014715,743700,14715,NY,44.05,-75.733,4.388319729805194,KGTB,KGTB,True,,20060101,20250825
74486094789,744860,94789,NY,40.639,-73.764,5.198959933813486,KJFK,KJFK,True,,19730101,20250827
74486454787,744864,54787,NY,40.734,-73.416,3.9093527080579102,KFRG,KFRG,True,,20060101,20250827
74486514719,744865,14719,NY,40.851,-72.619,3.56738561276627,KFOK,KFOK,True,,19430718,20250827
74498914747,744989,14747,NY,42.493,-79.276,4.455182038834642,KDKK,KDKK,True,,19970102,20250827
74499404741,744994,04741,NY,42.85,-73.95,3.760628375061419,KSCH,KSCH,True,,19810421,20250825
99798999999,997989,99999,NY,43.333,-78.717,5.445284030010533,,,False,,20080101,20250824
99799199999,997991,99999,NY,42.017,-73.917,0.5201655933762602,,,False,,20080101,20250824
99800999999,998009,99999,NY,43.25,-77.583,4.952587017874039,,,False,,20080101,20250824
99823599999,998235,99999,NY,43.067,-79.017,0.0,,,False,,20081114,20250824
99843699999,998436,99999,NY,42.346,-79.596,4.306329849012824,,,False,,20110124,20250824
99999964756,999999,64756,NY,41.786,-73.742,0.9668410954125252,,,False,,20041101,20250828
99999964758,999999,64758,NY,42.44,-76.246,2.7092540955036424,,,False,,20041027,20250828
72039700131,720397,00131,OH,39.217,-82.233,1.932324718902466,KUNI,KUNI,True,,20070521,20250825
72041400139,720414,00139,OH,40.333,-82.517,3.0773507695041222,K4I3,K4I3,True,,20090101,20250824
72065100232,720651,00232,OH,40.225,-83.352,3.1425196267215023,KMRT,KMRT,True,,20090721,20250825
72070599999,720705,99999,OH,38.981,-82.578,2.2439421894216047,KI43,KI43,True,,20190502,20250824
72070999999,720709,99999,OH,41.036,-83.982,4.404890668308714,KOWX,KOWX,True,,20160909,20250824
72071300251,720713,00251,OH,40.204,-84.532,3.468072937692866,KVES,KVES,True,,20100308,20250821
72092800315,720928,00315,OH,40.28,-83.115,3.1961834907999784,KDLZ,KDLZ,True,,20110315,20250826
72094400324,720944,00324,OH,40.367,-83.817,4.032498352010569,KEDJ,KEDJ,True,,20110512,20250823
72224963887,722249,63887,OH,39.531,-84.395,2.935856931868779,KMWO,KMWO,True,,20061024,20250825
72420014891,724200,14891,OH,40.82,-82.518,3.998919438107504,KMFD,KMFD,True,,20050101,20250827
72427653859,724276,53859,OH,39.592,-84.226,3.5692546583848745,KMGY,KMGY,True,,20060101,20250827
72428014821,724280,14821,OH,39.991,-82.877,3.692371457376205,KCMH,KCMH,True,,19450401,20250827
72428463825,724284,63825,OH,39.9,-83.133,3.0310240963852046,KTZR,KTZR,True,,20060101,20250825
72428513812,724285,13812,OH,39.817,-82.933,3.244830015853521,KLCK,KLCK,True,,19420801,20250825
72428693824,724286,93824,OH,39.946,-81.893,2.7392067218583223,KZZV,KZZV,True,,19730101,20250827
72428704848,724287,04848,OH,41.563,-83.477,4.169828198210771,KTDZ,KTDZ,True,,20060101,20250827
72428804804,724288,04804,OH,40.078,-83.078,3.701704545454367,KOSU,KOSU,True,,20060101,20250827
72429093815,724290,93815,OH,39.906,-84.219,4.449977431730541,KDAY,KDAY,True,,19730101,20250827
72429453844,724294,53844,OH,39.757,-82.663,2.986353764478649,KLHQ,KLHQ,True,,20060101,20250827
72429563888,724295,63888,OH,39.84,-83.84,4.002606509658449,KSGH,KSGH,True,,20060103,20250825
72429613841,724296,13841,OH,39.431,-83.777,3.947522349935928,KILN,KILN,True,,19430801,20250827
72429793812,724297,93812,OH,39.106,-84.416,2.5343877930777885,KLUK,KLUK,True,,19730101,20250827
72429804850,724298,04850,OH,40.708,-84.021,4.356118355064884,KAOH,KAOH,True,,20060101,20250827
72430314813,724303,14813,OH,41.037,-81.463,3.6188315724050217,KAKR,KAKR,True,,19990502,20250827
72520804855,725208,04855,OH,40.616,-83.067,4.103842327778909,KMNN,KMNN,True,,20060101,20250827
72521014895,725210,14895,OH,40.918,-81.443,4.044971136766916,KCAK,KCAK,True,,19730101,20250827
72521404849,725214,04849,OH,41.346,-82.179,4.065955310067536,KLPR,KLPR,True,,20060101,20250827
72521604842,725216,04842,OH,40.873,-81.889,3.74701877934248,KBJJ,KBJJ,True,,20060101,20250827
72521753855,725217,53855,OH,39.361,-84.521,1.9426804386637304,KHAO,KHAO,True,,20060101,20250827
72522404852,725224,04852,OH,40.47,-81.422,2.296498150431609,KPHD,KPHD,True,,20060101,20250827
72522904858,725229,04858,OH,40.026,-82.463,2.541392169049077,KVTA,KVTA,True,,20060101,20250827
72524014820,725240,14820,OH,41.406,-81.852,4.380624657533793,KCLE,KCLE,True,,19730101,20250826
72524404809,725244,04809,OH,41.683,-81.4,3.468399680058447,KLNN,KLNN,True,,20200803,20250824
72524504853,725245,04853,OH,41.526,-81.669,5.289645886629506,KBKL,KBKL,True,,20060101,20250827
72524704805,725247,04805,OH,41.567,-81.483,3.722321333757764,KCGF,KCGF,True,,20060101,20250825
72525014852,725250,14852,OH,41.255,-80.674,3.7441050976866257,KYNG,KYNG,True,,19480101,20250827
72525300380,725253,00380,OH,41.217,-81.25,2.493510211872083,KPOV,KPOV,True,,20090318,20250825
72525404851,725254,04851,OH,41.336,-84.429,3.235664153886,KDFI,KDFI,True,,20060101,20250827
72525604857,725256,04857,OH,41.779,-80.697,3.3437485740358346,KHZY,KHZY,True,,20060101,20250827
72536094830,725360,94830,OH,41.587,-83.805,3.667516268980193,KTOL,KTOL,True,,19730101,20250827
72536614825,725366,14825,OH,41.014,-83.668,4.382833612147439,KFDY,KFDY,True,,19730101,20250827
74570013840,745700,13840,OH,39.833,-84.05,3.5250974475039256,KFFO,KFFO,True,,19360501,20250825
99434099999,994340,99999,OH,41.63,-82.84,6.098113546532342,,,False,,19850501,20250824
99734499999,997344,99999,OH,41.82,-83.18,6.757551730806289,,,False,,20080101,20250824
99799999999,997999,99999,OH,41.85,-80.967,4.963415948275684,,,False,,20080101,20250824
99800199999,998001,99999,OH,41.4,-82.55,5.613336856941361,,,False,,20080101,20250824
99816699999,998166,99999,OH,41.983,-80.55,3.183419504368093,,,False,,20080101,20250824
99817999999,998179,99999,OH,41.383,-82.5,1.5230796905918924,,,False,,20080115,20250824
99828199999,998281,99999,OH,41.767,-81.283,6.889562790697473,,,False,,20100101,20250824
99999900458,999999,00458,OH,39.078,-84.21,2.5018894808569896,,,False,,20140731,20250825
99999954856,999999,54856,OH,40.764,-81.91,0.0049389179755671,,,False,,20161110,20250828
A0708600468,A07086,00468,OH,41.516,-82.869,4.288988074481362,KPCW,KPCW,True,,20140731,20250825
72025599999,720255,99999,OK,36.909,-94.888,2.8149037612574634,KMIO,KMIO,True,,20190828,20250824
72034253947,720342,53947,OK,35.864,-98.421,4.667781710914252,KJWG,KJWG,True,,20060101,20250826
72035463901,720354,63901,OK,34.699,-99.338,4.984541062801356,KAXS,KAXS,True,,20050524,20250825
72035613999,720356,13999,OK,35.538,-98.933,4.326156711933259,KCLK,KCLK,True,,20050611,20250826
72035753993,720357,53993,OK,35.95,-96.773,2.854643844479221,KCUH,KCUH,True,,20060101,20250826
72035853999,720358,53999,OK,35.473,-98.006,5.465415083403112,KRQO,KRQO,True,,20050817,20250825
72035923902,720359,23902,OK,35.275,-96.675,3.3055154082560065,KSRE,KSRE,True,,20050611,20250826
72055803977,720558,03977,OK,35.433,-99.4,4.872628023402964,KELK,KELK,True,,20140530,20250826
72055900172,720559,00172,OK,34.033,-95.533,2.3916400803493816,KHHW,KHHW,True,,20120202,20250825
72056100467,720561,00467,OK,36.175,-96.152,2.5509917014885515,KOWP,KOWP,True,,20130822,20250825
72062500212,720625,00212,OK,36.75,-97.35,4.540717223028251,KBKN,KBKN,True,,20090312,20250826
72062700214,720627,00214,OK,35.283,-95.1,2.956578637113328,KGZL,KGZL,True,,20090312,20250825
72062800215,720628,00215,OK,35.483,-97.817,5.209264005858161,KRCE,KRCE,True,,20090326,20250826
72204453930,722044,53930,OK,34.804,-96.671,3.559014842409475,KADH,KADH,True,,20060101,20250825
72205253933,722052,53933,OK,36.773,-98.67,5.008553765677932,KAVK,KAVK,True,,20060101,20250825
72207153935,722071,53935,OK,35.096,-97.966,4.344124051079523,KCHK,KCHK,True,,20060101,20250825
72207853938,722078,53938,OK,34.471,-97.951,4.47482226774274,KDUC,KDUC,True,,20060101,20250825
72209153940,722091,53940,OK,36.294,-95.479,3.435864954041241,KGCM,KGCM,True,,20060101,20250826
72209253941,722092,53941,OK,36.605,-94.738,2.7744139474609413,KGMJ,KGMJ,True,,20060101,20250825
72209503030,722095,03030,OK,36.682,-101.505,5.081941575685778,KGUY,KGUY,True,,20060101,20250827
72209953936,722099,53936,OK,35.724,-96.82,4.085742083848661,KCQB,KCQB,True,,20060101,20250826
72213353946,722133,53946,OK,35.438,-94.803,2.390694006308752,KJSV,KJSV,True,,20060101,20250826
72215253957,722152,53957,OK,36.437,-99.521,4.934344567077833,KWWR,KWWR,True,,20050101,20250826
72216453949,722164,53949,OK,35.668,-95.949,3.0237827715350427,KOKM,KOKM,True,,20060101,20250825
72217353951,722173,53951,OK,34.711,-97.223,2.6387697063365465,KPVJ,KPVJ,True,,20060101,20250825
72217853953,722178,53953,OK,35.021,-94.621,2.1614932636949,KRKR,KRKR,True,,20060101,20250825
72218793911,722187,93911,OK,35.357,-96.943,3.8984389489947273,KSNL,KSNL,True,,20060101,20250826
72219953956,722199,53956,OK,35.929,-95.004,1.825336784516577,KTQH,KTQH,True,,20060101,20250825
72236800364,722368,00364,OK,35.55,-98.667,4.487841337099554,KOJA,KOJA,True,,20071114,20250826
72352013902,723520,13902,OK,34.65,-99.267,5.046095288095218,KLTS,KLTS,True,,19430201,20250825
72352593986,723525,93986,OK,34.989,-99.053,5.632957375127855,KHBR,KHBR,True,,19730101,20250827
72352603932,723526,03932,OK,35.357,-99.204,5.89320632107483,KCSM,KCSM,True,,20060101,20250827
72352803981,723528,03981,OK,34.353,-98.988,5.200148875986001,KFDR,KFDR,True,,20060101,20250827
72353013967,723530,13967,OK,35.388,-97.6,5.042922426596132,KOKC,KOKC,True,,19411214,20250827
72353513909,723535,13909,OK,36.333,-97.917,5.123381957229565,KEND,KEND,True,,20060103,20250826
72353653986,723536,53986,OK,36.383,-97.8,3.549521817094796,KWDG,KWDG,True,,20060101,20250826
72353753913,723537,53913,OK,35.852,-97.414,3.808021077283193,KGOK,KGOK,True,,20060101,20250827
72354013919,723540,13919,OK,35.417,-97.383,4.80518343524151,KTIK,KTIK,True,,19421214,20250825
72354403954,723544,03954,OK,35.541,-97.647,5.205575689991353,KPWA,KPWA,True,,20060101,20250826
72354503965,723545,03965,OK,36.162,-97.089,4.291077227163431,KSWO,KSWO,True,,20060101,20250827
72355013945,723550,13945,OK,34.65,-98.4,4.067052357535593,KFSI,KFSI,True,,19390901,20250822
72355593940,723555,93940,OK,34.3,-97.017,2.0998152290187493,KADM,KADM,True,,20060101,20250826
72355693953,723556,93953,OK,35.658,-95.366,3.575063477214837,KMKO,KMKO,True,,20060101,20250827
72356013968,723560,13968,OK,36.199,-95.878,4.180240019011078,KTUL,KTUL,True,,19470101,20250827
72356453908,723564,53908,OK,36.042,-95.99,2.828241262683208,KRVS,KRVS,True,,20060101,20250827
72356503959,723565,03959,OK,36.766,-96.013,2.690280532728861,KBVO,KBVO,True,,20060101,20250827
72356693950,723566,93950,OK,34.882,-95.782,2.8026067665002685,KMLC,KMLC,True,,19530701,20250827
72357003948,723570,03948,OK,35.25,-97.467,4.44948083454578,KOUN,KOUN,True,,20060101,20250826
72357503950,723575,03950,OK,34.558,-98.417,4.220349084716704,KLAW,KLAW,True,,20050101,20250827
72375953990,723759,53990,OK,33.909,-94.859,3.104631743361112,K4O4,K4O4,True,,20060101,20250825
72453013969,724530,13969,OK,36.737,-97.102,4.169802197802042,KPNC,KPNC,True,,20050101,20250827
74251353937,742513,53937,OK,33.942,-96.394,3.9899124635257737,KDUA,KDUA,True,,20060101,20250826
74641013975,746410,13975,OK,36.297,-99.769,5.253558106169025,KGAG,KGAG,True,,20100709,20250827
99999903055,999999,03055,OK,36.599,-101.595,3.2525316455696376,,,False,,20040227,20250828
99999953926,999999,53926,OK,36.118,-97.091,2.0842710329210967,,,False,,20020312,20250828
99999953927,999999,53927,OK,36.135,-97.108,1.0841491029437396,,,False,,20020312,20250828
A0000453929,A00004,53929,OK,34.147,-97.123,3.09523925040873,K1F0,K1F0,True,,20060101,20250825
72020200118,720202,00118,OR,45.417,-123.817,2.4312661802773614,KTMK,KTMK,True,,20050103,20250826
72036524267,720365,24267,OR,42.074,-124.29,2.052620859684875,KBOK,KBOK,True,,20050802,20250825
72063800224,720638,00224,OR,44.095,-121.2,2.7421247421424457,KBDN,KBDN,True,,20090524,20250825
72083799999,720837,99999,OR,45.36,-117.254,1.2646057239463506,KJSY,KJSY,True,,20200805,20250824
72589594236,725895,94236,OR,42.147,-121.726,2.801632476163,KLMT,KLMT,True,,19590901,20250827
72597024225,725970,24225,OR,42.375,-122.877,1.8789067072458103,KMFR,KMFR,True,,19730101,20250827
72597524235,725975,24235,OR,42.6,-123.367,2.3783223159334104,KSXT,KSXT,True,,19730101,20250827
72597694285,725976,94285,OR,42.167,-120.4,4.002962123664491,KLKV,KLKV,True,,20060101,20250825
72598524267,725985,24267,OR,42.074,-124.29,2.03779289493579,KBOK,KBOK,True,,19770225,20250826
72683094185,726830,94185,OR,43.595,-118.958,2.977855477855308,KBNO,KBNO,True,,19730101,20250827
72683604201,726836,04201,OR,45.769,-122.864,1.7813503117125402,KSPB,KSPB,True,,20060101,20250827
72683724162,726837,24162,OR,44.014,-117.008,2.815235416049773,KONO,KONO,True,,19730101,20250827
72687594107,726875,94107,OR,42.59,-117.865,3.497561843744457,KREO,KREO,True,,19980302,20250827
72687600387,726876,00387,OR,44.4,-118.967,1.8322310145267744,KGCD,KGCD,True,,20050103,20250826
72688024155,726880,24155,OR,45.698,-118.834,3.610173872180152,KPDT,KPDT,True,,19420101,20250827
72688194273,726881,94273,OR,45.196,-123.134,2.340938897168548,KMMV,KMMV,True,,20060101,20250827
72688304113,726883,04113,OR,45.826,-119.261,3.173490095023386,KHRI,KHRI,True,,20060101,20250827
72688424148,726884,24148,OR,45.283,-118.0,3.937410449065137,KLGD,KLGD,True,,19880506,20250825
72688524152,726885,24152,OR,45.512,-118.425,0.4007716535433026,KMEH,KMEH,True,,19730101,20250823
72688624130,726886,24130,OR,44.843,-117.81,2.9653327269971475,KBKE,KBKE,True,,19730101,20250827
72688799999,726887,99999,OR,43.876,-121.453,3.136865653345772,KS21,KS21,True,,19800514,20250824
72690424231,726904,24231,OR,43.234,-123.358,1.5281532501076922,KRBG,KRBG,True,,19800514,20250827
72691724284,726917,24284,OR,43.413,-124.244,3.986122348902476,KOTH,KOTH,True,,19770101,20250826
72692024230,726920,24230,OR,44.256,-121.141,2.987982764123909,KRDM,KRDM,True,,20050101,20250827
72693024221,726930,24221,OR,44.133,-123.216,2.856446395563617,KEUG,KEUG,True,,19730101,20250827
72694024232,726940,24232,OR,44.905,-123.001,2.7230523189397897,KSLE,KSLE,True,,19730101,20250827
72694524202,726945,24202,OR,44.5,-123.283,2.7982110912343643,KCVO,KCVO,True,,20060101,20250825
72695024285,726950,24285,OR,44.583,-124.05,3.468613678372828,KONP,KONP,True,,20110301,20250826
72695994281,726959,94281,OR,45.247,-122.771,2.2978392394124203,KUAO,KUAO,True,,20060101,20250827
72698024229,726980,24229,OR,45.596,-122.609,2.6813052582595454,KPDX,KPDX,True,,19360501,20250827
72698524242,726985,24242,OR,45.551,-122.41,2.4690690233126147,KTTD,KTTD,True,,20060101,20250827
72698694261,726986,94261,OR,45.548,-122.956,2.186206896551854,KHIO,KHIO,True,,20060101,20250827
72791094224,727910,94224,OR,46.157,-123.883,3.371787653327677,KAST,KAST,True,,19730101,20250827
99401199999,994011,99999,OR,46.208,-123.767,3.329368029739733,,,False,,20080101,20250824
99402699999,994026,99999,OR,44.625,-124.043,0.0,,,False,,20080101,20250824
99403199999,994031,99999,OR,42.74,-124.497,4.928398680835421,,,False,,20080101,20250824
99403299999,994032,99999,OR,43.345,-124.322,2.3181179015685363,,,False,,20080101,20250824
99999904125,999999,04125,OR,44.556,-119.646,1.7541194913778109,,,False,,20030330,20250828
99999904128,999999,04128,OR,43.471,-119.692,2.060581780177664,,,False,,20030703,20250828
99999904141,999999,04141,OR,43.272,-124.319,1.5088137955060146,,,False,,20080819,20250828
99999904236,999999,04236,OR,44.419,-123.326,0.7809963421006779,,,False,,20060914,20250828
72030464752,720304,64752,PA,40.1,-75.267,2.614779836380654,KLOM,KLOM,True,,20050101,20250825
72032464753,720324,64753,PA,40.435,-75.382,1.8795328708710504,KUKT,KUKT,True,,20060101,20250825
72037800122,720378,00122,PA,41.033,-80.417,2.3588654353562823,KUCP,KUCP,True,,20060501,20250825
72040800136,720408,00136,PA,39.983,-75.867,3.122972567380449,KMQS,KMQS,True,,20071203,20250825
72399014711,723990,14711,PA,40.196,-76.772,3.354572564612224,KMDT,KMDT,True,,20050101,20250827
72408013739,724080,13739,PA,39.873,-75.227,4.120883067497158,KPHL,KPHL,True,,19730101,20250827
72408594732,724085,94732,PA,40.079,-75.013,3.5908193072748382,KPNE,KPNE,True,,19730101,20250827
72510314712,725103,14712,PA,40.373,-75.959,2.920267054468484,KRDG,KRDG,True,,19900314,20250827
72510404843,725104,04843,PA,41.626,-80.212,3.202486248624596,KGKJ,KGKJ,True,,20060101,20250827
72510514770,725105,14770,PA,40.819,-76.866,1.907753796962542,KSEG,KSEG,True,,19970902,20250827
72510954782,725109,54782,PA,40.238,-75.555,2.120849005910934,KPTW,KPTW,True,,20060101,20250827
72511354786,725113,54786,PA,40.33,-75.123,2.144465545306692,KDYL,KDYL,True,,20060101,20250827
72511493778,725114,93778,PA,39.919,-76.877,2.334500064341848,KTHV,KTHV,True,,20060101,20250827
72511654737,725116,54737,PA,40.121,-76.294,3.352419037629312,KLNS,KLNS,True,,20060101,20250827
72511704827,725117,04827,PA,40.133,-80.283,2.7972435987127517,KAFJ,KAFJ,True,,20060101,20250825
72511814751,725118,14751,PA,40.218,-76.855,3.022710319104782,KCXY,KCXY,True,,19900301,20250827
72511954792,725119,54792,PA,41.046,-78.411,2.703718399274338,KFIG,KFIG,True,,20060101,20250827
72512464705,725124,64705,PA,40.777,-79.95,3.1078107397670425,KBTP,KBTP,True,,20060101,20250826
72512504787,725125,04787,PA,41.179,-78.893,3.866792662590007,KDUJ,KDUJ,True,,19730101,20250827
72512614736,725126,14736,PA,40.3,-78.317,3.452001941276207,KAOO,KAOO,True,,19730101,20250827
72512704726,725127,04726,PA,40.315,-78.831,4.531444374869024,KJST,KJST,True,,19730101,20250827
72512854739,725128,54739,PA,40.85,-77.85,2.6248553651347,KUNV,KUNV,True,,20050101,20250826
72513014777,725130,14777,PA,41.333,-75.723,2.8136513683312097,KAVP,KAVP,True,,19730101,20250827
72514014778,725140,14778,PA,41.243,-76.922,2.9741537796040447,KIPT,KIPT,True,,19730101,20250827
72514454723,725144,54723,PA,40.433,-76.567,2.536849847640975,KMUI,KMUI,True,,20060103,20250826
72517014737,725170,14737,PA,40.65,-75.448,3.2820869374792223,KABE,KABE,True,,19730101,20250827
72517564706,725175,64706,PA,40.633,-79.1,3.326914352276959,KIDI,KIDI,True,,20060101,20250826
72520094823,725200,94823,PA,40.485,-80.214,3.4719060111780435,KPIT,KPIT,True,,19450201,20250827
72520399999,725203,99999,PA,40.677,-77.627,2.1582922605566512,KRVL,KRVL,True,,20180719,20250824
72520404813,725204,04813,PA,40.767,-80.4,2.959083456303911,KBVI,KBVI,True,,20060102,20250825
72520514762,725205,14762,PA,40.355,-79.921,3.430034636318405,KAGC,KAGC,True,,19730101,20250825
72520754735,725207,54735,PA,40.283,-79.4,2.7468629441622974,KLBE,KLBE,True,,20060101,20250825
72526014860,725260,14860,PA,42.08,-80.182,4.488962093000456,KERI,KERI,True,,19730101,20250827
72526604751,725266,04751,PA,41.798,-78.635,3.580611731562214,KBFD,KBFD,True,,19730101,20250827
72526794868,725267,94868,PA,41.383,-79.867,3.358680599269598,KFKL,KFKL,True,,19730101,20250825
72543454789,725434,54789,PA,41.137,-75.377,4.528384718498228,KMPO,KMPO,True,,20060101,20250827
99826599999,998265,99999,PA,39.817,-75.417,0.0,,,False,,20100101,20250824
99999903761,999999,03761,PA,39.859,-75.786,1.5790969316596952,,,False,,20060602,20250828
A0003093795,A00030,93795,PA,39.959,-79.657,2.9614251665336773,KVVS,KVVS,True,,20210309,20250825
72215114794,722151,14794,RI,41.351,-71.806,2.9637247661249204,KWST,KWST,True,,20060101,20250827
72505464710,725054,64710,RI,41.921,-71.491,2.8823038397328062,KSFZ,KSFZ,True,,20060101,20250826
72505894793,725058,94793,RI,41.168,-71.578,4.998950097212844,KBID,KBID,True,,19900101,20250826
72507014765,725070,14765,RI,41.723,-71.432,4.064866674104288,KPVD,KPVD,True,,19420801,20250827
72507454752,725074,54752,RI,41.597,-71.412,5.000625052790908,KOQU,KOQU,True,,20060103,20250825
72507914787,725079,14787,RI,41.53,-71.283,3.5424196405971022,KUUU,KUUU,True,,20060101,20250827
99727799999,997277,99999,RI,41.72,-71.33,5.789141414141244,,,False,,20080101,20250824
99729499999,997294,99999,RI,41.637,-71.339,2.343622953768802,,,False,,20080101,20250824
99800499999,998004,99999,RI,41.633,-71.333,2.775935251798741,,,False,,20080101,20250824
99999954796,999999,54796,RI,41.491,-71.541,1.4829285339856793,,,False,,20011216,20250828
99999954797,999999,54797,RI,41.478,-71.542,1.8618242064876245,,,False,,20011216,20250828
72012063837,720120,63837,SC,32.217,-80.7,2.2456980519479965,KHXD,KHXD,True,,20060101,20250826
72059600189,720596,00189,SC,34.3,-81.633,2.3856102113307904,KEOE,KEOE,True,,20090105,20250826
72059700190,720597,00190,SC,34.5,-81.95,2.245649825992639,KLUX,KLUX,True,,20090105,20250825
72059800191,720598,00191,SC,33.183,-80.033,1.8321292549390624,KMKS,KMKS,True,,20090105,20250825
72059900192,720599,00192,SC,34.783,-81.2,1.6852516223825735,KDCM,KDCM,True,,20090105,20250825
72060100193,720601,00193,SC,33.65,-81.683,3.0560265214296125,KAIK,KAIK,True,,20090105,20250825
72060200194,720602,00194,SC,33.25,-81.383,1.9065058346935009,KBNL,KBNL,True,,20090105,20250825
72060300195,720603,00195,SC,34.283,-80.567,2.011979102642622,KCDN,KCDN,True,,20090105,20250825
72060400196,720604,00196,SC,33.717,-79.85,1.591857176525888,KCKI,KCKI,True,,20090105,20250825
72060500197,720605,00197,SC,34.717,-79.95,1.675558452331403,KCQW,KCQW,True,,20090105,20250825
72060600198,720606,00198,SC,32.701,-80.003,3.1479231905458698,KJZI,KJZI,True,,20130101,20250825
72060700199,720607,00199,SC,34.717,-80.85,1.6253553524032731,KLKR,KLKR,True,,20090105,20250826
72060800200,720608,00200,SC,34.181,-79.335,2.447077589838834,KMAO,KMAO,True,,20090105,20250825
72060900201,720609,00201,SC,32.917,-80.633,2.389831621685742,KRBW,KRBW,True,,20130101,20250825
72061100202,720611,00202,SC,34.0,-80.367,1.4357981705516996,KSMS,KSMS,True,,20090105,20250826
72061200203,720612,00203,SC,32.412,-80.634,3.043596263007873,KARW,KARW,True,,20090120,20250825
72061300204,720613,00204,SC,33.828,-79.122,1.838614951669903,KHYW,KHYW,True,,20090510,20250825
72063100217,720631,00217,SC,34.617,-79.733,2.114199609997909,KBBP,KBBP,True,,20090420,20250825
72063200218,720632,00218,SC,33.063,-80.279,1.3258375754705178,KDYB,KDYB,True,,20090404,20250825
72063300219,720633,00219,SC,34.4,-80.117,1.3989544932615297,KHVS,KHVS,True,,20090403,20250825
72063400220,720634,00220,SC,34.315,-81.109,2.196322922804542,KFDW,KFDW,True,,20090421,20250825
72074400271,720744,00271,SC,34.817,-82.7,1.8796379290008187,KLQK,KLQK,True,,20100721,20250826
72208013880,722080,13880,SC,32.899,-80.041,3.5630902819076726,KCHS,KCHS,True,,19450101,20250827
72208593831,722085,93831,SC,32.483,-80.717,3.027549445925034,KNBC,KNBC,True,,19450401,20250825
72221699999,722216,99999,SC,33.615,-81.084,2.7436917960087115,KXNO,KXNO,True,,20071024,20250824
72310013883,723100,13883,SC,33.942,-81.118,2.763589976187635,KCAE,KCAE,True,,19420424,20250826
72310453867,723104,53867,SC,33.972,-80.994,1.8010698902321434,KCUB,KCUB,True,,20060101,20250826
72310503858,723105,03858,SC,33.967,-80.8,2.3693029675639483,KMMT,KMMT,True,,20050103,20250826
72310613744,723106,13744,SC,34.188,-79.731,3.1961657738933464,KFLO,KFLO,True,,19730101,20250827
72310700371,723107,00371,SC,33.587,-80.209,2.044831680816633,KMNI,KMNI,True,,20090101,20250825
72311553854,723115,53854,SC,33.464,-80.853,2.649835893396342,KOGB,KOGB,True,,20060101,20250827
72311603742,723116,03742,SC,34.466,-79.89,3.159551037695808,KUDG,KUDG,True,,20060101,20250825
72311753871,723117,53871,SC,34.984,-81.056,2.2310164022588106,KUZA,KUZA,True,,20060101,20250827
72311853850,723118,53850,SC,34.672,-82.881,2.0389219934995806,KCEU,KCEU,True,,20060101,20250827
72311913886,723119,13886,SC,34.849,-82.35,3.107350751319768,KGMU,KGMU,True,,19420908,20250827
72312003870,723120,03870,SC,34.906,-82.213,2.789057615006545,KGSP,KGSP,True,,19730101,20250827
72312263889,723122,63889,SC,34.758,-82.376,3.219592714393923,KGYH,KGYH,True,,20060101,20250825
72312453874,723124,53874,SC,34.254,-82.153,2.5399973379475886,KGRD,KGRD,True,,20060101,20250827
72312699999,723126,99999,SC,34.916,-81.957,1.917793444203164,KSPA,KSPA,True,,20090420,20250824
72319093846,723190,93846,SC,34.498,-82.709,2.8261391210568663,KAND,KAND,True,,20050101,20250827
74790013849,747900,13849,SC,33.967,-80.467,3.165760322255629,KSSC,KSSC,True,,19411222,20250825
74791013717,747910,13717,SC,33.683,-78.933,3.7981329561525694,KMYR,KMYR,True,,19421101,20250825
74791593718,747915,93718,SC,33.816,-78.72,3.6522397556628152,KCRE,KCRE,True,,19730101,20250827
74791700390,747917,00390,SC,32.9,-79.783,2.117741168073944,KLRO,KLRO,True,,20090101,20250825
74791800391,747918,00391,SC,33.317,-79.317,2.717002864644983,KGGE,KGGE,True,,20090510,20250825
99717499999,997174,99999,SC,32.782,-79.925,4.337027662267141,,,False,,20121106,20250824
99730699999,997306,99999,SC,33.65,-78.92,4.673462024174505,,,False,,20080124,20250824
99799099999,997990,99999,SC,32.55,-80.45,0.7045380875202558,,,False,,20080101,20250824
99800599999,998005,99999,SC,33.35,-79.183,3.466600719424501,,,False,,20080101,20250824
99817799999,998177,99999,SC,34.1,-81.267,3.427157360406176,,,False,,20080116,20250824
99820899999,998208,99999,SC,34.333,-80.7,2.247021445591713,,,False,,20080811,20250824
99999903728,999999,03728,SC,33.153,-79.364,0.8995294527710015,,,False,,20020815,20250828
99999963826,999999,63826,SC,33.355,-81.328,1.6205159491023218,,,False,,20020713,20250828
99999993804,999999,93804,SC,34.917,-81.95,1.898172989377592,SPA,,False,,19480101,20250825
71168099999,711680,99999,SD,43.733,-96.633,3.7632575757575935,,,False,,19941001,20250824
72033299999,720332,99999,SD,42.765,-96.934,4.0821927032314544,KVMR,KVMR,True,,20241126,20250824
72051199999,720511,99999,SD,45.815,-97.743,4.60068317677166,KBTN,KBTN,True,,20210914,20250824
72062400211,720624,00211,SD,44.016,-97.086,5.163834922167221,KMDS,KMDS,True,,20090312,20250825
72651014944,726510,14944,SD,43.578,-96.754,4.644505747126032,KFSD,KFSD,True,,19421001,20250827
72651494032,726514,94032,SD,43.733,-103.615,3.0412005277043668,KCUT,KCUT,True,,20050101,20250827
72651594902,726515,94902,SD,44.3,-96.8,4.931330105382838,KBKX,KBKX,True,,20060101,20250826
72651624024,726516,24024,SD,44.051,-101.601,4.782674173117251,KPHP,KPHP,True,,19980702,20250827
72651794039,726517,94039,SD,43.026,-102.52,3.905775161199716,KIEN,KIEN,True,,20060101,20250827
72651894990,726518,94990,SD,43.389,-99.843,5.362639001898184,KICR,KICR,True,,20060101,20250827
72651994993,726519,94993,SD,45.669,-96.992,4.826415764246278,K8D3,K8D3,True,,20060101,20250827
72652594911,726525,94911,SD,42.879,-97.364,4.702479087452285,KYKN,KYKN,True,,20060101,20250825
72653094943,726530,94943,SD,43.767,-99.318,4.285883812921126,K9V9,K9V9,True,,20060101,20250825
72653994056,726539,94056,SD,45.033,-102.02,5.568695993715525,KD07,KD07,True,,20060101,20250827
72654014936,726540,14936,SD,44.379,-98.223,4.799227131156548,KHON,KHON,True,,19730101,20250827
72654594950,726545,94950,SD,43.774,-98.038,5.012631125161401,KMHE,KMHE,True,,20060101,20250827
72654614946,726546,14946,SD,44.905,-97.15,4.853872633390379,KATY,KATY,True,,19480101,20250827
72656024025,726560,24025,SD,44.382,-100.286,5.193990007137442,KPIR,KPIR,True,,20100801,20250827
72659014929,726590,14929,SD,45.444,-98.414,4.831917489186638,KABR,KABR,True,,19730101,20250827
72660500386,726605,00386,SD,44.483,-103.783,4.070982361586796,KSPF,KSPF,True,,20050624,20250825
72662024090,726620,24090,SD,44.046,-103.054,4.9421149674616,KRAP,KRAP,True,,19730101,20250827
72662524006,726625,24006,SD,44.15,-103.1,5.355014326647024,KRCA,KRCA,True,,19390201,20250825
72662794037,726627,94037,SD,45.604,-103.547,5.65263697927342,K2WX,K2WX,True,,19990101,20250827
72668594052,726685,94052,SD,45.55,-100.409,4.769066398967225,KMBG,KMBG,True,,20060101,20250827
99999904990,999999,04990,SD,43.735,-96.622,1.2971946332113604,,,False,,20020728,20250828
99999954933,999999,54933,SD,45.712,-99.13,4.048313821422333,,,False,,20070626,20250828
99999994081,999999,94081,SD,45.516,-103.302,2.9297071129707226,,,False,,20040922,20250828
99999994085,999999,94085,SD,44.019,-100.353,3.378497996166574,,,False,,20061024,20250828
72016899999,720168,99999,TN,35.583,-89.587,3.25776989755669,KM04,KM04,True,,20170427,20250824
72017199999,720171,99999,TN,35.214,-89.043,1.9460899531677291,KM08,KM08,True,,20160804,20250824
72077599999,720775,99999,TN,35.507,-86.804,2.2003726629608225,KLUG,KLUG,True,,20180403,20250824
72090799999,720907,99999,TN,36.335,-84.162,1.7516926383664777,KJAU,KJAU,True,,20150608,20250616
72097400344,720974,00344,TN,35.178,-86.066,3.2075946017466284,KBGF,KBGF,True,,20120209,20250826
72103100348,721031,00348,TN,35.38,-86.246,2.5389272214551126,KTHA,KTHA,True,,20120408,20250825
72278199999,722781,99999,TN,36.338,-88.383,2.9658851674636018,KPHT,KPHT,True,,20140530,20250824
72324013882,723240,13882,TN,35.034,-85.2,2.3243492407808723,KCHA,KCHA,True,,19730101,20250826
72324900463,723249,00463,TN,35.554,-87.179,2.1765566662648914,KMRC,KMRC,True,,20130309,20250825
72325003847,723250,03847,TN,35.951,-85.081,2.433527901003937,KCSV,KCSV,True,,20050101,20250827
72326013891,723260,13891,TN,35.818,-83.986,3.061242538138204,KTYS,KTYS,True,,19480101,20250827
72326499999,723264,99999,TN,35.964,-83.874,1.2588864196047556,KDKX,KDKX,True,,19790507,20250824
72327013897,723270,13897,TN,36.111,-86.688,3.2320482497632588,KBNA,KBNA,True,,19510101,20250827
72327199999,723271,99999,TN,36.182,-86.887,2.8878299462743664,KJWN,KJWN,True,,20151210,20250824
72327313827,723273,13827,TN,36.009,-86.52,2.781671616461624,KMQY,KMQY,True,,20060101,20250825
72327400372,723274,00372,TN,36.056,-85.531,2.000011844130961,KSRB,KSRB,True,,20120604,20250826
72328003894,723280,03894,TN,36.617,-87.412,3.212355408668985,KCKV,KCKV,True,,20050101,20250827
72328493839,723284,93839,TN,35.35,-89.867,2.621174815336061,KNQA,KNQA,True,,20050101,20250824
72334013893,723340,13893,TN,35.056,-89.986,3.7634961728947576,KMEM,KMEM,True,,19461001,20250827
72334603811,723346,03811,TN,35.593,-88.917,2.999999999999935,KMKL,KMKL,True,,19730101,20250827
72334703809,723347,03809,TN,36.0,-89.409,2.7818790900593067,KDYR,KDYR,True,,19430412,20250825
72335013877,723350,13877,TN,36.48,-82.399,1.9899260762430333,KTRI,KTRI,True,,20050101,20250827
72427053868,724270,53868,TN,36.023,-84.234,0.7884770889487982,KOQT,KOQT,True,,20100801,20250827
74672099999,746720,99999,TN,36.568,-87.481,2.757867907801269,KEOD,KEOD,True,,20010815,20250824
99999963855,999999,63855,TN,36.014,-85.135,1.686684210526321,,,False,,20041203,20250828
A0002963820,A00029,63820,TN,36.38,-88.985,2.975966620305494,KUCY,KUCY,True,,20130627,20250825
72011053983,720110,53983,TX,30.784,-98.662,2.778983204720359,KAQO,KAQO,True,,20050101,20250826
72015103049,720151,03049,TX,30.383,-103.683,3.781761957118639,KE38,KE38,True,,20060101,20250825
72026153976,720261,53976,TX,33.175,-97.828,2.6777692575806347,KXBP,KXBP,True,,20060101,20250826
72026912982,720269,12982,TX,27.207,-98.121,3.8775119617216656,KBKS,KBKS,True,,20060101,20250825
72027103044,720271,03044,TX,32.213,-101.521,5.294939355917676,KBPG,KBPG,True,,20060101,20250825
72027312981,720273,12981,TX,28.973,-95.863,3.750416641687407,KBYY,KBYY,True,,20060101,20250826
72027612983,720276,12983,TX,26.442,-98.129,4.75309304065811,KEBG,KEBG,True,,20060101,20250826
72028653977,720286,53977,TX,32.444,-97.817,2.482341854163866,KGDJ,KGDJ,True,,20060101,20250825
72028753967,720287,53967,TX,33.714,-96.674,3.83290244395033,KGYI,KGYI,True,,20060101,20250825
72029153970,720291,53970,TX,32.747,-96.531,3.010180929095118,KHQZ,KHQZ,True,,20060101,20250825
72029553972,720295,53972,TX,32.084,-97.097,3.848525863590131,KINJ,KINJ,True,,20060101,20250825
72029653945,720296,53945,TX,30.886,-94.035,2.0171977223162005,KJAS,KJAS,True,,20060101,20250826
72029853971,720298,53971,TX,31.869,-95.218,2.9719054956336786,KJSO,KJSO,True,,20060101,20250825
72029953966,720299,53966,TX,32.456,-96.913,3.5375308641968704,KJWY,KJWY,True,,20060101,20250825
72030353973,720303,53973,TX,30.872,-96.622,3.411210407926881,KLHB,KLHB,True,,20060101,20250825
72030553964,720305,53964,TX,33.254,-97.581,3.531826645264109,KLUD,KLUD,True,,20060101,20250825
72031153962,720311,53962,TX,33.096,-94.961,2.916323287025586,KOSA,KOSA,True,,20060101,20250826
72031303052,720313,03052,TX,35.613,-100.996,5.336429958227984,KPPA,KPPA,True,,20060101,20250825
72031493983,720314,93983,TX,31.78,-95.706,3.1681325925224755,KPSN,KPSN,True,,20060101,20250825
72031503045,720315,03045,TX,36.414,-100.75,5.158328552304338,KPYX,KPYX,True,,20060101,20250825
72031612984,720316,12984,TX,27.779,-97.691,4.519387032006256,KRBO,KRBO,True,,20060101,20250825
72031853965,720318,53965,TX,33.11,-98.555,3.1128544423434144,KRPH,KRPH,True,,20060101,20250825
72032053981,720320,53981,TX,32.354,-97.434,4.204149251922533,KCPT,KCPT,True,,20060101,20250825
72032393947,720323,93947,TX,30.243,-98.91,3.2005461857025312,KT82,KT82,True,,20060101,20250825
72039100127,720391,00127,TX,28.35,-97.717,3.76424379232432,KBEA,KBEA,True,,20070625,20250825
72039300129,720393,00129,TX,34.85,-102.333,4.55722857678562,KHRX,KHRX,True,,20070521,20250825
72039500130,720395,00130,TX,28.95,-98.517,4.42001668056671,KPEZ,KPEZ,True,,20070521,20250825
72040400134,720404,00134,TX,33.85,-98.483,4.376815870424378,KCWC,KCWC,True,,20071114,20250825
72054200166,720542,00166,TX,30.5,-97.967,3.2036752324468214,KRYW,KRYW,True,,20090101,20250825
72057700175,720577,00175,TX,32.15,-94.85,1.758357348703074,KRFI,KRFI,True,,20090109,20250825
72057800176,720578,00176,TX,32.717,-98.892,3.353435698316757,KBKD,KBKD,True,,20090101,20250825
72057999999,720579,99999,TX,29.278,-103.687,3.373684889949666,KT89,KT89,True,,20080825,20250824
72058400181,720584,00181,TX,26.967,-99.25,3.253389718514442,KAPY,KAPY,True,,20090101,20250825
72059400188,720594,00188,TX,29.717,-95.383,4.8860721016473,KMCJ,KMCJ,True,,20090101,20250825
72061700208,720617,00208,TX,29.8,-95.9,3.606063091952557,KTME,KTME,True,,20090204,20250826
72062600213,720626,00213,TX,35.883,-101.033,4.175864699898457,KBPC,KBPC,True,,20090326,20250826
72063700223,720637,00223,TX,29.5,-95.477,2.110628134702352,KAXH,KAXH,True,,20090601,20250826
72063900225,720639,00225,TX,30.533,-98.367,2.6202702702697795,KDZB,KDZB,True,,20090605,20250825
72064800230,720648,00230,TX,30.395,-97.567,3.623379781779246,KEDC,KEDC,True,,20090722,20250826
72065900239,720659,00239,TX,30.735,-101.203,4.354229403843287,KOZA,KOZA,True,,20091118,20250825
72066900247,720669,00247,TX,27.3,-93.533,2.9288805330161147,KGUL,KGUL,True,,20091229,20250811
72072900435,720729,00435,TX,28.5,-95.716,4.0409882023125645,KBQX,KBQX,True,,20100518,20250825
72074200270,720742,00270,TX,28.209,-100.019,4.216409997474649,KFTN,KFTN,True,,20100630,20250825
72077100276,720771,00276,TX,31.841,-99.404,3.818994611876797,KCOM,KCOM,True,,20100930,20250825
72077900461,720779,00461,TX,31.641,-96.514,3.2144908030502117,KLXY,KLXY,True,,20130829,20250825
72080699999,720806,99999,TX,32.176,-94.299,2.2608949927714552,K4F2,K4F2,True,,20190920,20250824
72092600313,720926,00313,TX,30.071,-94.216,2.7332037756797067,KBMT,KBMT,True,,20110310,20250825
72094300431,720943,00431,TX,32.521,-94.308,2.236566035452513,KASL,KASL,True,,20110518,20250825
72096513910,720965,13910,TX,32.433,-99.85,4.746339082329842,KDYS,KDYS,True,,20050103,20250825
72103400351,721034,00351,TX,30.879,-96.971,3.2566274278981253,KT35,KT35,True,,20120501,20250825
72104399999,721043,99999,TX,32.164,-95.828,2.570552572319188,KF44,KF44,True,,20120813,20250824
72104400448,721044,00448,TX,32.931,-96.435,3.48951393005262,KF46,KF46,True,,20120813,20250825
72104800471,721048,00471,TX,29.634,-104.361,3.1833894699515537,KPRS,KPRS,True,,20130731,20250825
72200812995,722008,12995,TX,27.812,-97.089,5.038443854995413,KRAS,KRAS,True,,20060101,20250825
72204253978,722042,53978,TX,32.742,-95.496,1.9995670711706557,KJDD,KJDD,True,,20060101,20250825
72209453984,722094,53984,TX,32.699,-97.047,3.167770216417709,KGPM,KGPM,True,,20060101,20250825
72210703056,722107,03056,TX,32.675,-102.654,3.828283066752467,KGNC,KGNC,True,,20060101,20250825
72211253982,722112,53982,TX,32.699,-94.949,2.103158095601505,KJXI,KJXI,True,,20060101,20250825
72211353979,722113,53979,TX,30.169,-96.98,2.7695398913536557,KGYB,KGYB,True,,20050101,20250825
72212203050,722122,03050,TX,32.693,-100.951,4.461879379528863,KSNK,KSNK,True,,20060101,20250825
72214353975,722143,53975,TX,32.579,-96.719,2.7520127118639475,KLNC,KLNC,True,,20060101,20250825
72215912980,722159,12980,TX,26.178,-97.973,4.865677712644791,KT65,KT65,True,,20060101,20250824
72216903058,722169,03058,TX,31.383,-103.511,2.7840313725490877,KPEQ,KPEQ,True,,20060101,20250825
72217423097,722174,23097,TX,34.167,-101.717,4.412252708431128,KPVW,KPVW,True,,20060101,20250825
72219223033,722192,23033,TX,32.473,-100.466,4.986986704318049,KSWW,KSWW,True,,20060101,20250825
72220212985,722202,12985,TX,29.211,-99.744,3.440931770362917,KUVA,KUVA,True,,20060101,20250825
72220912986,722209,12986,TX,28.654,-96.681,3.966141732282747,KPKV,KPKV,True,,20060101,20250825
72221403070,722214,03070,TX,35.858,-102.013,4.5781683738405405,KDUX,KDUX,True,,20060101,20250826
72223100357,722231,00357,TX,31.666,-98.149,4.823546298558346,KMNZ,KMNZ,True,,20090101,20250826
72232300362,722323,00362,TX,31.417,-97.8,2.9263438227005443,KGOP,KGOP,True,,20050101,20250825
72232403071,722324,03071,TX,32.036,-102.101,4.797058999700268,KMDD,KMDD,True,,20060101,20250825
72233812994,722338,12994,TX,27.349,-98.737,4.30515939597294,KHBV,KHBV,True,,20060101,20250826
72235112953,722351,12953,TX,29.266,-96.008,3.345327490228006,KARM,KARM,True,,20060101,20250826
72236293937,722362,93937,TX,33.167,-95.617,3.335079591351223,KSLR,KSLR,True,,20060101,20250825
72236323098,722363,23098,TX,29.947,-100.173,4.7836720226840805,KECU,KECU,True,,20060101,20250825
72236900365,722369,00365,TX,27.917,-97.2,5.0954522862820655,KTFP,KTFP,True,,20071016,20250825
72241012917,722410,12917,TX,29.952,-94.026,3.8888645418322714,KBPT,KBPT,True,,19730101,20250827
72241612971,722416,12971,TX,29.709,-98.046,4.136365833030999,KBAZ,KBAZ,True,,19990317,20250827
72242012923,722420,12923,TX,29.27,-94.864,5.373471450226932,KGLS,KGLS,True,,19930101,20250824
72242712975,722427,12975,TX,29.519,-95.242,3.1166558314912614,KLVJ,KLVJ,True,,20060101,20250827
72242953910,722429,53910,TX,30.068,-95.556,2.6607079160378886,KDWH,KDWH,True,,20060101,20250827
72243012960,722430,12960,TX,29.984,-95.361,3.631249999999755,KIAH,KIAH,True,,19730101,20250827
72243612906,722436,12906,TX,29.617,-95.167,4.101749049429657,KEFD,KEFD,True,,19410701,20250825
72244012918,722440,12918,TX,29.646,-95.282,4.295658465991117,KHOU,KHOU,True,,20050101,20250827
72244453902,722444,53902,TX,30.361,-95.418,2.7323741007193703,KCXO,KCXO,True,,20060101,20250827
72244693987,722446,93987,TX,31.236,-94.755,2.731487982716697,KLFK,KLFK,True,,19730101,20250827
72244753903,722447,53903,TX,30.744,-95.587,3.45723666929322,KUTS,KUTS,True,,20060101,20250827
72244813972,722448,13972,TX,32.359,-95.404,3.858912594631592,KTYR,KTYR,True,,19730101,20250827
72246953912,722469,53912,TX,32.032,-96.399,4.158920063525402,KCRS,KCRS,True,,20060101,20250827
72247003901,722470,03901,TX,32.391,-94.714,3.2822562517560083,KGGG,KGGG,True,,19910204,20250827
72247953907,722479,53907,TX,32.658,-97.095,4.04103101424959,KGKY,KGKY,True,,20060101,20250827
72248953911,722489,53911,TX,32.713,-96.269,3.7426623559177368,KTRL,KTRL,True,,20060101,20250827
72249953948,722499,53948,TX,31.578,-94.709,2.639557328529125,KOCH,KOCH,True,,20060101,20250825
72250012919,722500,12919,TX,25.915,-97.423,4.978371067921711,KBRO,KBRO,True,,19470101,20250827
72250512904,722505,12904,TX,26.23,-97.656,5.238477987421013,KHRL,KHRL,True,,19420301,20250827
72250612959,722506,12959,TX,26.179,-98.245,5.082565255401126,KMFE,KMFE,True,,19730101,20250827
72250812957,722508,12957,TX,26.16,-97.338,5.355861911814485,KPIL,KPIL,True,,20050101,20250827
72251012924,722510,12924,TX,27.773,-97.513,5.468038930528645,KCRP,KCRP,True,,19460801,20250827
72251512926,722515,12926,TX,27.688,-97.292,6.041868749143343,KNGP,KNGP,True,,19730101,20250827
72251612928,722516,12928,TX,27.509,-97.804,4.683274523641414,KNQI,KNQI,True,,19730101,20250825
72251712932,722517,12932,TX,27.741,-98.025,4.098053874450904,KALI,KALI,True,,19460801,20250827
72251812974,722518,12974,TX,27.895,-98.043,4.758393532851586,KNOG,KNOG,True,,20110301,20250825
72252012907,722520,12907,TX,27.533,-99.467,5.074137931034268,KLRD,KLRD,True,,20081124,20250825
72252312970,722523,12970,TX,29.339,-98.472,3.655451839826666,KSSF,KSSF,True,,19990101,20250827
72252412972,722524,12972,TX,28.084,-97.047,4.65482180293457,KRKP,KRKP,True,,20060101,20250827
72252612947,722526,12947,TX,28.459,-99.223,4.0049225952338645,KCOT,KCOT,True,,19730101,20250826
72252712976,722527,12976,TX,29.115,-95.463,3.4855003498949557,KLBX,KLBX,True,,20060101,20250826
72253012921,722530,12921,TX,29.544,-98.484,4.292165634319405,KSAT,KSAT,True,,19460814,20250827
72253312962,722533,12962,TX,29.36,-99.174,4.354058697208056,KHDO,KHDO,True,,19420915,20250827
72253512909,722535,12909,TX,29.383,-98.583,4.051228632478063,KSKF,KSKF,True,,19370707,20250825
72253612911,722536,12911,TX,29.533,-98.262,3.9480301602257057,KRND,KRND,True,,19380401,20250826
72253712961,722537,12961,TX,29.983,-99.083,3.4282149373190864,KERV,KERV,True,,20060101,20250825
72253912979,722539,12979,TX,29.891,-97.864,4.152729729729506,KHYI,KHYI,True,,20060101,20250825
72254013904,722540,13904,TX,30.183,-97.68,3.655137498561504,KAUS,KAUS,True,,19990524,20250827
72254153914,722541,53914,TX,33.183,-96.59,4.079162454873483,KTKI,KTKI,True,,20060101,20250827
72254203999,722542,03999,TX,30.741,-98.235,3.390193783326636,KBMQ,KBMQ,True,,20060101,20250827
72254312977,722543,12977,TX,29.62,-95.657,3.7414352999502074,KSGR,KSGR,True,,20060101,20250827
72254413958,722544,13958,TX,30.321,-97.76,2.3716919585875824,KATT,KATT,True,,19990602,20250825
72254753942,722547,53942,TX,30.679,-97.679,3.844612068965399,KGTU,KGTU,True,,20060101,20250825
72255012912,722550,12912,TX,28.862,-96.93,4.241575670986381,KVCT,KVCT,True,,19411104,20250827
72255512935,722555,12935,TX,28.725,-96.254,4.927368114252185,KPSX,KPSX,True,,19460801,20250827
72256013959,722560,13959,TX,31.618,-97.228,4.438653530377224,KACT,KACT,True,,19420514,20250827
72256199999,722561,99999,TX,31.638,-97.074,3.88139658848632,KCNW,KCNW,True,,20070605,20250824
72256353952,722563,53952,TX,31.485,-97.316,4.017878410192297,KPWG,KPWG,True,,20060101,20250825
72257003933,722570,03933,TX,31.133,-97.717,4.268503423540462,KHLR,KHLR,True,,19601101,20250825
72257503972,722575,03972,TX,31.083,-97.683,4.097576713507099,KILE,KILE,True,,20060101,20250825
72257603902,722576,03902,TX,31.067,-97.833,4.14763171899907,KGRK,KGRK,True,,19500926,20250825
72257793984,722577,93984,TX,31.15,-97.417,4.699861763892462,KTPL,KTPL,True,,20060101,20250825
72258013960,722580,13960,TX,32.838,-96.836,3.910919881305452,KDAL,KDAL,True,,19460726,20250827
72258793955,722587,93955,TX,33.633,-95.45,3.942499999999772,KPRX,KPRX,True,,20060101,20250825
72258813926,722588,13926,TX,33.068,-96.065,3.725459039547277,KGVT,KGVT,True,,20060101,20250825
72258903991,722589,03991,TX,33.209,-97.199,4.1559076570115785,KDTO,KDTO,True,,20060101,20250827
72259003927,722590,03927,TX,32.897,-97.022,4.824326249554358,KDFW,KDFW,True,,19730101,20250827
72259303985,722593,03985,TX,32.565,-97.308,3.2855185909976945,KFWS,KFWS,True,,20060101,20250825
72259453909,722594,53909,TX,32.994,-97.32,4.825317935974049,KAFW,KAFW,True,,20060101,20250827
72259513911,722595,13911,TX,32.767,-97.45,4.478706883679068,KNFW,KNFW,True,,19421201,20250825
72259793985,722597,93985,TX,32.782,-98.06,4.074839340597712,KMWL,KMWL,True,,19480310,20250827
72259803970,722598,03970,TX,32.969,-96.836,3.786277118296735,KADS,KADS,True,,20060101,20250825
72259903971,722599,03971,TX,32.678,-96.868,4.3462823962609205,KRBD,KRBD,True,,20060101,20250827
72260003969,722600,03969,TX,32.215,-98.178,3.377734869968536,KSEP,KSEP,True,,19840101,20250825
72261022010,722610,22010,TX,29.378,-100.927,4.473868215216462,KDRT,KDRT,True,,19510501,20250827
72261522001,722615,22001,TX,29.367,-100.783,4.931888544891287,KDLF,KDLF,True,,19430217,20250825
72261603032,722616,03032,TX,30.048,-102.213,4.397515404492099,K6R6,K6R6,True,,20060101,20250827
72261823091,722618,23091,TX,30.912,-102.917,5.158180689226736,KFST,KFST,True,,20050101,20250827
72263023034,722630,23034,TX,31.352,-100.495,4.25793366738216,KSJT,KSJT,True,,19480215,20250827
72263793046,722637,93046,TX,35.9,-100.4,3.67244274809118,KHHF,KHHF,True,,20060101,20250826
72264093035,722640,93035,TX,30.371,-104.017,3.237298810356874,KMRF,KMRF,True,,19361201,20250825
72264803031,722648,03031,TX,31.925,-102.387,5.299755725190611,KODO,KODO,True,,20060101,20250825
72265023023,722650,23023,TX,31.948,-102.209,5.394889791897106,KMAF,KMAF,True,,19480201,20250827
72265623040,722656,23040,TX,31.78,-103.202,5.109192886456968,KINK,KINK,True,,19460801,20250810
72266013962,722660,13962,TX,32.411,-99.682,4.9336141336136725,KABI,KABI,True,,19460801,20250826
72266693943,722666,93943,TX,31.8,-98.95,3.540233341351245,KBWD,KBWD,True,,20060101,20250826
72267023042,722670,23042,TX,33.666,-101.823,5.546836953926459,KLBB,KLBB,True,,19450810,20250827
72270023044,722700,23044,TX,31.812,-106.377,4.189355777749384,KELP,KELP,True,,19410401,20250827
72270499999,722704,99999,TX,31.85,-106.38,4.305688472477673,KBIF,KBIF,True,,20100614,20250824
72351013966,723510,13966,TX,33.979,-98.493,5.048465116278607,KSPS,KSPS,True,,19420413,20250825
72351399999,723513,99999,TX,33.967,-98.483,4.257142857142857,KSHP,KSHP,True,,19870731,20250730
72362893942,723628,93942,TX,31.178,-99.324,4.361084266351971,KBBD,KBBD,True,,20060101,20250825
72362953998,723629,53998,TX,30.069,-93.804,2.3819280660373545,KORG,KORG,True,,20060101,20250825
72363023047,723630,23047,TX,35.22,-101.717,6.033851239668866,KAMA,KAMA,True,,19430301,20250827
72363503024,723635,03024,TX,35.695,-101.396,4.795361549273618,KBGD,KBGD,True,,20060101,20250827
72366023007,723660,23007,TX,34.427,-100.284,4.78336920648559,KCDS,KCDS,True,,20050101,20250827
72376123901,723761,23901,TX,30.516,-96.704,3.442396921385136,KRWV,KRWV,True,,20060101,20250825
72446203073,724462,03073,TX,31.307,-95.404,1.861912138298337,KDKR,KDKR,True,,20050611,20250826
74733503059,747335,03059,TX,30.586,-100.649,2.977805395130853,KSOA,KSOA,True,,20060101,20250825
74735553997,747355,53997,TX,31.917,-98.6,3.772609187867891,KMKN,KMKN,True,,20060101,20250825
74736093042,747360,93042,TX,36.025,-102.549,5.586829268292343,KDHT,KDHT,True,,20050101,20250827
74739013961,747390,13961,TX,32.825,-97.364,4.548849142354309,KFTW,KFTW,True,,20050101,20250827
74740013973,747400,13973,TX,30.51,-99.766,3.2563502282568755,KJCT,KJCT,True,,19770827,20250827
74746003904,747460,03904,TX,30.591,-96.363,4.021082138200526,KCLL,KCLL,True,,20050101,20250827
99471099999,994710,99999,TX,27.3,-97.42,6.190643591130244,,,False,,20040608,20250824
99479099999,994790,99999,TX,28.45,-96.4,6.164065040650292,,,False,,20040608,20250824
99480099999,994800,99999,TX,26.8,-97.47,6.952883922133943,,,False,,20040608,20250824
99736199999,997361,99999,TX,29.48,-94.92,5.184360360360281,,,False,,20080101,20250824
99736499999,997364,99999,TX,29.3,-94.78,3.348305695746277,,,False,,20080101,20250824
99737099999,997370,99999,TX,29.68,-94.98,4.032514894385206,,,False,,20080101,20250824
99772999999,997729,99999,TX,29.35,-94.72,5.933575713506534,,,False,,20080101,20250824
99818299999,998182,99999,TX,29.517,-94.5,4.498421911844612,,,False,,20080115,20250824
99818499999,998184,99999,TX,27.833,-97.067,4.40922049801506,,,False,,20100101,20250824
99818599999,998185,99999,TX,28.4,-96.717,4.974517931158699,,,False,,20080115,20250824
99822599999,998225,99999,TX,29.867,-93.933,3.258079625292838,,,False,,20081022,20250824
99822699999,998226,99999,TX,28.017,-97.05,4.911488673139077,,,False,,20081022,20250824
99823699999,998236,99999,TX,27.633,-97.233,5.297868882066038,,,False,,20081114,20250824
99848199999,998481,99999,TX,29.726,-95.266,2.5276265993874367,,,False,,20111006,20250824
99848299999,998482,99999,TX,27.812,-97.39,0.0,,,False,,20111006,20250824
99848399999,998483,99999,TX,26.077,-97.177,5.476591523895272,,,False,,20111006,20250824
99848799999,998487,99999,TX,28.64,-96.595,5.745300378856155,,,False,,20111006,20250824
99849099999,998490,99999,TX,29.689,-93.842,5.58228190338847,,,False,,20120114,20250824
99999900477,999999,00477,TX,29.529,-97.464,3.21899626202522,,,False,,20140731,20250825
99999903047,999999,03047,TX,31.622,-102.807,2.763839052429884,,,False,,20030521,20250828
99999903054,999999,03054,TX,33.956,-102.774,2.853728222996519,,,False,,20040227,20250828
99999903072,999999,03072,TX,32.041,-100.25,1.7496341463414675,,,False,,20061215,20250828
99999912987,999999,12987,TX,26.526,-98.063,1.5443825117575394,,,False,,20040219,20250828
99999922016,999999,22016,TX,29.348,-103.209,2.061167247386752,,,False,,20070224,20250828
99999923906,999999,23906,TX,28.305,-96.823,0.9449651567944276,,,False,,20071116,20250828
99999923907,999999,23907,TX,30.622,-98.085,2.211132404181186,,,False,,20080201,20250828
99999953968,999999,53968,TX,31.78,-95.723,1.3510538233757263,,,False,,20030525,20250828
A0000253928,A00002,53928,TX,30.219,-96.374,2.6193783630696386,K11R,K11R,True,,20060101,20250826
A0000812978,A00008,12978,TX,29.908,-96.95,3.197622274238625,K3T5,K3T5,True,,20060101,20250825
A0001953969,A00019,53969,TX,34.226,-99.284,4.266299600122477,KF05,KF05,True,,20060101,20250825
A0573500209,A05735,00209,TX,33.6,-97.783,3.0505907300812214,K0F2,K0F2,True,,20120101,20250825
72056599999,720565,99999,UT,40.482,-111.429,1.8810082704936535,K36U,K36U,True,,20100412,20250824
72056724180,720567,24180,UT,41.552,-112.062,2.5002132329880578,KBMC,KBMC,True,,20140724,20250825
72056899999,720568,99999,UT,38.967,-112.367,3.8751997541483214,KFOM,KFOM,True,,20230712,20250824
72056999999,720569,99999,UT,37.011,-112.531,2.0736535008976538,KKNB,KKNB,True,,20130813,20250402
72057299999,720572,99999,UT,40.612,-112.351,4.246882584950757,KTVY,KTVY,True,,20150506,20250824
72470093141,724700,93141,UT,39.609,-110.755,3.426465060652675,KPUC,KPUC,True,,20060101,20250827
72473323170,724733,23170,UT,38.417,-110.7,2.507845370092615,KHVE,KHVE,True,,20140724,20250825
72475023176,724750,23176,UT,38.423,-113.011,4.993103448275486,KMLF,KMLF,True,,20050101,20250824
72475423186,724754,23186,UT,37.1,-113.6,3.355671356609376,KSGU,KSGU,True,,20060101,20250825
72475593129,724755,93129,UT,37.707,-113.097,4.005602689290756,KCDC,KCDC,True,,19730101,20250827
72475623159,724756,23159,UT,37.701,-112.149,4.149779281930373,KBCE,KBCE,True,,19730101,20250827
72477693075,724776,93075,UT,38.75,-109.763,3.249063412957598,KCNY,KCNY,True,,20060101,20250827
72479694128,724796,94128,UT,41.787,-111.852,2.210577353423961,KLGU,KLGU,True,,19990101,20250827
72479723176,724797,23176,UT,38.417,-113.017,5.035831344470769,KMLF,KMLF,True,,19970101,20250827
72570594030,725705,94030,UT,40.443,-109.513,2.6530198019803466,KVEL,KVEL,True,,20060101,20250827
72572024127,725720,24127,UT,40.771,-111.965,3.85377093264853,KSLC,KSLC,True,,19411101,20250825
72572424174,725724,24174,UT,40.219,-111.723,3.285921556122425,KPVU,KPVU,True,,20060101,20250826
72575024126,725750,24126,UT,41.194,-112.017,3.3721506914639234,KOGD,KOGD,True,,19730101,20250827
72575399999,725753,99999,UT,41.05,-113.07,4.080916509730108,KU16,KU16,True,,19910711,20250824
72575524101,725755,24101,UT,41.117,-111.967,4.27435602244911,KHIF,KHIF,True,,19411001,20250825
72581024193,725810,24193,UT,40.721,-114.036,3.531717747683545,KENV,KENV,True,,19420801,20250826
74003024103,740030,24103,UT,40.183,-112.933,2.998834818368722,KDPG,KDPG,True,,20060103,20250822
99999900480,999999,00480,UT,41.05,-113.06,3.709656596953433,,,False,,20140731,20250825
99999904138,999999,04138,UT,41.616,-112.544,1.7013416971597866,,,False,,20070819,20250828
99999953149,999999,53149,UT,38.303,-111.294,2.339693326363479,,,False,,20071002,20250828
A0001603036,A00016,03036,UT,37.583,-109.483,3.608117762995067,KBDG,KBDG,True,,20140724,20250825
A0001823162,A00018,23162,UT,39.383,-112.517,5.019671140939256,KDTA,KDTA,True,,20140820,20250825
A0002804116,A00028,04116,UT,40.619,-111.993,4.152348899172473,KU42,KU42,True,,20160815,20250423
72027803704,720278,03704,VA,36.687,-77.483,0.7634371811033421,KEMV,KEMV,True,,20060101,20250826
72028503734,720285,03734,VA,37.521,-76.765,1.8972436157274208,KFYJ,KFYJ,True,,20060101,20250825
72029703730,720297,03730,VA,37.239,-76.716,2.6410660798332186,KJGG,KJGG,True,,20060101,20250825
72031703735,720317,03735,VA,38.398,-77.456,1.846600584572184,KRMN,KRMN,True,,20060101,20250826
72049800153,720498,00153,VA,37.4,-77.517,2.4441226096739026,KFCI,KFCI,True,,20100517,20250826
72049900154,720499,00154,VA,36.783,-76.45,2.2306685401565205,KPVG,KPVG,True,,20110503,20250825
72050100155,720501,00155,VA,37.85,-76.883,1.7524813096157177,KXSA,KXSA,True,,20090101,20250825
72076800274,720768,00274,VA,36.654,-83.218,1.299278364292411,K0VG,K0VG,True,,20100921,20250825
72077799999,720777,99999,VA,36.773,-77.794,1.523024125042409,KLVL,KLVL,True,,20140625,20250824
72216703718,722167,03718,VA,38.247,-78.046,1.6406171510583378,KOMH,KOMH,True,,20060101,20250826
72269200367,722692,00367,VA,38.586,-77.711,1.83535317102476,KHWY,KHWY,True,,20090101,20250826
72307513769,723075,13769,VA,36.817,-76.033,4.176624156038834,KNTU,KNTU,True,,19730101,20250825
72308013737,723080,13737,VA,36.904,-76.193,3.964764403629246,KORF,KORF,True,,19730101,20250827
72308313763,723083,13763,VA,36.698,-76.903,2.145535073018589,KFKN,KFKN,True,,19941016,20250825
72308493775,723084,93775,VA,37.709,-77.435,2.039963119072836,KOFP,KOFP,True,,20050101,20250827
72308513750,723085,13750,VA,36.937,-76.289,4.108296622613627,KNGU,KNGU,True,,19730101,20250827
72308693741,723086,93741,VA,37.132,-76.494,3.2805432297968413,KPHF,KPHF,True,,20000101,20250827
72308793735,723087,93735,VA,37.133,-76.6,2.822009365687522,KFAF,KFAF,True,,19601101,20250825
72309893798,723098,93798,VA,38.527,-77.859,1.3488037416801135,KCJR,KCJR,True,,20060101,20250826
72311403715,723114,03715,VA,38.01,-77.97,2.3628914938378385,KLKU,KLKU,True,,20060101,20250826
72400603701,724006,03701,VA,36.666,-76.321,1.835404952745378,KCPK,KCPK,True,,20060101,20250826
72400703719,724007,03719,VA,36.682,-76.602,2.579361283060985,KSFQ,KSFQ,True,,20050101,20250825
72401013740,724010,13740,VA,37.512,-77.323,3.455232295895077,KRIC,KRIC,True,,19420924,20250826
72401493714,724014,93714,VA,37.183,-77.5,1.723321554770127,KPTB,KPTB,True,,20060101,20250826
72401599999,724015,99999,VA,37.074,-77.958,2.532881728304619,KBKT,KBKT,True,,20030922,20250824
72401693736,724016,93736,VA,38.137,-78.455,2.1359477985764648,KCHO,KCHO,True,,19730101,20250827
72401703707,724017,03707,VA,37.358,-78.438,1.194970161977852,KFVX,KFVX,True,,20060101,20250826
72401993773,724019,93773,VA,36.983,-77.001,1.5741666666667615,KAKQ,KAKQ,True,,20060101,20250827
72402093739,724020,93739,VA,37.937,-75.466,4.167736789630614,KWAL,KWAL,True,,19730101,20250827
72402603716,724026,03716,VA,37.647,-75.761,3.772327044025217,KMFV,KMFV,True,,20060101,20250825
72403093738,724030,93738,VA,38.935,-77.447,3.3459164733176494,KIAD,KIAD,True,,19730101,20250827
72403303706,724033,03706,VA,38.267,-77.449,2.2273565323562217,KEZF,KEZF,True,,20060101,20250825
72403513773,724035,13773,VA,38.504,-77.305,3.5099402092674308,KNYG,KNYG,True,,19730101,20250826
72403603710,724036,03710,VA,38.721,-77.515,2.695623601789727,KHEF,KHEF,True,,20060101,20250826
72403793728,724037,93728,VA,38.717,-77.183,1.838818705673852,KDAA,KDAA,True,,19570201,20250825
72405013743,724050,13743,VA,38.847,-77.035,3.9052620134807903,KDCA,KDCA,True,,19360901,20250827
72405303717,724053,03717,VA,39.143,-78.144,2.5855253534857603,KOKV,KOKV,True,,20060101,20250826
72405503714,724055,03714,VA,39.078,-77.558,2.983693626536972,KJYO,KJYO,True,,20060101,20250825
72405663805,724056,63805,VA,36.895,-81.35,3.151992103373513,KMKJ,KMKJ,True,,20060101,20250825
72405853818,724058,53818,VA,36.683,-82.033,2.571921693414148,KVJI,KVJI,True,,20060101,20250825
72410013733,724100,13733,VA,37.321,-79.206,2.013381012804333,KLYH,KLYH,True,,19730101,20250827
72410593760,724105,93760,VA,38.264,-78.896,1.971804148576724,KSHD,KSHD,True,,20060101,20250826
72410613728,724106,13728,VA,36.573,-79.335,2.061893701325445,KDAN,KDAN,True,,19730101,20250827
72410753895,724107,53895,VA,36.766,-80.823,3.2192088145487774,KHLX,KHLX,True,,20060101,20250825
72411013741,724110,13741,VA,37.317,-79.974,2.9965084120763503,KROA,KROA,True,,19730101,20250825
72411353881,724113,53881,VA,37.208,-80.408,1.7639988027535,KBCB,KBCB,True,,20060101,20250825
72411593757,724115,93757,VA,37.95,-79.817,4.5899050966600665,KHSP,KHSP,True,,20060101,20250825
72411613868,724116,13868,VA,37.133,-80.683,2.6306582793235638,KPSK,KPSK,True,,19940818,20250825
72411763802,724117,63802,VA,36.988,-82.53,2.8707077365608447,KLNP,KLNP,True,,20060101,20250825
72411893797,724118,93797,VA,36.688,-78.054,1.8305009587725432,KAVC,KAVC,True,,20060101,20250825
72517213762,725172,13762,VA,36.701,-76.129,2.330739500128899,KNFE,KNFE,True,,20070601,20250827
74598013702,745980,13702,VA,37.083,-76.36,3.982119372786797,KLFI,KLFI,True,,19361001,20250825
74598563806,745985,63806,VA,36.631,-80.018,1.680821426436152,KMTV,KMTV,True,,20060101,20250826
99731599999,997315,99999,VA,37.22,-76.48,4.307964601769846,,,False,,20080101,20250824
99737199999,997371,99999,VA,37.17,-75.98,4.787084468664703,,,False,,20080101,20250824
99769399999,997693,99999,VA,36.88,-76.33,3.8179730941703873,,,False,,20080101,20250824
99778299999,997782,99999,VA,36.967,-76.417,3.998421524663643,,,False,,20080101,20250824
99801799999,998017,99999,VA,37.417,-76.717,0.6053157992220738,,,False,,20080101,20250824
99824599999,998245,99999,VA,36.983,-76.317,5.573503505302808,,,False,,20081114,20250824
99999903739,999999,03739,VA,37.291,-75.927,2.1764808362369434,,,False,,20040303,20250828
99999903759,999999,03759,VA,37.998,-78.466,1.45731218406833,,,False,,20070329,20250828
A0680000120,A06800,00120,VA,37.067,-81.8,2.2075788274024912,KJFZ,KJFZ,True,,20140731,20250825
A0688400416,A06884,00416,VA,38.667,-78.501,1.811206579108699,KLUA,KLUA,True,,20140731,20250826
72049200151,720492,00151,VT,44.567,-72.017,1.6684481921862602,KCDA,KCDA,True,,20090101,20250825
72049354758,720493,54758,VT,44.883,-72.233,2.6479665503544725,KEFK,KEFK,True,,20090101,20250826
72049400152,720494,00152,VT,44.933,-73.1,2.201698337291805,KFSO,KFSO,True,,20080401,20250826
72102899999,721028,99999,VT,43.985,-73.095,2.176649299681739,,,False,,20120227,20250824
72516594737,725165,94737,VT,43.533,-72.95,3.2831803880439,KRUT,KRUT,True,,20060101,20250826
72611454771,726114,54771,VT,44.533,-72.615,1.999004750056622,KMVL,KMVL,True,,20060101,20250827
72611554740,726115,54740,VT,43.342,-72.521,1.6644510739857696,KVSF,KVSF,True,,20060101,20250827
72614594705,726145,94705,VT,44.205,-72.565,2.785271317829336,KMPV,KMPV,True,,19730101,20250827
72616654781,726166,54781,VT,42.891,-73.247,2.2029317565903668,KDDH,KDDH,True,,20060101,20250827
72617014742,726170,14742,VT,44.468,-73.15,3.731470065823504,KBTV,KBTV,True,,19480101,20250827
99999900425,999999,00425,VT,43.985,-73.095,2.172481622651536,,,False,,20140731,20250825
72025400119,720254,00119,WA,46.683,-122.983,1.6739651022862088,KCLS,KCLS,True,,20070216,20250825
72027294282,720272,94282,WA,48.467,-122.417,2.132819513347174,KBVS,KBVS,True,,20060101,20250825
72038800469,720388,00469,WA,47.104,-122.287,0.5125850768843176,KPLU,KPLU,True,,20070401,20250825
72074924255,720749,24255,WA,48.35,-122.667,3.665515572050901,KNUW,KNUW,True,,20050101,20250825
72220804224,722208,04224,WA,48.708,-122.911,2.345311377245121,KORS,KORS,True,,20060101,20250826
72698824219,726988,24219,WA,45.619,-121.166,3.641221374045776,KDLS,KDLS,True,,19730101,20250827
72781024243,727810,24243,WA,46.564,-120.535,2.64514698428785,KYKM,KYKM,True,,19730101,20250827
72781524237,727815,24237,WA,47.277,-121.337,1.5446681397823236,KSMP,KSMP,True,,19730101,20250825
72782594239,727825,94239,WA,47.397,-120.201,3.4544705333540104,KEAT,KEAT,True,,20000101,20250827
72782724110,727827,24110,WA,47.193,-119.315,3.0794355478040503,KMWH,KMWH,True,,19430610,20250827
72784524163,727845,24163,WA,46.27,-119.118,2.7648847474253366,KPSC,KPSC,True,,19730101,20250827
72784624160,727846,24160,WA,46.095,-118.286,3.2554068280944013,KALW,KALW,True,,19410901,20250827
72785024157,727850,24157,WA,47.622,-117.528,3.540334528076192,KGEG,KGEG,True,,19410811,20250827
72785524114,727855,24114,WA,47.633,-117.65,3.424483076517665,KSKA,KSKA,True,,19400401,20250825
72785694176,727856,94176,WA,47.686,-117.321,1.922029814787022,KSFF,KSFF,True,,20060101,20250827
72785794129,727857,94129,WA,46.744,-117.116,3.0312615823235705,KPUW,KPUW,True,,20060101,20250827
72787094119,727870,94119,WA,47.974,-117.429,2.35849004039572,KDEW,KDEW,True,,20100801,20250827
72787399999,727873,99999,WA,48.544,-117.884,1.438327211804812,K63S,K63S,True,,19890908,20250824
72788324220,727883,24220,WA,47.034,-120.531,4.248579970104519,KELN,KELN,True,,19880106,20250827
72788499999,727884,99999,WA,46.306,-119.304,2.1792486906263986,KRLD,KRLD,True,,19810203,20250824
72788594266,727885,94266,WA,48.122,-123.507,2.4773961444475305,KCLM,KCLM,True,,20060101,20250827
72789094197,727890,94197,WA,48.461,-119.521,3.0969797644216097,KOMK,KOMK,True,,20060101,20250827
72790024141,727900,24141,WA,47.308,-119.516,3.72805355976478,KEPH,KEPH,True,,20050101,20250827
72791894298,727918,94298,WA,45.621,-122.654,2.002142219577633,KVUO,KVUO,True,,20060101,20250827
72792024227,727920,24227,WA,46.974,-122.905,2.145607620513732,KOLM,KOLM,True,,19730101,20250827
72792394225,727923,94225,WA,46.973,-123.931,3.959865148667706,KHQM,KHQM,True,,19910108,20250827
72792424223,727924,24223,WA,46.117,-122.894,2.223067155756354,KKLS,KKLS,True,,19900208,20250825
72792594227,727925,94227,WA,47.238,-123.141,2.524354731965529,KSHN,KSHN,True,,19990101,20250827
72792894263,727928,94263,WA,47.483,-122.767,2.397237368229741,KPWT,KPWT,True,,20060101,20250825
72793024233,727930,24233,WA,47.445,-122.314,3.448436437797074,KSEA,KSEA,True,,19480101,20250827
72793494248,727934,94248,WA,47.495,-122.214,2.2525266573946747,KRNT,KRNT,True,,20060101,20250825
72793524234,727935,24234,WA,47.546,-122.315,2.259954579863888,KBFI,KBFI,True,,19431001,20250827
72793724222,727937,24222,WA,47.923,-122.283,3.0863977605291644,KPAE,KPAE,True,,20060101,20250827
72793894274,727938,94274,WA,47.267,-122.576,2.400738246341198,KTIW,KTIW,True,,20060101,20250827
72794504205,727945,04205,WA,48.161,-122.159,2.3341762737077345,KAWO,KAWO,True,,20060101,20250825
72797094240,727970,94240,WA,47.937,-124.558,2.169498892108248,KUIL,KUIL,True,,19730101,20250827
72797624217,727976,24217,WA,48.799,-122.541,2.629162042175392,KBLI,KBLI,True,,19480101,20250827
72798594276,727985,94276,WA,48.52,-123.026,2.17863296144626,KFHR,KFHR,True,,20060101,20250827
74201099999,742010,99999,WA,48.141,-123.414,3.3569140839061795,KNOW,KNOW,True,,20060619,20250824
74206024207,742060,24207,WA,47.15,-122.483,2.3832310267855923,KTCM,KTCM,True,,19400722,20250825
74207124201,742071,24201,WA,47.083,-122.583,2.54204715969978,KGRF,KGRF,True,,20110101,20250825
99401399999,994013,99999,WA,48.863,-122.758,0.0,,,False,,20080101,20250824
99401599999,994015,99999,WA,48.547,-123.01,1.9946931407943085,,,False,,20080101,20250824
99402199999,994021,99999,WA,48.368,-124.617,0.0,,,False,,20080101,20250824
99402499999,994024,99999,WA,48.125,-123.44,3.1835634575374927,,,False,,20080101,20250824
99402599999,994025,99999,WA,48.112,-122.758,3.2055825679813705,,,False,,20080101,20250824
99402999999,994029,99999,WA,46.708,-123.965,4.066684674950428,,,False,,20080101,20250824
99404899999,994048,99999,WA,47.267,-122.413,0.0,,,False,,20080101,20250824
99769699999,997696,99999,WA,47.92,-124.63,3.19183000549564,,,False,,20080101,20250824
99800799999,998007,99999,WA,48.467,-122.467,2.721802106847404,,,False,,20080101,20250824
99820499999,998204,99999,WA,46.917,-124.117,5.090922242314498,,,False,,20080721,20250824
99825699999,998256,99999,WA,47.276,-122.418,2.6466415905428744,,,False,,20100101,20250824
99999904136,999999,04136,WA,47.417,-117.526,1.4210866526904269,,,False,,20070801,20250828
99999904223,999999,04223,WA,48.541,-121.446,0.5307611914300564,,,False,,20030403,20250828
99999904237,999999,04237,WA,47.514,-123.812,0.2941996167914994,,,False,,20060909,20250828
A0002694297,A00026,94297,WA,48.217,-122.633,2.5430201342283087,KNRA,KNRA,True,,20060324,20250825
72032704995,720327,04995,WI,44.892,-91.868,3.17179079891689,KLUM,KLUM,True,,20060101,20250825
72034354852,720343,54852,WI,44.333,-89.02,2.7738992930666075,KPCZ,KPCZ,True,,20060101,20250825
72058600183,720586,00183,WI,42.683,-90.45,3.598042221959548,KPVB,KPVB,True,,20090101,20250825
72058900185,720589,00185,WI,44.783,-88.55,2.405634972417882,KEZS,KEZS,True,,20090201,20250825
72083599999,720835,99999,WI,46.789,-90.759,2.315996890323745,K4R5,K4R5,True,,20161111,20250824
72085900286,720859,00286,WI,44.251,-90.855,1.913581098019332,KBCK,KBCK,True,,20101118,20250825
72088700297,720887,00297,WI,46.117,-89.883,2.750551850321122,KD25,KD25,True,,20111215,20250825
72092900316,720929,00316,WI,45.506,-91.981,3.4116029905214758,KUBE,KUBE,True,,20110309,20250825
72205904866,722059,04866,WI,42.69,-88.304,3.0526909155634483,KBUU,KBUU,True,,20060101,20250825
72217904968,722179,04968,WI,45.15,-92.533,3.281551164847476,KRNH,KRNH,True,,20060101,20250825
72218304972,722183,04972,WI,45.823,-92.373,2.742563505913826,KRZN,KRZN,True,,20060101,20250825
72312314886,723123,14886,WI,46.15,-89.217,2.2605201383737468,KLNL,KLNL,True,,20060101,20250825
72375854928,723758,54928,WI,45.497,-91.001,3.044375750299514,KRCX,KRCX,True,,20090617,20250825
72640014839,726400,14839,WI,42.955,-87.905,4.465452232245738,KMKE,KMKE,True,,19480101,20250827
72640404865,726404,04865,WI,45.928,-89.731,2.813966776625271,KARV,KARV,True,,20060101,20250825
72640594869,726405,94869,WI,43.109,-88.031,2.6114461194862746,KMWC,KMWC,True,,19730101,20250825
72640904897,726409,04897,WI,43.041,-88.237,3.212372038607488,KUES,KUES,True,,20060101,20250825
72641014837,726410,14837,WI,43.141,-89.345,3.3518630075856777,KMSN,KMSN,True,,19480101,20250825
72641304875,726413,04875,WI,43.417,-88.133,3.242021307904502,KETB,KETB,True,,20060101,20250825
72641404873,726414,04873,WI,42.615,-89.591,4.646888797315449,KEFT,KEFT,True,,20060101,20250825
72641594854,726415,94854,WI,42.617,-89.033,3.2861699916872458,KJVL,KJVL,True,,20060101,20250825
72641614921,726416,14921,WI,43.211,-90.187,3.0752469887670166,KLNR,KLNR,True,,19730101,20250827
72641754911,726417,54911,WI,45.101,-90.303,3.0444091337093537,KMDZ,KMDZ,True,,20060101,20250825
72641854912,726418,54912,WI,45.308,-92.69,2.9950232640314587,KOEO,KOEO,True,,20060101,20250825
72641994929,726419,94929,WI,46.547,-90.918,3.3930552085933563,KASX,KASX,True,,20060101,20250827
72642494818,726424,94818,WI,42.759,-87.818,4.207726901062723,KRAC,KRAC,True,,20060101,20250827
72642504841,726425,04841,WI,43.775,-87.849,4.186897570143434,KSBM,KSBM,True,,20060101,20250827
72642604895,726426,04895,WI,44.55,-89.533,2.8383160986349742,KSTE,KSTE,True,,20060101,20250817
72642754908,726427,54908,WI,46.689,-92.094,2.972729475915824,KSUW,KSUW,True,,20060101,20250825
72643014920,726430,14920,WI,43.879,-91.253,3.7545014662755207,KLSE,KLSE,True,,19480101,20250827
72643514991,726435,14991,WI,44.867,-91.488,3.403150889582925,KEAU,KEAU,True,,19730101,20250827
72643694930,726436,94930,WI,43.933,-90.267,3.206203331418556,KVOK,KVOK,True,,19611001,20250825
72643794940,726437,94940,WI,43.967,-90.733,1.4730150214592952,KCMY,KCMY,True,,20060101,20250825
72643894994,726438,94994,WI,43.156,-90.678,2.0591462632997084,KOVS,KOVS,True,,20060101,20250827
72644404963,726444,04963,WI,43.019,-91.124,2.549401020044675,KPDC,KPDC,True,,20060101,20250825
72644904891,726449,04891,WI,45.199,-89.711,2.487225685252984,KRRL,KRRL,True,,20060101,20250825
72645014898,726450,14898,WI,44.48,-88.137,4.051749723144736,KGRB,KGRB,True,,19500101,20250827
72645204826,726452,04826,WI,44.359,-89.837,3.3235370107219686,KISW,KISW,True,,20060101,20250827
72645594897,726455,94897,WI,44.133,-87.667,4.014469545324397,KMTW,KMTW,True,,20060101,20250825
72645694855,726456,94855,WI,43.987,-88.556,4.079508309297965,KOSH,KOSH,True,,20060101,20250827
72645704825,726457,04825,WI,44.267,-88.517,3.889536637930639,KATW,KATW,True,,20060101,20250825
72645804824,726458,04824,WI,44.85,-87.417,4.327414016405029,KSUE,KSUE,True,,20060101,20250825
72646314897,726463,14897,WI,44.927,-89.625,3.504062838569705,KAUW,KAUW,True,,19900314,20250827
72646454834,726464,54834,WI,43.167,-88.717,3.2685020966516967,KRYV,KRYV,True,,20060101,20250724
72646594890,726465,94890,WI,44.783,-89.667,3.650042283297741,KCWA,KCWA,True,,20060101,20250825
72646754909,726467,54909,WI,45.419,-91.773,2.8337225482480224,KRPD,KRPD,True,,20060101,20250825
72646854913,726468,54913,WI,45.709,-90.402,2.385126787079652,KPBH,KPBH,True,,20060101,20250825
72650254832,726502,54832,WI,44.614,-88.731,3.358325960006366,KCLI,KCLI,True,,20060101,20250825
72650354833,726503,54833,WI,43.522,-89.774,3.0280105944667555,KDLL,KDLL,True,,20060101,20250825
72650454838,726504,54838,WI,45.932,-89.269,2.6803931745924374,KEGV,KEGV,True,,20060101,20250825
72650504845,726505,04845,WI,42.595,-87.938,4.454571519592038,KENW,KENW,True,,20060101,20250825
72650604840,726506,04840,WI,43.77,-88.491,4.273224568137962,KFLD,KFLD,True,,19990101,20250827
72650754907,726507,54907,WI,42.887,-90.236,3.00724056753781,KMRJ,KMRJ,True,,20060101,20250825
72650894973,726508,94973,WI,46.03,-91.443,2.579186971018202,KHYR,KHYR,True,,20060101,20250827
72650904898,726509,04898,WI,43.426,-88.703,3.5256493827157285,KUNU,KUNU,True,,20060101,20250825
72657494985,726574,94985,WI,44.638,-90.188,3.9987014624303954,KMFI,KMFI,True,,20060101,20250827
72662604864,726626,04864,WI,45.154,-89.111,3.5590022969543704,KAIG,KAIG,True,,20060101,20250825
72741504803,727415,04803,WI,45.631,-89.482,3.018283770161154,KRHI,KRHI,True,,20060101,20250827
99497399999,994973,99999,WI,45.28,-86.98,4.178981818181721,,,False,,20080207,20250824
99734299999,997342,99999,WI,43.05,-87.88,4.505149829535148,,,False,,20080327,20250824
99773699999,997736,99999,WI,43.38,-87.87,3.4072353389184795,,,False,,20080101,20250703
99773899999,997738,99999,WI,46.57,-90.43,3.4500000000000006,,,False,,20080102,20250103
99774199999,997741,99999,WI,44.45,-87.483,4.122007168458729,,,False,,20080101,20250824
99821699999,998216,99999,WI,45.2,-87.35,3.617160826594784,,,False,,20080917,20250824
99999954903,999999,54903,WI,44.06,-90.174,2.0509930313588898,,,False,,20041001,20250828
A0705600464,A07056,00464,WI,44.874,-87.91,2.818700715758279,KOCQ,KOCQ,True,,20140731,20250825
A0735400132,A07354,00132,WI,44.033,-89.3,3.2964046579329715,KY50,KY50,True,,20140731,20250825
A0735500241,A07355,00241,WI,43.579,-90.913,3.484883939184732,KY51,KY51,True,,20140731,20250825
72032863832,720328,63832,WV,39.0,-80.274,2.2541361812600025,KW22,KW22,True,,20060101,20250826
72412003872,724120,03872,WV,37.784,-81.123,3.4651276480169453,KBKW,KBKW,True,,19730101,20250827
72412503859,724125,03859,WV,37.298,-81.204,2.9493831314489074,KBLF,KBLF,True,,20000101,20250827
72412753801,724127,53801,WV,37.867,-80.4,1.6952159697126123,KLWB,KLWB,True,,20060101,20250825
72414013866,724140,13866,WV,38.38,-81.591,2.0832706324947865,KCRW,KCRW,True,,19730101,20250825
72417013729,724170,13729,WV,38.89,-79.855,2.1126319758672327,KEKN,KEKN,True,,19730101,20250827
72417503802,724175,03802,WV,39.302,-80.224,2.6532188310885663,KCKB,KCKB,True,,20060101,20250827
72417613736,724176,13736,WV,39.65,-79.921,2.328005993257625,KMGW,KMGW,True,,19730101,20250827
72417713734,724177,13734,WV,39.404,-77.975,2.760371088341187,KMRB,KMRB,True,,19730101,20250827
72425003860,724250,03860,WV,38.365,-82.555,2.433855395837701,KHTS,KHTS,True,,19730101,20250827
72427303804,724273,03804,WV,39.339,-81.444,2.387333333333396,KPKB,KPKB,True,,19900208,20250827
72427514894,724275,14894,WV,40.17,-80.644,3.455544978581378,KHLG,KHLG,True,,19730101,20250827
99999903733,999999,03733,WV,39.013,-79.474,1.8342742638090284,,,False,,20031117,20250828
A0001263879,A00012,63879,WV,38.687,-80.652,0.8941589492162104,K48I,K48I,True,,20061018,20250825
A0003103725,A00031,03725,WV,38.994,-79.144,2.207605299337384,KW99,KW99,True,,20060101,20250823
72034594086,720345,94086,WY,42.796,-109.807,3.020103029559142,KPNA,KPNA,True,,20060101,20250825
72051699999,720516,99999,WY,42.711,-110.942,1.7153790263984967,KAFO,KAFO,True,,20131113,20250824
72051724165,720517,24165,WY,41.824,-110.557,4.483136287806749,KEMM,KEMM,True,,20130627,20250826
72051800449,720518,00449,WY,41.393,-110.406,4.88510801558258,KFBR,KFBR,True,,20130801,20250826
72051999999,720519,99999,WY,44.867,-108.793,4.998815080789904,KPOY,KPOY,True,,20140707,20250824
72052100475,720521,00475,WY,41.444,-106.828,4.289038336196833,KSAA,KSAA,True,,20130502,20250825
72052200443,720522,00443,WY,43.548,-109.69,5.351452319241516,KDUB,KDUB,True,,20130514,20250825
72061999999,720619,99999,WY,41.133,-104.867,4.618574973413323,KFEW,KFEW,True,,20090423,20250824
72068499999,720684,99999,WY,42.05,-104.933,3.654180882264279,KEAN,KEAN,True,,20160331,20250824
72074799999,720747,99999,WY,41.733,-106.467,6.058646164935053,KEHY,KEHY,True,,20100914,20250824
72097799999,720977,99999,WY,41.333,-104.267,5.950539204672619,,,False,,20130226,20250824
72103600353,721036,00353,WY,43.467,-108.389,6.547087750670771,KTBX,KTBX,True,,20120806,20250825
72222100444,722221,00444,WY,41.037,-107.493,3.0391128741431377,KDWX,KDWX,True,,20130731,20250826
72564024018,725640,24018,WY,41.158,-104.808,5.018001493014283,KCYS,KCYS,True,,19480101,20250827
72564524022,725645,24022,WY,41.317,-105.673,5.254886363636032,KLAR,KLAR,True,,19730101,20250827
72568694057,725686,94057,WY,42.796,-105.38,4.576162391989909,KDGW,KDGW,True,,20060101,20250827
72569024089,725690,24089,WY,42.898,-106.474,5.005326498773816,KCPR,KCPR,True,,19400101,20250827
72574424027,725744,24027,WY,41.595,-109.053,5.313226333778921,KRKS,KRKS,True,,19900301,20250827
72576024021,725760,24021,WY,42.815,-108.726,2.913592384519393,KLND,KLND,True,,19730101,20250827
72576394053,725763,94053,WY,42.061,-104.158,4.570058708414675,KTOR,KTOR,True,,20060101,20250827
72577504111,725775,04111,WY,41.273,-111.031,4.805401696606429,KEVW,KEVW,True,,19730101,20250827
72577624166,725776,24166,WY,43.6,-110.733,3.5774413112930903,KJAC,KJAC,True,,20060101,20250825
72665094023,726650,94023,WY,44.34,-105.542,5.024526928675163,KGCC,KGCC,True,,20060101,20250827
72665494054,726654,94054,WY,44.381,-106.72,4.863088732760511,KBYG,KBYG,True,,20060101,20250827
72666024029,726660,24029,WY,44.76,-106.974,3.457429030530039,KSHR,KSHR,True,,19730101,20250827
72666494173,726664,94173,WY,44.545,-110.422,0.9875894245723048,KP60,KP60,True,,19790322,20250825
72666524062,726665,24062,WY,43.965,-107.95,2.94032463399114,KWRL,KWRL,True,,20000101,20250827
72666724048,726667,24048,WY,44.517,-108.075,3.377746167219809,KGEY,KGEY,True,,20060101,20250827
72669024057,726690,24057,WY,41.806,-107.195,5.241926811052818,KRWL,KRWL,True,,20100801,20250827
72670024045,726700,24045,WY,44.517,-109.017,3.45179471513664,KCOD,KCOD,True,,20060101,20250825
72671024164,726710,24164,WY,42.578,-110.11,3.281462140992136,KBPI,KBPI,True,,19990101,20250827
72672024061,726720,24061,WY,43.062,-108.447,3.814287415168193,KRIW,KRIW,True,,20070401,20250827
99999900484,999999,00484,WY,44.663,-104.568,3.2225759215629988,,,False,,20140731,20250825
99999904131,999999,04131,WY,43.662,-110.712,1.510380321004886,,,False,,20040630,20250828
99999994078,999999,94078,WY,42.675,-108.669,2.2208282369386643,,,False,,20040703,20250828
99999994088,999999,94088,WY,44.517,-104.436,2.5222706662016083,,,False,,20070822,20250828
