year,month,state,capacity_factor
1995,1,AL,0.029119
1995,1,AR,0.037494
1995,1,AZ,0.022909
1995,1,CA,0.057446
1995,1,CO,0.032246
1995,1,CT,0.033662
1995,1,DE,0.039517
1995,1,FL,0.035313
1995,1,GA,0.030855
1995,1,IA,0.074944
1995,1,ID,0.051188
1995,1,IL,0.072938
1995,1,IN,0.067059
1995,1,KS,0.066548
1995,1,KY,0.035021
1995,1,LA,0.044337
1995,1,MA,0.074451
1995,1,MD,0.043958
1995,1,ME,0.030714
1995,1,MI,0.051012
1995,1,MN,0.054388
1995,1,MO,0.051532
1995,1,MS,0.031584
1995,1,MT,0.05144
1995,1,NC,0.036095
1995,1,ND,0.071168
1995,1,NE,0.051297
1995,1,NH,0.092817
1995,1,NJ,0.06123
1995,1,NM,0.062049
1995,1,NV,0.054166
1995,1,NY,0.069806
1995,1,OH,0.088775
1995,1,OK,0.06754
1995,1,OR,0.082611
1995,1,PA,0.051645
1995,1,RI,0.105304
1995,1,SC,0.03162
1995,1,SD,0.058648
1995,1,TN,0.032056
1995,1,TX,0.06454
1995,1,UT,0.026217
1995,1,VA,0.037405
1995,1,VT,0.035015
1995,1,WA,0.02632
1995,1,WI,0.054519
1995,1,WV,0.022314
1995,1,WY,0.073834
1995,2,AL,0.035125
1995,2,AR,0.035979
1995,2,AZ,0.02507
1995,2,CA,0.017512
1995,2,CO,0.051173
1995,2,CT,0.053834
1995,2,DE,0.063544
1995,2,FL,0.046369
1995,2,GA,0.043904
1995,2,IA,0.108896
1995,2,ID,0.039297
1995,2,IL,0.085981
1995,2,IN,0.081631
1995,2,KS,0.098436
1995,2,KY,0.043708
1995,2,LA,0.03826
1995,2,MA,0.110552
1995,2,MD,0.060648
1995,2,ME,0.044965
1995,2,MI,0.075129
1995,2,MN,0.079265
1995,2,MO,0.073423
1995,2,MS,0.030809
1995,2,MT,0.104528
1995,2,NC,0.036717
1995,2,ND,0.139141
1995,2,NE,0.09629
1995,2,NH,0.098513
1995,2,NJ,0.082665
1995,2,NM,0.064975
1995,2,NV,0.033574
1995,2,NY,0.094944
1995,2,OH,0.091256
1995,2,OK,0.091082
1995,2,OR,0.038975
1995,2,PA,0.074985
1995,2,RI,0.147868
1995,2,SC,0.038132
1995,2,SD,0.104859
1995,2,TN,0.036853
1995,2,TX,0.061219
1995,2,UT,0.026445
1995,2,VA,0.050913
1995,2,VT,0.047187
1995,2,WA,0.038588
1995,2,WI,0.078885
1995,2,WV,0.029217
1995,2,WY,0.087933
1995,3,AL,0.029428
1995,3,AR,0.038672
1995,3,AZ,0.035277
1995,3,CA,0.057716
1995,3,CO,0.074303
1995,3,CT,0.033602
1995,3,DE,0.045715
1995,3,FL,0.046293
1995,3,GA,0.029166
1995,3,IA,0.081706
1995,3,ID,0.056759
1995,3,IL,0.069894
1995,3,IN,0.055775
1995,3,KS,0.133302
1995,3,KY,0.033001
1995,3,LA,0.044003
1995,3,MA,0.057238
1995,3,MD,0.03853
1995,3,ME,0.03697
1995,3,MI,0.038439
1995,3,MN,0.057182
1995,3,MO,0.08076
1995,3,MS,0.035447
1995,3,MT,0.084131
1995,3,NC,0.038043
1995,3,ND,0.113463
1995,3,NE,0.126209
1995,3,NH,0.097816
1995,3,NJ,0.057616
1995,3,NM,0.096601
1995,3,NV,0.091846
1995,3,NY,0.051991
1995,3,OH,0.049297
1995,3,OK,0.105703
1995,3,OR,0.058549
1995,3,PA,0.042603
1995,3,RI,0.076663
1995,3,SC,0.030905
1995,3,SD,0.105431
1995,3,TN,0.032522
1995,3,TX,0.08476
1995,3,UT,0.068537
1995,3,VA,0.033349
1995,3,VT,0.029466
1995,3,WA,0.039101
1995,3,WI,0.041819
1995,3,WV,0.019099
1995,3,WY,0.114435
1995,4,AL,0.02061
1995,4,AR,0.042176
1995,4,AZ,0.046141
1995,4,CA,0.067443
1995,4,CO,0.067271
1995,4,CT,0.03707
1995,4,DE,0.049727
1995,4,FL,0.029432
1995,4,GA,0.024501
1995,4,IA,0.129062
1995,4,ID,0.059563
1995,4,IL,0.107902
1995,4,IN,0.095035
1995,4,KS,0.120862
1995,4,KY,0.053029
1995,4,LA,0.035048
1995,4,MA,0.070697
1995,4,MD,0.042419
1995,4,ME,0.045033
1995,4,MI,0.06741
1995,4,MN,0.070362
1995,4,MO,0.085209
1995,4,MS,0.021975
1995,4,MT,0.07298
1995,4,NC,0.036877
1995,4,ND,0.107541
1995,4,NE,0.115903
1995,4,NH,0.097325
1995,4,NJ,0.06054
1995,4,NM,0.103236
1995,4,NV,0.079761
1995,4,NY,0.071786
1995,4,OH,0.086938
1995,4,OK,0.087895
1995,4,OR,0.02941
1995,4,PA,0.056868
1995,4,RI,0.09269
1995,4,SC,0.028573
1995,4,SD,0.11013
1995,4,TN,0.031255
1995,4,TX,0.0921
1995,4,UT,0.05934
1995,4,VA,0.039058
1995,4,VT,0.05414
1995,4,WA,0.0317
1995,4,WI,0.074028
1995,4,WV,0.032875
1995,4,WY,0.079236
1995,5,AL,0.018536
1995,5,AR,0.031254
1995,5,AZ,0.057204
1995,5,CA,0.056686
1995,5,CO,0.075648
1995,5,CT,0.031252
1995,5,DE,0.027898
1995,5,FL,0.028034
1995,5,GA,0.030279
1995,5,IA,0.067205
1995,5,ID,0.031091
1995,5,IL,0.066245
1995,5,IN,0.05955
1995,5,KS,0.094042
1995,5,KY,0.02983
1995,5,LA,0.033435
1995,5,MA,0.06256
1995,5,MD,0.023672
1995,5,ME,0.034949
1995,5,MI,0.047226
1995,5,MN,0.059153
1995,5,MO,0.046198
1995,5,MS,0.0195
1995,5,MT,0.062308
1995,5,NC,0.028444
1995,5,ND,0.09966
1995,5,NE,0.095642
1995,5,NH,0.081973
1995,5,NJ,0.039191
1995,5,NM,0.130488
1995,5,NV,0.046986
1995,5,NY,0.049963
1995,5,OH,0.050912
1995,5,OK,0.064699
1995,5,OR,0.028994
1995,5,PA,0.037135
1995,5,RI,0.090629
1995,5,SC,0.029821
1995,5,SD,0.084142
1995,5,TN,0.023969
1995,5,TX,0.091486
1995,5,UT,0.042998
1995,5,VA,0.022327
1995,5,VT,0.041087
1995,5,WA,0.025854
1995,5,WI,0.054458
1995,5,WV,0.016888
1995,5,WY,0.069662
1995,6,AL,0.012907
1995,6,AR,0.013837
1995,6,AZ,0.04765
1995,6,CA,0.060204
1995,6,CO,0.04847
1995,6,CT,0.015518
1995,6,DE,0.021558
1995,6,FL,0.031469
1995,6,GA,0.020193
1995,6,IA,0.039155
1995,6,ID,0.029834
1995,6,IL,0.028104
1995,6,IN,0.023271
1995,6,KS,0.067509
1995,6,KY,0.012301
1995,6,LA,0.017379
1995,6,MA,0.037192
1995,6,MD,0.014024
1995,6,ME,0.016745
1995,6,MI,0.018125
1995,6,MN,0.032324
1995,6,MO,0.021951
1995,6,MS,0.009159
1995,6,MT,0.046361
1995,6,NC,0.017124
1995,6,ND,0.075879
1995,6,NE,0.073554
1995,6,NH,0.061305
1995,6,NJ,0.025291
1995,6,NM,0.080369
1995,6,NV,0.05952
1995,6,NY,0.030461
1995,6,OH,0.016624
1995,6,OK,0.052032
1995,6,OR,0.031733
1995,6,PA,0.017239
1995,6,RI,0.064705
1995,6,SC,0.021552
1995,6,SD,0.056171
1995,6,TN,0.011089
1995,6,TX,0.063821
1995,6,UT,0.047142
1995,6,VA,0.013124
1995,6,VT,0.020441
1995,6,WA,0.0281
1995,6,WI,0.020048
1995,6,WV,0.006812
1995,6,WY,0.054325
1995,7,AL,0.013698
1995,7,AR,0.018071
1995,7,AZ,0.030066
1995,7,CA,0.041965
1995,7,CO,0.030427
1995,7,CT,0.011198
1995,7,DE,0.016105
1995,7,FL,0.023961
1995,7,GA,0.014445
1995,7,IA,0.031336
1995,7,ID,0.031712
1995,7,IL,0.037386
1995,7,IN,0.029389
1995,7,KS,0.05128
1995,7,KY,0.012262
1995,7,LA,0.024013
1995,7,MA,0.033227
1995,7,MD,0.013355
1995,7,ME,0.01507
1995,7,MI,0.028499
1995,7,MN,0.035251
1995,7,MO,0.02787
1995,7,MS,0.011516
1995,7,MT,0.048926
1995,7,NC,0.009094
1995,7,ND,0.059468
1995,7,NE,0.044649
1995,7,NH,0.072696
1995,7,NJ,0.018559
1995,7,NM,0.040126
1995,7,NV,0.064176
1995,7,NY,0.031639
1995,7,OH,0.032901
1995,7,OK,0.043883
1995,7,OR,0.027768
1995,7,PA,0.016098
1995,7,RI,0.051922
1995,7,SC,0.013084
1995,7,SD,0.047663
1995,7,TN,0.012468
1995,7,TX,0.050053
1995,7,UT,0.039112
1995,7,VA,0.009489
1995,7,VT,0.023061
1995,7,WA,0.031928
1995,7,WI,0.039389
1995,7,WV,0.006739
1995,7,WY,0.053597
1995,8,AL,0.019664
1995,8,AR,0.009122
1995,8,AZ,0.02768
1995,8,CA,0.036149
1995,8,CO,0.025342
1995,8,CT,0.016495
1995,8,DE,0.015371
1995,8,FL,0.036532
1995,8,GA,0.023007
1995,8,IA,0.017582
1995,8,ID,0.027685
1995,8,IL,0.016646
1995,8,IN,0.013708
1995,8,KS,0.069111
1995,8,KY,0.007875
1995,8,LA,0.008226
1995,8,MA,0.04355
1995,8,MD,0.01436
1995,8,ME,0.022925
1995,8,MI,0.019554
1995,8,MN,0.029067
1995,8,MO,0.016459
1995,8,MS,0.009726
1995,8,MT,0.067787
1995,8,NC,0.020449
1995,8,ND,0.092779
1995,8,NE,0.044604
1995,8,NH,0.068094
1995,8,NJ,0.0276
1995,8,NM,0.036413
1995,8,NV,0.050679
1995,8,NY,0.028683
1995,8,OH,0.015603
1995,8,OK,0.03334
1995,8,OR,0.026444
1995,8,PA,0.013718
1995,8,RI,0.061317
1995,8,SC,0.019352
1995,8,SD,0.051577
1995,8,TN,0.009765
1995,8,TX,0.032515
1995,8,UT,0.038105
1995,8,VA,0.018112
1995,8,VT,0.028199
1995,8,WA,0.026383
1995,8,WI,0.020875
1995,8,WV,0.005041
1995,8,WY,0.046535
1995,9,AL,0.011234
1995,9,AR,0.01343
1995,9,AZ,0.023968
1995,9,CA,0.030762
1995,9,CO,0.026675
1995,9,CT,0.022695
1995,9,DE,0.018178
1995,9,FL,0.014026
1995,9,GA,0.015757
1995,9,IA,0.02707
1995,9,ID,0.021463
1995,9,IL,0.036447
1995,9,IN,0.024789
1995,9,KS,0.060967
1995,9,KY,0.008708
1995,9,LA,0.016783
1995,9,MA,0.042563
1995,9,MD,0.01334
1995,9,ME,0.028714
1995,9,MI,0.027482
1995,9,MN,0.030704
1995,9,MO,0.025257
1995,9,MS,0.008625
1995,9,MT,0.042775
1995,9,NC,0.018859
1995,9,ND,0.052689
1995,9,NE,0.052614
1995,9,NH,0.071616
1995,9,NJ,0.02333
1995,9,NM,0.043295
1995,9,NV,0.029242
1995,9,NY,0.032876
1995,9,OH,0.025887
1995,9,OK,0.042421
1995,9,OR,0.019439
1995,9,PA,0.016642
1995,9,RI,0.056721
1995,9,SC,0.013313
1995,9,SD,0.051342
1995,9,TN,0.00987
1995,9,TX,0.03586
1995,9,UT,0.026147
1995,9,VA,0.013499
1995,9,VT,0.031298
1995,9,WA,0.014436
1995,9,WI,0.034991
1995,9,WV,0.005078
1995,9,WY,0.037305
1995,10,AL,0.023641
1995,10,AR,0.029845
1995,10,AZ,0.018626
1995,10,CA,0.025935
1995,10,CO,0.052777
1995,10,CT,0.033534
1995,10,DE,0.032695
1995,10,FL,0.036807
1995,10,GA,0.023753
1995,10,IA,0.08839
1995,10,ID,0.048318
1995,10,IL,0.083504
1995,10,IN,0.076377
1995,10,KS,0.133349
1995,10,KY,0.026474
1995,10,LA,0.025857
1995,10,MA,0.057523
1995,10,MD,0.023248
1995,10,ME,0.042315
1995,10,MI,0.069679
1995,10,MN,0.068333
1995,10,MO,0.073357
1995,10,MS,0.01595
1995,10,MT,0.111606
1995,10,NC,0.019872
1995,10,ND,0.093712
1995,10,NE,0.130621
1995,10,NH,0.084571
1995,10,NJ,0.038216
1995,10,NM,0.055695
1995,10,NV,0.02653
1995,10,NY,0.066681
1995,10,OH,0.081942
1995,10,OK,0.079347
1995,10,OR,0.026531
1995,10,PA,0.038381
1995,10,RI,0.081555
1995,10,SC,0.022996
1995,10,SD,0.108955
1995,10,TN,0.023948
1995,10,TX,0.056957
1995,10,UT,0.027585
1995,10,VA,0.021723
1995,10,VT,0.048002
1995,10,WA,0.028318
1995,10,WI,0.066807
1995,10,WV,0.019421
1995,10,WY,0.097121
1995,11,AL,0.02257
1995,11,AR,0.043355
1995,11,AZ,0.014845
1995,11,CA,0.016558
1995,11,CO,0.044802
1995,11,CT,0.054031
1995,11,DE,0.072827
1995,11,FL,0.026798
1995,11,GA,0.021092
1995,11,IA,0.093693
1995,11,ID,0.042989
1995,11,IL,0.094492
1995,11,IN,0.10587
1995,11,KS,0.096117
1995,11,KY,0.04428
1995,11,LA,0.033956
1995,11,MA,0.078329
1995,11,MD,0.046905
1995,11,ME,0.046575
1995,11,MI,0.069849
1995,11,MN,0.073012
1995,11,MO,0.072486
1995,11,MS,0.023225
1995,11,MT,0.099578
1995,11,NC,0.028745
1995,11,ND,0.135233
1995,11,NE,0.089754
1995,11,NH,0.10009
1995,11,NJ,0.057874
1995,11,NM,0.063599
1995,11,NV,0.023901
1995,11,NY,0.08054
1995,11,OH,0.111642
1995,11,OK,0.093842
1995,11,OR,0.047794
1995,11,PA,0.055552
1995,11,RI,0.108634
1995,11,SC,0.023924
1995,11,SD,0.09044
1995,11,TN,0.035556
1995,11,TX,0.067648
1995,11,UT,0.020092
1995,11,VA,0.041238
1995,11,VT,0.042873
1995,11,WA,0.055286
1995,11,WI,0.073914
1995,11,WV,0.025849
1995,11,WY,0.10244
1995,12,AL,0.023762
1995,12,AR,0.027076
1995,12,AZ,0.013842
1995,12,CA,0.033112
1995,12,CO,0.027001
1995,12,CT,0.041902
1995,12,DE,0.074515
1995,12,FL,0.029967
1995,12,GA,0.022127
1995,12,IA,0.071626
1995,12,ID,0.037683
1995,12,IL,0.075282
1995,12,IN,0.075341
1995,12,KS,0.063453
1995,12,KY,0.024407
1995,12,LA,0.03121
1995,12,MA,0.088032
1995,12,MD,0.041355
1995,12,ME,0.050503
1995,12,MI,0.066629
1995,12,MN,0.074294
1995,12,MO,0.044332
1995,12,MS,0.025528
1995,12,MT,0.08206
1995,12,NC,0.022048
1995,12,ND,0.125733
1995,12,NE,0.063713
1995,12,NH,0.079205
1995,12,NJ,0.064047
1995,12,NM,0.041705
1995,12,NV,0.036521
1995,12,NY,0.08258
1995,12,OH,0.096491
1995,12,OK,0.057577
1995,12,OR,0.060578
1995,12,PA,0.060378
1995,12,RI,0.101023
1995,12,SC,0.016835
1995,12,SD,0.079044
1995,12,TN,0.02998
1995,12,TX,0.056038
1995,12,UT,0.020915
1995,12,VA,0.036309
1995,12,VT,0.023825
1995,12,WA,0.039874
1995,12,WI,0.074618
1995,12,WV,0.022485
1995,12,WY,0.078115
1996,1,AL,0.042831
1996,1,AR,0.059183
1996,1,AZ,0.036347
1996,1,CA,0.044771
1996,1,CO,0.065775
1996,1,CT,0.068256
1996,1,DE,0.11976
1996,1,FL,0.046343
1996,1,GA,0.041958
1996,1,IA,0.109887
1996,1,ID,0.05532
1996,1,IL,0.120458
1996,1,IN,0.114455
1996,1,KS,0.141562
1996,1,KY,0.053863
1996,1,LA,0.059767
1996,1,MA,0.12533
1996,1,MD,0.064136
1996,1,ME,0.069226
1996,1,MI,0.067594
1996,1,MN,0.067558
1996,1,MO,0.09297
1996,1,MS,0.041536
1996,1,MT,0.093047
1996,1,NC,0.044348
1996,1,ND,0.100469
1996,1,NE,0.12471
1996,1,NH,0.095606
1996,1,NJ,0.089634
1996,1,NM,0.094927
1996,1,NV,0.043378
1996,1,NY,0.095396
1996,1,OH,0.130329
1996,1,OK,0.133008
1996,1,OR,0.057409
1996,1,PA,0.069569
1996,1,RI,0.141751
1996,1,SC,0.044409
1996,1,SD,0.096726
1996,1,TN,0.052892
1996,1,TX,0.104958
1996,1,UT,0.040308
1996,1,VA,0.050413
1996,1,VT,0.045352
1996,1,WA,0.039211
1996,1,WI,0.081191
1996,1,WV,0.033764
1996,1,WY,0.115475
1996,2,AL,0.035337
1996,2,AR,0.047001
1996,2,AZ,0.036463
1996,2,CA,0.039107
1996,2,CO,0.05499
1996,2,CT,0.06079
1996,2,DE,0.118079
1996,2,FL,0.041613
1996,2,GA,0.037626
1996,2,IA,0.116099
1996,2,ID,0.046041
1996,2,IL,0.095503
1996,2,IN,0.084885
1996,2,KS,0.109806
1996,2,KY,0.045043
1996,2,LA,0.050226
1996,2,MA,0.107185
1996,2,MD,0.072287
1996,2,ME,0.052508
1996,2,MI,0.061122
1996,2,MN,0.088372
1996,2,MO,0.084763
1996,2,MS,0.036767
1996,2,MT,0.12986
1996,2,NC,0.03797
1996,2,ND,0.17962
1996,2,NE,0.136739
1996,2,NH,0.097551
1996,2,NJ,0.085842
1996,2,NM,0.088812
1996,2,NV,0.040811
1996,2,NY,0.096609
1996,2,OH,0.092637
1996,2,OK,0.077353
1996,2,OR,0.081137
1996,2,PA,0.074236
1996,2,RI,0.112531
1996,2,SC,0.038692
1996,2,SD,0.139511
1996,2,TN,0.053547
1996,2,TX,0.087145
1996,2,UT,0.032987
1996,2,VA,0.053544
1996,2,VT,0.036661
1996,2,WA,0.042976
1996,2,WI,0.06812
1996,2,WV,0.02699
1996,2,WY,0.116277
1996,3,AL,0.050171
1996,3,AR,0.060918
1996,3,AZ,0.048585
1996,3,CA,0.044444
1996,3,CO,0.066246
1996,3,CT,0.039087
1996,3,DE,0.10223
1996,3,FL,0.07346
1996,3,GA,0.051455
1996,3,IA,0.116901
1996,3,ID,0.053628
1996,3,IL,0.120494
1996,3,IN,0.106912
1996,3,KS,0.156124
1996,3,KY,0.049806
1996,3,LA,0.067774
1996,3,MA,0.086485
1996,3,MD,0.056937
1996,3,ME,0.06177
1996,3,MI,0.074048
1996,3,MN,0.077578
1996,3,MO,0.088897
1996,3,MS,0.040803
1996,3,MT,0.083343
1996,3,NC,0.067669
1996,3,ND,0.138286
1996,3,NE,0.150742
1996,3,NH,0.079443
1996,3,NJ,0.073517
1996,3,NM,0.109433
1996,3,NV,0.060935
1996,3,NY,0.078289
1996,3,OH,0.102503
1996,3,OK,0.156599
1996,3,OR,0.031483
1996,3,PA,0.06037
1996,3,RI,0.096204
1996,3,SC,0.06217
1996,3,SD,0.11871
1996,3,TN,0.059733
1996,3,TX,0.118739
1996,3,UT,0.056355
1996,3,VA,0.058484
1996,3,VT,0.03142
1996,3,WA,0.030481
1996,3,WI,0.084273
1996,3,WV,0.027469
1996,3,WY,0.087835
1996,4,AL,0.034861
1996,4,AR,0.065506
1996,4,AZ,0.056425
1996,4,CA,0.061986
1996,4,CO,0.106814
1996,4,CT,0.056687
1996,4,DE,0.127381
1996,4,FL,0.03847
1996,4,GA,0.033421
1996,4,IA,0.12602
1996,4,ID,0.070362
1996,4,IL,0.127663
1996,4,IN,0.11954
1996,4,KS,0.195441
1996,4,KY,0.064614
1996,4,LA,0.053732
1996,4,MA,0.12367
1996,4,MD,0.061334
1996,4,ME,0.071032
1996,4,MI,0.065229
1996,4,MN,0.065452
1996,4,MO,0.120885
1996,4,MS,0.034814
1996,4,MT,0.119885
1996,4,NC,0.064717
1996,4,ND,0.127765
1996,4,NE,0.159339
1996,4,NH,0.10208
1996,4,NJ,0.094238
1996,4,NM,0.124932
1996,4,NV,0.075352
1996,4,NY,0.083335
1996,4,OH,0.118612
1996,4,OK,0.15318
1996,4,OR,0.046204
1996,4,PA,0.072735
1996,4,RI,0.15277
1996,4,SC,0.04924
1996,4,SD,0.111473
1996,4,TN,0.064028
1996,4,TX,0.123863
1996,4,UT,0.070528
1996,4,VA,0.065411
1996,4,VT,0.03606
1996,4,WA,0.047339
1996,4,WI,0.075486
1996,4,WV,0.04193
1996,4,WY,0.12159
1996,5,AL,0.012583
1996,5,AR,0.035483
1996,5,AZ,0.056005
1996,5,CA,0.071573
1996,5,CO,0.076717
1996,5,CT,0.028339
1996,5,DE,0.033447
1996,5,FL,0.024927
1996,5,GA,0.014578
1996,5,IA,0.080057
1996,5,ID,0.047631
1996,5,IL,0.078081
1996,5,IN,0.058855
1996,5,KS,0.1303
1996,5,KY,0.029053
1996,5,LA,0.029497
1996,5,MA,0.056207
1996,5,MD,0.022012
1996,5,ME,0.033391
1996,5,MI,0.043972
1996,5,MN,0.048876
1996,5,MO,0.065982
1996,5,MS,0.012437
1996,5,MT,0.064462
1996,5,NC,0.024747
1996,5,ND,0.077223
1996,5,NE,0.087726
1996,5,NH,0.078307
1996,5,NJ,0.035929
1996,5,NM,0.099554
1996,5,NV,0.074425
1996,5,NY,0.045577
1996,5,OH,0.061278
1996,5,OK,0.153469
1996,5,OR,0.034145
1996,5,PA,0.033736
1996,5,RI,0.079329
1996,5,SC,0.022467
1996,5,SD,0.073315
1996,5,TN,0.028537
1996,5,TX,0.131031
1996,5,UT,0.049031
1996,5,VA,0.023213
1996,5,VT,0.019603
1996,5,WA,0.03233
1996,5,WI,0.053364
1996,5,WV,0.015017
1996,5,WY,0.086186
1996,6,AL,0.007945
1996,6,AR,0.011525
1996,6,AZ,0.042598
1996,6,CA,0.048512
1996,6,CO,0.052068
1996,6,CT,0.017036
1996,6,DE,0.018322
1996,6,FL,0.023372
1996,6,GA,0.013372
1996,6,IA,0.040542
1996,6,ID,0.034635
1996,6,IL,0.031049
1996,6,IN,0.025968
1996,6,KS,0.060984
1996,6,KY,0.011572
1996,6,LA,0.014022
1996,6,MA,0.037799
1996,6,MD,0.013024
1996,6,ME,0.019466
1996,6,MI,0.023356
1996,6,MN,0.036619
1996,6,MO,0.02439
1996,6,MS,0.005567
1996,6,MT,0.076795
1996,6,NC,0.015291
1996,6,ND,0.088354
1996,6,NE,0.067405
1996,6,NH,0.06108
1996,6,NJ,0.022624
1996,6,NM,0.061938
1996,6,NV,0.051371
1996,6,NY,0.028277
1996,6,OH,0.02591
1996,6,OK,0.052299
1996,6,OR,0.025072
1996,6,PA,0.0167
1996,6,RI,0.048762
1996,6,SC,0.020532
1996,6,SD,0.062144
1996,6,TN,0.011515
1996,6,TX,0.055013
1996,6,UT,0.049605
1996,6,VA,0.012335
1996,6,VT,0.014744
1996,6,WA,0.028401
1996,6,WI,0.030345
1996,6,WV,0.009283
1996,6,WY,0.066093
1996,7,AL,0.011446
1996,7,AR,0.014206
1996,7,AZ,0.035971
1996,7,CA,0.037646
1996,7,CO,0.038391
1996,7,CT,0.023199
1996,7,DE,0.033532
1996,7,FL,0.025336
1996,7,GA,0.018189
1996,7,IA,0.025877
1996,7,ID,0.026379
1996,7,IL,0.032697
1996,7,IN,0.026336
1996,7,KS,0.057802
1996,7,KY,0.010774
1996,7,LA,0.009742
1996,7,MA,0.0525
1996,7,MD,0.021651
1996,7,ME,0.025453
1996,7,MI,0.022401
1996,7,MN,0.025116
1996,7,MO,0.02533
1996,7,MS,0.007921
1996,7,MT,0.050446
1996,7,NC,0.030687
1996,7,ND,0.057766
1996,7,NE,0.037123
1996,7,NH,0.07062
1996,7,NJ,0.033539
1996,7,NM,0.039721
1996,7,NV,0.035779
1996,7,NY,0.039975
1996,7,OH,0.031148
1996,7,OK,0.046532
1996,7,OR,0.030737
1996,7,PA,0.024422
1996,7,RI,0.067712
1996,7,SC,0.030703
1996,7,SD,0.046518
1996,7,TN,0.017514
1996,7,TX,0.049461
1996,7,UT,0.029444
1996,7,VA,0.022762
1996,7,VT,0.02233
1996,7,WA,0.027776
1996,7,WI,0.025814
1996,7,WV,0.008454
1996,7,WY,0.041508
1996,8,AL,0.005519
1996,8,AR,0.007563
1996,8,AZ,0.036464
1996,8,CA,0.034001
1996,8,CO,0.035617
1996,8,CT,0.007536
1996,8,DE,0.008675
1996,8,FL,0.018714
1996,8,GA,0.008988
1996,8,IA,0.013467
1996,8,ID,0.033347
1996,8,IL,0.020836
1996,8,IN,0.012773
1996,8,KS,0.048196
1996,8,KY,0.003763
1996,8,LA,0.010669
1996,8,MA,0.018996
1996,8,MD,0.004054
1996,8,ME,0.009231
1996,8,MI,0.018522
1996,8,MN,0.024273
1996,8,MO,0.015574
1996,8,MS,0.004057
1996,8,MT,0.057544
1996,8,NC,0.007251
1996,8,ND,0.06466
1996,8,NE,0.038906
1996,8,NH,0.046873
1996,8,NJ,0.009424
1996,8,NM,0.033589
1996,8,NV,0.033938
1996,8,NY,0.014537
1996,8,OH,0.010111
1996,8,OK,0.040648
1996,8,OR,0.024505
1996,8,PA,0.005756
1996,8,RI,0.036617
1996,8,SC,0.007769
1996,8,SD,0.049575
1996,8,TN,0.004187
1996,8,TX,0.045377
1996,8,UT,0.030843
1996,8,VA,0.006409
1996,8,VT,0.007093
1996,8,WA,0.031102
1996,8,WI,0.021708
1996,8,WV,0.002145
1996,8,WY,0.041644
1996,9,AL,0.009252
1996,9,AR,0.012106
1996,9,AZ,0.026261
1996,9,CA,0.033328
1996,9,CO,0.041717
1996,9,CT,0.025648
1996,9,DE,0.035955
1996,9,FL,0.019103
1996,9,GA,0.012064
1996,9,IA,0.020913
1996,9,ID,0.0392
1996,9,IL,0.029751
1996,9,IN,0.024732
1996,9,KS,0.055595
1996,9,KY,0.009839
1996,9,LA,0.01504
1996,9,MA,0.052525
1996,9,MD,0.023779
1996,9,ME,0.030206
1996,9,MI,0.030741
1996,9,MN,0.026962
1996,9,MO,0.01905
1996,9,MS,0.008178
1996,9,MT,0.060955
1996,9,NC,0.03653
1996,9,ND,0.080678
1996,9,NE,0.064411
1996,9,NH,0.064245
1996,9,NJ,0.026434
1996,9,NM,0.037162
1996,9,NV,0.032018
1996,9,NY,0.035927
1996,9,OH,0.039873
1996,9,OK,0.040342
1996,9,OR,0.017692
1996,9,PA,0.022699
1996,9,RI,0.066043
1996,9,SC,0.023063
1996,9,SD,0.068131
1996,9,TN,0.011626
1996,9,TX,0.035317
1996,9,UT,0.032093
1996,9,VA,0.026768
1996,9,VT,0.015987
1996,9,WA,0.018408
1996,9,WI,0.031567
1996,9,WV,0.011495
1996,9,WY,0.054011
1996,10,AL,0.018488
1996,10,AR,0.023547
1996,10,AZ,0.034046
1996,10,CA,0.043733
1996,10,CO,0.053694
1996,10,CT,0.035456
1996,10,DE,0.038181
1996,10,FL,0.043974
1996,10,GA,0.022833
1996,10,IA,0.091162
1996,10,ID,0.045099
1996,10,IL,0.066088
1996,10,IN,0.055654
1996,10,KS,0.123543
1996,10,KY,0.020602
1996,10,LA,0.036822
1996,10,MA,0.059666
1996,10,MD,0.020439
1996,10,ME,0.053847
1996,10,MI,0.057126
1996,10,MN,0.096912
1996,10,MO,0.062102
1996,10,MS,0.013088
1996,10,MT,0.089338
1996,10,NC,0.030924
1996,10,ND,0.138119
1996,10,NE,0.119151
1996,10,NH,0.082943
1996,10,NJ,0.042766
1996,10,NM,0.069234
1996,10,NV,0.03605
1996,10,NY,0.058368
1996,10,OH,0.059479
1996,10,OK,0.101008
1996,10,OR,0.024567
1996,10,PA,0.031757
1996,10,RI,0.069063
1996,10,SC,0.022821
1996,10,SD,0.115324
1996,10,TN,0.018731
1996,10,TX,0.058613
1996,10,UT,0.034242
1996,10,VA,0.028115
1996,10,VT,0.029966
1996,10,WA,0.028773
1996,10,WI,0.071309
1996,10,WV,0.013854
1996,10,WY,0.069565
1996,11,AL,0.025641
1996,11,AR,0.03037
1996,11,AZ,0.027169
1996,11,CA,0.036892
1996,11,CO,0.035003
1996,11,CT,0.031484
1996,11,DE,0.04261
1996,11,FL,0.06287
1996,11,GA,0.026311
1996,11,IA,0.067815
1996,11,ID,0.040887
1996,11,IL,0.056523
1996,11,IN,0.041393
1996,11,KS,0.11379
1996,11,KY,0.021741
1996,11,LA,0.041988
1996,11,MA,0.053431
1996,11,MD,0.024938
1996,11,ME,0.036494
1996,11,MI,0.037193
1996,11,MN,0.051475
1996,11,MO,0.054078
1996,11,MS,0.022212
1996,11,MT,0.064661
1996,11,NC,0.026419
1996,11,ND,0.084921
1996,11,NE,0.080137
1996,11,NH,0.087671
1996,11,NJ,0.044037
1996,11,NM,0.063563
1996,11,NV,0.02948
1996,11,NY,0.049048
1996,11,OH,0.045477
1996,11,OK,0.10236
1996,11,OR,0.032773
1996,11,PA,0.030275
1996,11,RI,0.057168
1996,11,SC,0.026299
1996,11,SD,0.075168
1996,11,TN,0.026644
1996,11,TX,0.076842
1996,11,UT,0.037607
1996,11,VA,0.024536
1996,11,VT,0.021584
1996,11,WA,0.024759
1996,11,WI,0.055401
1996,11,WV,0.012513
1996,11,WY,0.079324
1996,12,AL,0.023703
1996,12,AR,0.046509
1996,12,AZ,0.027631
1996,12,CA,0.054315
1996,12,CO,0.070683
1996,12,CT,0.035817
1996,12,DE,0.074453
1996,12,FL,0.027749
1996,12,GA,0.016479
1996,12,IA,0.074616
1996,12,ID,0.076591
1996,12,IL,0.070404
1996,12,IN,0.060672
1996,12,KS,0.082588
1996,12,KY,0.03357
1996,12,LA,0.038169
1996,12,MA,0.069815
1996,12,MD,0.032527
1996,12,ME,0.047519
1996,12,MI,0.042631
1996,12,MN,0.062404
1996,12,MO,0.056944
1996,12,MS,0.023437
1996,12,MT,0.106561
1996,12,NC,0.030161
1996,12,ND,0.137488
1996,12,NE,0.108455
1996,12,NH,0.076184
1996,12,NJ,0.052631
1996,12,NM,0.082574
1996,12,NV,0.05615
1996,12,NY,0.063097
1996,12,OH,0.072997
1996,12,OK,0.090309
1996,12,OR,0.066355
1996,12,PA,0.041039
1996,12,RI,0.086971
1996,12,SC,0.023292
1996,12,SD,0.124504
1996,12,TN,0.03747
1996,12,TX,0.073968
1996,12,UT,0.056728
1996,12,VA,0.033447
1996,12,VT,0.027398
1996,12,WA,0.043303
1996,12,WI,0.047826
1996,12,WV,0.019492
1996,12,WY,0.172223
1997,1,AL,0.030983
1997,1,AR,0.046781
1997,1,AZ,0.034362
1997,1,CA,0.041553
1997,1,CO,0.039296
1997,1,CT,0.048601
1997,1,DE,0.083876
1997,1,FL,0.033387
1997,1,GA,0.028793
1997,1,IA,0.137231
1997,1,ID,0.051822
1997,1,IL,0.092856
1997,1,IN,0.098259
1997,1,KS,0.098197
1997,1,KY,0.042594
1997,1,LA,0.050212
1997,1,MA,0.104836
1997,1,MD,0.04247
1997,1,ME,0.059605
1997,1,MI,0.075091
1997,1,MN,0.097413
1997,1,MO,0.070051
1997,1,MS,0.030153
1997,1,MT,0.100952
1997,1,NC,0.036505
1997,1,ND,0.172484
1997,1,NE,0.130436
1997,1,NH,0.091221
1997,1,NJ,0.075106
1997,1,NM,0.075187
1997,1,NV,0.043212
1997,1,NY,0.12514
1997,1,OH,0.119439
1997,1,OK,0.090518
1997,1,OR,0.045592
1997,1,PA,0.078884
1997,1,RI,0.109062
1997,1,SC,0.031534
1997,1,SD,0.158058
1997,1,TN,0.043355
1997,1,TX,0.07727
1997,1,UT,0.03502
1997,1,VA,0.045717
1997,1,VT,0.052288
1997,1,WA,0.035857
1997,1,WI,0.071166
1997,1,WV,0.035418
1997,1,WY,0.116024
1997,2,AL,0.0244
1997,2,AR,0.031098
1997,2,AZ,0.035174
1997,2,CA,0.050698
1997,2,CO,0.042923
1997,2,CT,0.033064
1997,2,DE,0.080144
1997,2,FL,0.041892
1997,2,GA,0.019155
1997,2,IA,0.060581
1997,2,ID,0.038706
1997,2,IL,0.064929
1997,2,IN,0.074883
1997,2,KS,0.08699
1997,2,KY,0.034165
1997,2,LA,0.057846
1997,2,MA,0.088391
1997,2,MD,0.044058
1997,2,ME,0.027658
1997,2,MI,0.054859
1997,2,MN,0.053458
1997,2,MO,0.049581
1997,2,MS,0.023934
1997,2,MT,0.068319
1997,2,NC,0.03213
1997,2,ND,0.109346
1997,2,NE,0.083389
1997,2,NH,0.080185
1997,2,NJ,0.064685
1997,2,NM,0.068683
1997,2,NV,0.040795
1997,2,NY,0.080723
1997,2,OH,0.086104
1997,2,OK,0.072087
1997,2,OR,0.02842
1997,2,PA,0.059046
1997,2,RI,0.086748
1997,2,SC,0.020475
1997,2,SD,0.076206
1997,2,TN,0.028804
1997,2,TX,0.066365
1997,2,UT,0.038964
1997,2,VA,0.03591
1997,2,VT,0.027487
1997,2,WA,0.030146
1997,2,WI,0.052063
1997,2,WV,0.02979
1997,2,WY,0.071116
1997,3,AL,0.0286
1997,3,AR,0.042676
1997,3,AZ,0.027954
1997,3,CA,0.036147
1997,3,CO,0.061315
1997,3,CT,0.05971
1997,3,DE,0.120956
1997,3,FL,0.038744
1997,3,GA,0.028966
1997,3,IA,0.117553
1997,3,ID,0.064045
1997,3,IL,0.092391
1997,3,IN,0.08774
1997,3,KS,0.137478
1997,3,KY,0.033536
1997,3,LA,0.040822
1997,3,MA,0.10318
1997,3,MD,0.079769
1997,3,ME,0.053482
1997,3,MI,0.055795
1997,3,MN,0.067747
1997,3,MO,0.074372
1997,3,MS,0.025918
1997,3,MT,0.1193
1997,3,NC,0.055722
1997,3,ND,0.135401
1997,3,NE,0.150105
1997,3,NH,0.084925
1997,3,NJ,0.089667
1997,3,NM,0.082613
1997,3,NV,0.046826
1997,3,NY,0.091662
1997,3,OH,0.099824
1997,3,OK,0.122933
1997,3,OR,0.048052
1997,3,PA,0.079238
1997,3,RI,0.114798
1997,3,SC,0.044046
1997,3,SD,0.127186
1997,3,TN,0.039767
1997,3,TX,0.072946
1997,3,UT,0.054059
1997,3,VA,0.05737
1997,3,VT,0.033668
1997,3,WA,0.07201
1997,3,WI,0.056366
1997,3,WV,0.034422
1997,3,WY,0.116039
1997,4,AL,0.031433
1997,4,AR,0.040099
1997,4,AZ,0.065877
1997,4,CA,0.077943
1997,4,CO,0.070343
1997,4,CT,0.056972
1997,4,DE,0.105662
1997,4,FL,0.052803
1997,4,GA,0.032454
1997,4,IA,0.089034
1997,4,ID,0.07197
1997,4,IL,0.085773
1997,4,IN,0.07867
1997,4,KS,0.105526
1997,4,KY,0.027119
1997,4,LA,0.060758
1997,4,MA,0.095479
1997,4,MD,0.068578
1997,4,ME,0.064914
1997,4,MI,0.058263
1997,4,MN,0.064443
1997,4,MO,0.065405
1997,4,MS,0.025468
1997,4,MT,0.099806
1997,4,NC,0.043805
1997,4,ND,0.136
1997,4,NE,0.130683
1997,4,NH,0.085124
1997,4,NJ,0.077323
1997,4,NM,0.112544
1997,4,NV,0.068863
1997,4,NY,0.0736
1997,4,OH,0.06035
1997,4,OK,0.093706
1997,4,OR,0.038589
1997,4,PA,0.063914
1997,4,RI,0.103592
1997,4,SC,0.036088
1997,4,SD,0.102002
1997,4,TN,0.031105
1997,4,TX,0.085254
1997,4,UT,0.055484
1997,4,VA,0.049427
1997,4,VT,0.030588
1997,4,WA,0.045412
1997,4,WI,0.070538
1997,4,WV,0.02168
1997,4,WY,0.113982
1997,5,AL,0.018932
1997,5,AR,0.027846
1997,5,AZ,0.041264
1997,5,CA,0.050762
1997,5,CO,0.054432
1997,5,CT,0.048419
1997,5,DE,0.084373
1997,5,FL,0.027057
1997,5,GA,0.023947
1997,5,IA,0.123758
1997,5,ID,0.038257
1997,5,IL,0.101335
1997,5,IN,0.095431
1997,5,KS,0.082697
1997,5,KY,0.033095
1997,5,LA,0.02267
1997,5,MA,0.0815
1997,5,MD,0.058234
1997,5,ME,0.047576
1997,5,MI,0.061894
1997,5,MN,0.08835
1997,5,MO,0.054554
1997,5,MS,0.013858
1997,5,MT,0.082337
1997,5,NC,0.049597
1997,5,ND,0.151463
1997,5,NE,0.116783
1997,5,NH,0.090804
1997,5,NJ,0.072017
1997,5,NM,0.064929
1997,5,NV,0.039774
1997,5,NY,0.084905
1997,5,OH,0.094102
1997,5,OK,0.065669
1997,5,OR,0.019993
1997,5,PA,0.073032
1997,5,RI,0.094623
1997,5,SC,0.038916
1997,5,SD,0.121721
1997,5,TN,0.03242
1997,5,TX,0.053818
1997,5,UT,0.035618
1997,5,VA,0.047147
1997,5,VT,0.033385
1997,5,WA,0.029477
1997,5,WI,0.083076
1997,5,WV,0.031993
1997,5,WY,0.066917
1997,6,AL,0.011754
1997,6,AR,0.01562
1997,6,AZ,0.0504
1997,6,CA,0.064685
1997,6,CO,0.049754
1997,6,CT,0.016442
1997,6,DE,0.036325
1997,6,FL,0.024034
1997,6,GA,0.013738
1997,6,IA,0.038413
1997,6,ID,0.034359
1997,6,IL,0.041096
1997,6,IN,0.036677
1997,6,KS,0.05239
1997,6,KY,0.00806
1997,6,LA,0.013996
1997,6,MA,0.036932
1997,6,MD,0.016244
1997,6,ME,0.019578
1997,6,MI,0.027223
1997,6,MN,0.034127
1997,6,MO,0.022373
1997,6,MS,0.00905
1997,6,MT,0.058538
1997,6,NC,0.026002
1997,6,ND,0.077592
1997,6,NE,0.057001
1997,6,NH,0.059084
1997,6,NJ,0.029288
1997,6,NM,0.050515
1997,6,NV,0.059269
1997,6,NY,0.026739
1997,6,OH,0.029157
1997,6,OK,0.056011
1997,6,OR,0.024641
1997,6,PA,0.018156
1997,6,RI,0.048026
1997,6,SC,0.023515
1997,6,SD,0.055771
1997,6,TN,0.010841
1997,6,TX,0.04581
1997,6,UT,0.054079
1997,6,VA,0.017657
1997,6,VT,0.011819
1997,6,WA,0.029173
1997,6,WI,0.027412
1997,6,WV,0.008421
1997,6,WY,0.055833
1997,7,AL,0.01252
1997,7,AR,0.009162
1997,7,AZ,0.039146
1997,7,CA,0.041086
1997,7,CO,0.0493
1997,7,CT,0.018786
1997,7,DE,0.02737
1997,7,FL,0.018179
1997,7,GA,0.010304
1997,7,IA,0.037584
1997,7,ID,0.025164
1997,7,IL,0.030877
1997,7,IN,0.02943
1997,7,KS,0.062534
1997,7,KY,0.006242
1997,7,LA,0.015955
1997,7,MA,0.038609
1997,7,MD,0.012933
1997,7,ME,0.019419
1997,7,MI,0.023198
1997,7,MN,0.03051
1997,7,MO,0.017998
1997,7,MS,0.00722
1997,7,MT,0.042345
1997,7,NC,0.015322
1997,7,ND,0.065671
1997,7,NE,0.060288
1997,7,NH,0.060534
1997,7,NJ,0.027565
1997,7,NM,0.046039
1997,7,NV,0.044104
1997,7,NY,0.031247
1997,7,OH,0.023889
1997,7,OK,0.046572
1997,7,OR,0.023514
1997,7,PA,0.017925
1997,7,RI,0.053607
1997,7,SC,0.017035
1997,7,SD,0.062112
1997,7,TN,0.00781
1997,7,TX,0.037339
1997,7,UT,0.040308
1997,7,VA,0.010781
1997,7,VT,0.007742
1997,7,WA,0.026487
1997,7,WI,0.026217
1997,7,WV,0.005911
1997,7,WY,0.051248
1997,8,AL,0.008995
1997,8,AR,0.012065
1997,8,AZ,0.034998
1997,8,CA,0.039936
1997,8,CO,0.030629
1997,8,CT,0.01314
1997,8,DE,0.012568
1997,8,FL,0.013822
1997,8,GA,0.012959
1997,8,IA,0.012224
1997,8,ID,0.027318
1997,8,IL,0.023338
1997,8,IN,0.022463
1997,8,KS,0.031236
1997,8,KY,0.009159
1997,8,LA,0.01093
1997,8,MA,0.025119
1997,8,MD,0.010068
1997,8,ME,0.01182
1997,8,MI,0.01675
1997,8,MN,0.01507
1997,8,MO,0.015888
1997,8,MS,0.005717
1997,8,MT,0.04404
1997,8,NC,0.012571
1997,8,ND,0.046614
1997,8,NE,0.029542
1997,8,NH,0.048737
1997,8,NJ,0.014511
1997,8,NM,0.028437
1997,8,NV,0.043078
1997,8,NY,0.019154
1997,8,OH,0.020636
1997,8,OK,0.035528
1997,8,OR,0.019418
1997,8,PA,0.014113
1997,8,RI,0.037408
1997,8,SC,0.011633
1997,8,SD,0.028446
1997,8,TN,0.010621
1997,8,TX,0.039281
1997,8,UT,0.045879
1997,8,VA,0.009482
1997,8,VT,0.006939
1997,8,WA,0.023735
1997,8,WI,0.014484
1997,8,WV,0.005867
1997,8,WY,0.048747
1997,9,AL,0.006839
1997,9,AR,0.015503
1997,9,AZ,0.028355
1997,9,CA,0.034111
1997,9,CO,0.025931
1997,9,CT,0.02089
1997,9,DE,0.033451
1997,9,FL,0.018779
1997,9,GA,0.012158
1997,9,IA,0.029706
1997,9,ID,0.031516
1997,9,IL,0.033377
1997,9,IN,0.030711
1997,9,KS,0.048589
1997,9,KY,0.009762
1997,9,LA,0.0103
1997,9,MA,0.034826
1997,9,MD,0.018324
1997,9,ME,0.017082
1997,9,MI,0.030955
1997,9,MN,0.038723
1997,9,MO,0.020264
1997,9,MS,0.005537
1997,9,MT,0.079949
1997,9,NC,0.01517
1997,9,ND,0.104318
1997,9,NE,0.051318
1997,9,NH,0.060333
1997,9,NJ,0.035083
1997,9,NM,0.02987
1997,9,NV,0.037984
1997,9,NY,0.032979
1997,9,OH,0.027585
1997,9,OK,0.054633
1997,9,OR,0.02351
1997,9,PA,0.024887
1997,9,RI,0.042258
1997,9,SC,0.016513
1997,9,SD,0.058443
1997,9,TN,0.011981
1997,9,TX,0.028299
1997,9,UT,0.036921
1997,9,VA,0.018
1997,9,VT,0.012012
1997,9,WA,0.033075
1997,9,WI,0.034375
1997,9,WV,0.007859
1997,9,WY,0.055092
1997,10,AL,0.014288
1997,10,AR,0.020044
1997,10,AZ,0.037736
1997,10,CA,0.043425
1997,10,CO,0.076095
1997,10,CT,0.019446
1997,10,DE,0.02398
1997,10,FL,0.030375
1997,10,GA,0.012474
1997,10,IA,0.083275
1997,10,ID,0.05218
1997,10,IL,0.055272
1997,10,IN,0.038699
1997,10,KS,0.107963
1997,10,KY,0.011017
1997,10,LA,0.033952
1997,10,MA,0.038748
1997,10,MD,0.016107
1997,10,ME,0.020612
1997,10,MI,0.036831
1997,10,MN,0.069614
1997,10,MO,0.039034
1997,10,MS,0.017859
1997,10,MT,0.102456
1997,10,NC,0.011765
1997,10,ND,0.137366
1997,10,NE,0.134945
1997,10,NH,0.052361
1997,10,NJ,0.023801
1997,10,NM,0.066405
1997,10,NV,0.051288
1997,10,NY,0.033711
1997,10,OH,0.030123
1997,10,OK,0.069454
1997,10,OR,0.045773
1997,10,PA,0.021987
1997,10,RI,0.034184
1997,10,SC,0.010673
1997,10,SD,0.112137
1997,10,TN,0.01317
1997,10,TX,0.048061
1997,10,UT,0.054817
1997,10,VA,0.016502
1997,10,VT,0.014586
1997,10,WA,0.044111
1997,10,WI,0.049931
1997,10,WV,0.006268
1997,10,WY,0.103428
1997,11,AL,0.014958
1997,11,AR,0.02403
1997,11,AZ,0.01528
1997,11,CA,0.023386
1997,11,CO,0.038887
1997,11,CT,0.048917
1997,11,DE,0.065398
1997,11,FL,0.024926
1997,11,GA,0.015805
1997,11,IA,0.060819
1997,11,ID,0.029021
1997,11,IL,0.048014
1997,11,IN,0.046409
1997,11,KS,0.070688
1997,11,KY,0.014074
1997,11,LA,0.027413
1997,11,MA,0.074035
1997,11,MD,0.035838
1997,11,ME,0.03424
1997,11,MI,0.03011
1997,11,MN,0.049604
1997,11,MO,0.035594
1997,11,MS,0.010059
1997,11,MT,0.05835
1997,11,NC,0.019658
1997,11,ND,0.108139
1997,11,NE,0.096207
1997,11,NH,0.073871
1997,11,NJ,0.063915
1997,11,NM,0.041586
1997,11,NV,0.021973
1997,11,NY,0.055928
1997,11,OH,0.040007
1997,11,OK,0.060902
1997,11,OR,0.039126
1997,11,PA,0.03805
1997,11,RI,0.103718
1997,11,SC,0.017103
1997,11,SD,0.09844
1997,11,TN,0.015221
1997,11,TX,0.045797
1997,11,UT,0.025843
1997,11,VA,0.029964
1997,11,VT,0.018027
1997,11,WA,0.029239
1997,11,WI,0.028817
1997,11,WV,0.012874
1997,11,WY,0.073052
1997,12,AL,0.017822
1997,12,AR,0.028852
1997,12,AZ,0.03108
1997,12,CA,0.047102
1997,12,CO,0.045396
1997,12,CT,0.041355
1997,12,DE,0.042922
1997,12,FL,0.033698
1997,12,GA,0.023998
1997,12,IA,0.046413
1997,12,ID,0.029289
1997,12,IL,0.046639
1997,12,IN,0.046361
1997,12,KS,0.060807
1997,12,KY,0.018535
1997,12,LA,0.031274
1997,12,MA,0.072789
1997,12,MD,0.034124
1997,12,ME,0.0384
1997,12,MI,0.030254
1997,12,MN,0.032489
1997,12,MO,0.031223
1997,12,MS,0.013684
1997,12,MT,0.102284
1997,12,NC,0.020894
1997,12,ND,0.074168
1997,12,NE,0.0852
1997,12,NH,0.083595
1997,12,NJ,0.05208
1997,12,NM,0.057165
1997,12,NV,0.033916
1997,12,NY,0.055119
1997,12,OH,0.045914
1997,12,OK,0.063403
1997,12,OR,0.035896
1997,12,PA,0.042193
1997,12,RI,0.082216
1997,12,SC,0.025696
1997,12,SD,0.074383
1997,12,TN,0.02161
1997,12,TX,0.055213
1997,12,UT,0.028973
1997,12,VA,0.027639
1997,12,VT,0.016721
1997,12,WA,0.032307
1997,12,WI,0.026862
1997,12,WV,0.014256
1997,12,WY,0.081921
1998,1,AL,0.017506
1998,1,AR,0.015132
1998,1,AZ,0.009831
1998,1,CA,0.031556
1998,1,CO,0.038739
1998,1,CT,0.046902
1998,1,DE,0.079078
1998,1,FL,0.035255
1998,1,GA,0.020918
1998,1,IA,0.055887
1998,1,ID,0.073094
1998,1,IL,0.054728
1998,1,IN,0.050623
1998,1,KS,0.060795
1998,1,KY,0.0159
1998,1,LA,0.033505
1998,1,MA,0.043654
1998,1,MD,0.051629
1998,1,ME,0.036806
1998,1,MI,0.055852
1998,1,MN,0.032989
1998,1,MO,0.046712
1998,1,MS,0.013128
1998,1,MT,0.085187
1998,1,NC,0.026907
1998,1,ND,0.070953
1998,1,NE,0.04406
1998,1,NH,0.015945
1998,1,NJ,0.055861
1998,1,NM,0.051098
1998,1,NV,0.034024
1998,1,NY,0.057983
1998,1,OH,0.04025
1998,1,OK,0.091137
1998,1,OR,0.056469
1998,1,PA,0.035817
1998,1,RI,0.101848
1998,1,SC,0.029003
1998,1,SD,0.056205
1998,1,TN,0.015055
1998,1,TX,0.061389
1998,1,UT,0.05397
1998,1,VA,0.040934
1998,1,VT,0.021217
1998,1,WA,0.049336
1998,1,WI,0.042643
1998,1,WV,0.009275
1998,1,WY,0.116937
1998,2,AL,0.059844
1998,2,AR,0.022176
1998,2,AZ,0.04429
1998,2,CA,0.081561
1998,2,CO,0.053166
1998,2,CT,0.064567
1998,2,DE,0.107547
1998,2,FL,0.08155
1998,2,GA,0.052886
1998,2,IA,0.056181
1998,2,ID,0.059192
1998,2,IL,0.051989
1998,2,IN,0.047814
1998,2,KS,0.08423
1998,2,KY,0.036
1998,2,LA,0.053152
1998,2,MA,0.07144
1998,2,MD,0.091705
1998,2,ME,0.042919
1998,2,MI,0.03675
1998,2,MN,0.043119
1998,2,MO,0.038951
1998,2,MS,0.040266
1998,2,MT,0.056031
1998,2,NC,0.053184
1998,2,ND,0.097037
1998,2,NE,0.106916
1998,2,NH,0.029196
1998,2,NJ,0.092152
1998,2,NM,0.081121
1998,2,NV,0.058308
1998,2,NY,0.058119
1998,2,OH,0.043957
1998,2,OK,0.059178
1998,2,OR,0.067312
1998,2,PA,0.049152
1998,2,RI,0.114538
1998,2,SC,0.059165
1998,2,SD,0.114118
1998,2,TN,0.04551
1998,2,TX,0.079643
1998,2,UT,0.066504
1998,2,VA,0.073517
1998,2,VT,0.014765
1998,2,WA,0.03687
1998,2,WI,0.042366
1998,2,WV,0.014322
1998,2,WY,0.075509
1998,3,AL,0.042451
1998,3,AR,0.057049
1998,3,AZ,0.047236
1998,3,CA,0.04414
1998,3,CO,0.078892
1998,3,CT,0.053334
1998,3,DE,0.093134
1998,3,FL,0.055039
1998,3,GA,0.033597
1998,3,IA,0.126646
1998,3,ID,0.044499
1998,3,IL,0.113742
1998,3,IN,0.100569
1998,3,KS,0.157409
1998,3,KY,0.05293
1998,3,LA,0.077693
1998,3,MA,0.061356
1998,3,MD,0.063914
1998,3,ME,0.039612
1998,3,MI,0.08084
1998,3,MN,0.073575
1998,3,MO,0.101907
1998,3,MS,0.039388
1998,3,MT,0.049814
1998,3,NC,0.037996
1998,3,ND,0.076889
1998,3,NE,0.101817
1998,3,NH,0.023189
1998,3,NJ,0.074816
1998,3,NM,0.112154
1998,3,NV,0.049871
1998,3,NY,0.071136
1998,3,OH,0.084731
1998,3,OK,0.156996
1998,3,OR,0.03077
1998,3,PA,0.061062
1998,3,RI,0.119722
1998,3,SC,0.042566
1998,3,SD,0.100346
1998,3,TN,0.051484
1998,3,TX,0.128641
1998,3,UT,0.069377
1998,3,VA,0.047949
1998,3,VT,0.021018
1998,3,WA,0.02505
1998,3,WI,0.081015
1998,3,WV,0.026511
1998,3,WY,0.077679
1998,4,AL,0.028709
1998,4,AR,0.041742
1998,4,AZ,0.053878
1998,4,CA,0.049268
1998,4,CO,0.08971
1998,4,CT,0.055062
1998,4,DE,0.04445
1998,4,FL,0.050007
1998,4,GA,0.026075
1998,4,IA,0.096425
1998,4,ID,0.052215
1998,4,IL,0.070286
1998,4,IN,0.063356
1998,4,KS,0.14636
1998,4,KY,0.033596
1998,4,LA,0.044752
1998,4,MA,0.049008
1998,4,MD,0.037935
1998,4,ME,0.043488
1998,4,MI,0.050822
1998,4,MN,0.076317
1998,4,MO,0.094294
1998,4,MS,0.021169
1998,4,MT,0.057847
1998,4,NC,0.039016
1998,4,ND,0.077878
1998,4,NE,0.129916
1998,4,NH,0.026733
1998,4,NJ,0.040887
1998,4,NM,0.121847
1998,4,NV,0.056305
1998,4,NY,0.049162
1998,4,OH,0.052716
1998,4,OK,0.111578
1998,4,OR,0.024308
1998,4,PA,0.034224
1998,4,RI,0.076471
1998,4,SC,0.047008
1998,4,SD,0.097967
1998,4,TN,0.033077
1998,4,TX,0.093828
1998,4,UT,0.065978
1998,4,VA,0.042158
1998,4,VT,0.019404
1998,4,WA,0.020298
1998,4,WI,0.060567
1998,4,WV,0.01829
1998,4,WY,0.06625
1998,5,AL,0.012452
1998,5,AR,0.016133
1998,5,AZ,0.043624
1998,5,CA,0.050817
1998,5,CO,0.093888
1998,5,CT,0.048404
1998,5,DE,0.026125
1998,5,FL,0.025497
1998,5,GA,0.012942
1998,5,IA,0.070386
1998,5,ID,0.045392
1998,5,IL,0.041207
1998,5,IN,0.029671
1998,5,KS,0.075604
1998,5,KY,0.012375
1998,5,LA,0.01818
1998,5,MA,0.045369
1998,5,MD,0.020621
1998,5,ME,0.028841
1998,5,MI,0.037081
1998,5,MN,0.069741
1998,5,MO,0.036734
1998,5,MS,0.008275
1998,5,MT,0.090799
1998,5,NC,0.016542
1998,5,ND,0.087759
1998,5,NE,0.080372
1998,5,NH,0.023671
1998,5,NJ,0.036304
1998,5,NM,0.090488
1998,5,NV,0.080688
1998,5,NY,0.039828
1998,5,OH,0.022442
1998,5,OK,0.05539
1998,5,OR,0.023563
1998,5,PA,0.021361
1998,5,RI,0.077219
1998,5,SC,0.022229
1998,5,SD,0.077165
1998,5,TN,0.015121
1998,5,TX,0.067331
1998,5,UT,0.099343
1998,5,VA,0.019028
1998,5,VT,0.014805
1998,5,WA,0.032541
1998,5,WI,0.041831
1998,5,WV,0.005989
1998,5,WY,0.081018
1998,6,AL,0.022604
1998,6,AR,0.030767
1998,6,AZ,0.059339
1998,6,CA,0.052607
1998,6,CO,0.1055
1998,6,CT,0.027492
1998,6,DE,0.034317
1998,6,FL,0.028498
1998,6,GA,0.024094
1998,6,IA,0.062816
1998,6,ID,0.0481
1998,6,IL,0.039777
1998,6,IN,0.041678
1998,6,KS,0.134551
1998,6,KY,0.023326
1998,6,LA,0.040236
1998,6,MA,0.028096
1998,6,MD,0.026304
1998,6,ME,0.029787
1998,6,MI,0.035843
1998,6,MN,0.044816
1998,6,MO,0.065506
1998,6,MS,0.016142
1998,6,MT,0.078069
1998,6,NC,0.018962
1998,6,ND,0.083347
1998,6,NE,0.082938
1998,6,NH,0.020172
1998,6,NJ,0.029701
1998,6,NM,0.118286
1998,6,NV,0.05794
1998,6,NY,0.039719
1998,6,OH,0.030262
1998,6,OK,0.131579
1998,6,OR,0.032853
1998,6,PA,0.02664
1998,6,RI,0.057312
1998,6,SC,0.032355
1998,6,SD,0.072216
1998,6,TN,0.027147
1998,6,TX,0.112754
1998,6,UT,0.061427
1998,6,VA,0.020335
1998,6,VT,0.021674
1998,6,WA,0.033688
1998,6,WI,0.032909
1998,6,WV,0.012301
1998,6,WY,0.08746
1998,7,AL,0.010401
1998,7,AR,0.010149
1998,7,AZ,0.030993
1998,7,CA,0.035502
1998,7,CO,0.047456
1998,7,CT,0.016999
1998,7,DE,0.015741
1998,7,FL,0.01929
1998,7,GA,0.015067
1998,7,IA,0.017278
1998,7,ID,0.027239
1998,7,IL,0.014552
1998,7,IN,0.015008
1998,7,KS,0.036092
1998,7,KY,0.005712
1998,7,LA,0.015249
1998,7,MA,0.020458
1998,7,MD,0.014383
1998,7,ME,0.016401
1998,7,MI,0.025871
1998,7,MN,0.029778
1998,7,MO,0.012941
1998,7,MS,0.009414
1998,7,MT,0.04688
1998,7,NC,0.014299
1998,7,ND,0.040497
1998,7,NE,0.031794
1998,7,NH,0.010729
1998,7,NJ,0.019252
1998,7,NM,0.053972
1998,7,NV,0.043152
1998,7,NY,0.026801
1998,7,OH,0.01584
1998,7,OK,0.038813
1998,7,OR,0.02019
1998,7,PA,0.013542
1998,7,RI,0.036837
1998,7,SC,0.022008
1998,7,SD,0.027499
1998,7,TN,0.008549
1998,7,TX,0.058797
1998,7,UT,0.056013
1998,7,VA,0.01249
1998,7,VT,0.00982
1998,7,WA,0.025374
1998,7,WI,0.02113
1998,7,WV,0.004041
1998,7,WY,0.038549
1998,8,AL,0.007174
1998,8,AR,0.007817
1998,8,AZ,0.033571
1998,8,CA,0.026779
1998,8,CO,0.035818
1998,8,CT,0.014509
1998,8,DE,0.014221
1998,8,FL,0.017503
1998,8,GA,0.007888
1998,8,IA,0.016744
1998,8,ID,0.023538
1998,8,IL,0.011429
1998,8,IN,0.012083
1998,8,KS,0.032103
1998,8,KY,0.004324
1998,8,LA,0.01169
1998,8,MA,0.012117
1998,8,MD,0.014851
1998,8,ME,0.013966
1998,8,MI,0.015952
1998,8,MN,0.024119
1998,8,MO,0.013735
1998,8,MS,0.004183
1998,8,MT,0.036416
1998,8,NC,0.034636
1998,8,ND,0.034404
1998,8,NE,0.031964
1998,8,NH,0.004925
1998,8,NJ,0.015185
1998,8,NM,0.032375
1998,8,NV,0.034417
1998,8,NY,0.018939
1998,8,OH,0.010052
1998,8,OK,0.026824
1998,8,OR,0.024546
1998,8,PA,0.009593
1998,8,RI,0.027632
1998,8,SC,0.023489
1998,8,SD,0.037703
1998,8,TN,0.004828
1998,8,TX,0.033427
1998,8,UT,0.047529
1998,8,VA,0.025836
1998,8,VT,0.008127
1998,8,WA,0.02039
1998,8,WI,0.017482
1998,8,WV,0.003574
1998,8,WY,0.040302
1998,9,AL,0.024204
1998,9,AR,0.012351
1998,9,AZ,0.029105
1998,9,CA,0.029424
1998,9,CO,0.045833
1998,9,CT,0.021409
1998,9,DE,0.021225
1998,9,FL,0.05287
1998,9,GA,0.01542
1998,9,IA,0.0253
1998,9,ID,0.020715
1998,9,IL,0.014788
1998,9,IN,0.014486
1998,9,KS,0.049801
1998,9,KY,0.007255
1998,9,LA,0.050359
1998,9,MA,0.020025
1998,9,MD,0.021591
1998,9,ME,0.01978
1998,9,MI,0.024954
1998,9,MN,0.034932
1998,9,MO,0.022119
1998,9,MS,0.025904
1998,9,MT,0.043167
1998,9,NC,0.012204
1998,9,ND,0.055756
1998,9,NE,0.044664
1998,9,NH,0.012294
1998,9,NJ,0.020919
1998,9,NM,0.039449
1998,9,NV,0.032932
1998,9,NY,0.027693
1998,9,OH,0.01485
1998,9,OK,0.045616
1998,9,OR,0.020171
1998,9,PA,0.016077
1998,9,RI,0.034258
1998,9,SC,0.017893
1998,9,SD,0.049687
1998,9,TN,0.007174
1998,9,TX,0.043665
1998,9,UT,0.039643
1998,9,VA,0.017866
1998,9,VT,0.014428
1998,9,WA,0.014841
1998,9,WI,0.020904
1998,9,WV,0.005824
1998,9,WY,0.035423
1998,10,AL,0.008264
1998,10,AR,0.012155
1998,10,AZ,0.03579
1998,10,CA,0.032004
1998,10,CO,0.054721
1998,10,CT,0.03673
1998,10,DE,0.029562
1998,10,FL,0.030788
1998,10,GA,0.007022
1998,10,IA,0.052424
1998,10,ID,0.034671
1998,10,IL,0.027589
1998,10,IN,0.02258
1998,10,KS,0.086273
1998,10,KY,0.008237
1998,10,LA,0.023778
1998,10,MA,0.058159
1998,10,MD,0.026761
1998,10,ME,0.056522
1998,10,MI,0.037882
1998,10,MN,0.063889
1998,10,MO,0.02986
1998,10,MS,0.008883
1998,10,MT,0.054893
1998,10,NC,0.010262
1998,10,ND,0.089285
1998,10,NE,0.072943
1998,10,NH,0.031204
1998,10,NJ,0.028099
1998,10,NM,0.068863
1998,10,NV,0.030354
1998,10,NY,0.046104
1998,10,OH,0.016955
1998,10,OK,0.071511
1998,10,OR,0.020523
1998,10,PA,0.025084
1998,10,RI,0.057876
1998,10,SC,0.012651
1998,10,SD,0.08646
1998,10,TN,0.013554
1998,10,TX,0.060525
1998,10,UT,0.041584
1998,10,VA,0.017662
1998,10,VT,0.02711
1998,10,WA,0.020127
1998,10,WI,0.039865
1998,10,WV,0.007446
1998,10,WY,0.062414
1998,11,AL,0.009025
1998,11,AR,0.019448
1998,11,AZ,0.018467
1998,11,CA,0.038797
1998,11,CO,0.051313
1998,11,CT,0.035827
1998,11,DE,0.031008
1998,11,FL,0.020384
1998,11,GA,0.006541
1998,11,IA,0.112795
1998,11,ID,0.053481
1998,11,IL,0.078133
1998,11,IN,0.065478
1998,11,KS,0.091549
1998,11,KY,0.022894
1998,11,LA,0.022781
1998,11,MA,0.048233
1998,11,MD,0.030515
1998,11,ME,0.035967
1998,11,MI,0.077315
1998,11,MN,0.075567
1998,11,MO,0.065999
1998,11,MS,0.009413
1998,11,MT,0.102439
1998,11,NC,0.0147
1998,11,ND,0.077088
1998,11,NE,0.08387
1998,11,NH,0.022461
1998,11,NJ,0.026283
1998,11,NM,0.056989
1998,11,NV,0.048138
1998,11,NY,0.06029
1998,11,OH,0.056268
1998,11,OK,0.075928
1998,11,OR,0.05659
1998,11,PA,0.037103
1998,11,RI,0.071077
1998,11,SC,0.01232
1998,11,SD,0.084793
1998,11,TN,0.015314
1998,11,TX,0.043101
1998,11,UT,0.05417
1998,11,VA,0.022576
1998,11,VT,0.030098
1998,11,WA,0.053676
1998,11,WI,0.084274
1998,11,WV,0.020193
1998,11,WY,0.113962
1998,12,AL,0.017316
1998,12,AR,0.021123
1998,12,AZ,0.029526
1998,12,CA,0.044307
1998,12,CO,0.042951
1998,12,CT,0.03815
1998,12,DE,0.045623
1998,12,FL,0.020565
1998,12,GA,0.012727
1998,12,IA,0.06925
1998,12,ID,0.05858
1998,12,IL,0.038658
1998,12,IN,0.043714
1998,12,KS,0.057428
1998,12,KY,0.019453
1998,12,LA,0.032128
1998,12,MA,0.059921
1998,12,MD,0.040493
1998,12,ME,0.044325
1998,12,MI,0.062917
1998,12,MN,0.056536
1998,12,MO,0.040166
1998,12,MS,0.01956
1998,12,MT,0.142809
1998,12,NC,0.02531
1998,12,ND,0.098716
1998,12,NE,0.067741
1998,12,NH,0.027694
1998,12,NJ,0.035697
1998,12,NM,0.057612
1998,12,NV,0.043095
1998,12,NY,0.061903
1998,12,OH,0.040893
1998,12,OK,0.056037
1998,12,OR,0.062293
1998,12,PA,0.03731
1998,12,RI,0.077402
1998,12,SC,0.022483
1998,12,SD,0.078407
1998,12,TN,0.024285
1998,12,TX,0.05147
1998,12,UT,0.033517
1998,12,VA,0.029231
1998,12,VT,0.036323
1998,12,WA,0.058644
1998,12,WI,0.043836
1998,12,WV,0.015418
1998,12,WY,0.138912
1999,1,AL,0.03578
1999,1,AR,0.040441
1999,1,AZ,0.03198
1999,1,CA,0.035948
1999,1,CO,0.067496
1999,1,CT,0.05706
1999,1,DE,0.062089
1999,1,FL,0.034262
1999,1,GA,0.021198
1999,1,IA,0.105116
1999,1,ID,0.060822
1999,1,IL,0.065731
1999,1,IN,0.089914
1999,1,KS,0.081263
1999,1,KY,0.046888
1999,1,LA,0.055233
1999,1,MA,0.062752
1999,1,MD,0.044252
1999,1,ME,0.041464
1999,1,MI,0.072638
1999,1,MN,0.057982
1999,1,MO,0.05698
1999,1,MS,0.02926
1999,1,MT,0.119632
1999,1,NC,0.029725
1999,1,ND,0.100587
1999,1,NE,0.086788
1999,1,NH,0.021528
1999,1,NJ,0.046883
1999,1,NM,0.093819
1999,1,NV,0.046815
1999,1,NY,0.074474
1999,1,OH,0.07893
1999,1,OK,0.102848
1999,1,OR,0.04949
1999,1,PA,0.054628
1999,1,RI,0.100722
1999,1,SC,0.028985
1999,1,SD,0.103806
1999,1,TN,0.037114
1999,1,TX,0.083377
1999,1,UT,0.046799
1999,1,VA,0.037345
1999,1,VT,0.02239
1999,1,WA,0.050171
1999,1,WI,0.057571
1999,1,WV,0.032826
1999,1,WY,0.130187
1999,2,AL,0.024031
1999,2,AR,0.039256
1999,2,AZ,0.033229
1999,2,CA,0.052235
1999,2,CO,0.116291
1999,2,CT,0.053454
1999,2,DE,0.065993
1999,2,FL,0.02967
1999,2,GA,0.022682
1999,2,IA,0.124223
1999,2,ID,0.111722
1999,2,IL,0.085453
1999,2,IN,0.070332
1999,2,KS,0.130659
1999,2,KY,0.038767
1999,2,LA,0.036456
1999,2,MA,0.057421
1999,2,MD,0.050561
1999,2,ME,0.045474
1999,2,MI,0.056293
1999,2,MN,0.089508
1999,2,MO,0.086986
1999,2,MS,0.020908
1999,2,MT,0.152173
1999,2,NC,0.029978
1999,2,ND,0.171713
1999,2,NE,0.143513
1999,2,NH,0.025452
1999,2,NJ,0.038771
1999,2,NM,0.093957
1999,2,NV,0.070038
1999,2,NY,0.049973
1999,2,OH,0.052204
1999,2,OK,0.110605
1999,2,OR,0.098585
1999,2,PA,0.033955
1999,2,RI,0.07819
1999,2,SC,0.036768
1999,2,SD,0.17158
1999,2,TN,0.034854
1999,2,TX,0.073072
1999,2,UT,0.075967
1999,2,VA,0.038823
1999,2,VT,0.019331
1999,2,WA,0.092209
1999,2,WI,0.060969
1999,2,WV,0.01847
1999,2,WY,0.174228
1999,3,AL,0.031878
1999,3,AR,0.030208
1999,3,AZ,0.052959
1999,3,CA,0.054547
1999,3,CO,0.10833
1999,3,CT,0.111778
1999,3,DE,0.13109
1999,3,FL,0.041729
1999,3,GA,0.029913
1999,3,IA,0.111001
1999,3,ID,0.062101
1999,3,IL,0.07263
1999,3,IN,0.068204
1999,3,KS,0.110367
1999,3,KY,0.034201
1999,3,LA,0.048862
1999,3,MA,0.119702
1999,3,MD,0.109232
1999,3,ME,0.10647
1999,3,MI,0.075742
1999,3,MN,0.082435
1999,3,MO,0.060671
1999,3,MS,0.02945
1999,3,MT,0.082316
1999,3,NC,0.045879
1999,3,ND,0.109501
1999,3,NE,0.112737
1999,3,NH,0.065826
1999,3,NJ,0.112452
1999,3,NM,0.093383
1999,3,NV,0.074736
1999,3,NY,0.097427
1999,3,OH,0.061767
1999,3,OK,0.117091
1999,3,OR,0.050745
1999,3,PA,0.074575
1999,3,RI,0.156645
1999,3,SC,0.041266
1999,3,SD,0.13224
1999,3,TN,0.03168
1999,3,TX,0.08537
1999,3,UT,0.068528
1999,3,VA,0.067371
1999,3,VT,0.036539
1999,3,WA,0.052008
1999,3,WI,0.08446
1999,3,WV,0.027253
1999,3,WY,0.087192
1999,4,AL,0.028331
1999,4,AR,0.038417
1999,4,AZ,0.085042
1999,4,CA,0.08105
1999,4,CO,0.144574
1999,4,CT,0.054798
1999,4,DE,0.040025
1999,4,FL,0.032662
1999,4,GA,0.025769
1999,4,IA,0.140014
1999,4,ID,0.072691
1999,4,IL,0.084801
1999,4,IN,0.080927
1999,4,KS,0.1486
1999,4,KY,0.050786
1999,4,LA,0.05138
1999,4,MA,0.062228
1999,4,MD,0.049638
1999,4,ME,0.068757
1999,4,MI,0.05254
1999,4,MN,0.081601
1999,4,MO,0.097666
1999,4,MS,0.025322
1999,4,MT,0.074962
1999,4,NC,0.045527
1999,4,ND,0.109551
1999,4,NE,0.155027
1999,4,NH,0.0368
1999,4,NJ,0.045626
1999,4,NM,0.170009
1999,4,NV,0.082276
1999,4,NY,0.057762
1999,4,OH,0.067082
1999,4,OK,0.11197
1999,4,OR,0.050968
1999,4,PA,0.043093
1999,4,RI,0.059306
1999,4,SC,0.053363
1999,4,SD,0.139044
1999,4,TN,0.043279
1999,4,TX,0.098589
1999,4,UT,0.075604
1999,4,VA,0.043548
1999,4,VT,0.034956
1999,4,WA,0.039892
1999,4,WI,0.071528
1999,4,WV,0.033462
1999,4,WY,0.122769
1999,5,AL,0.014098
1999,5,AR,0.015856
1999,5,AZ,0.064616
1999,5,CA,0.066433
1999,5,CO,0.103129
1999,5,CT,0.037889
1999,5,DE,0.027649
1999,5,FL,0.029229
1999,5,GA,0.014555
1999,5,IA,0.098567
1999,5,ID,0.057188
1999,5,IL,0.049156
1999,5,IN,0.048158
1999,5,KS,0.111394
1999,5,KY,0.019683
1999,5,LA,0.02712
1999,5,MA,0.025014
1999,5,MD,0.03639
1999,5,ME,0.028691
1999,5,MI,0.045298
1999,5,MN,0.082662
1999,5,MO,0.048174
1999,5,MS,0.013155
1999,5,MT,0.080825
1999,5,NC,0.028551
1999,5,ND,0.161659
1999,5,NE,0.127644
1999,5,NH,0.015682
1999,5,NJ,0.02849
1999,5,NM,0.109287
1999,5,NV,0.063657
1999,5,NY,0.029469
1999,5,OH,0.034538
1999,5,OK,0.076071
1999,5,OR,0.043793
1999,5,PA,0.021818
1999,5,RI,0.044268
1999,5,SC,0.030055
1999,5,SD,0.152567
1999,5,TN,0.017437
1999,5,TX,0.066232
1999,5,UT,0.056255
1999,5,VA,0.039848
1999,5,VT,0.016534
1999,5,WA,0.049044
1999,5,WI,0.050907
1999,5,WV,0.012346
1999,5,WY,0.092353
1999,6,AL,0.011051
1999,6,AR,0.012162
1999,6,AZ,0.053457
1999,6,CA,0.049026
1999,6,CO,0.085694
1999,6,CT,0.029847
1999,6,DE,0.024275
1999,6,FL,0.021724
1999,6,GA,0.012456
1999,6,IA,0.0491
1999,6,ID,0.04258
1999,6,IL,0.022128
1999,6,IN,0.02127
1999,6,KS,0.082582
1999,6,KY,0.011494
1999,6,LA,0.016069
1999,6,MA,0.0327
1999,6,MD,0.022261
1999,6,ME,0.023194
1999,6,MI,0.021236
1999,6,MN,0.044547
1999,6,MO,0.029486
1999,6,MS,0.00878
1999,6,MT,0.063187
1999,6,NC,0.013687
1999,6,ND,0.06528
1999,6,NE,0.080864
1999,6,NH,0.013474
1999,6,NJ,0.018494
1999,6,NM,0.074435
1999,6,NV,0.057389
1999,6,NY,0.025821
1999,6,OH,0.018235
1999,6,OK,0.065795
1999,6,OR,0.030496
1999,6,PA,0.014743
1999,6,RI,0.034388
1999,6,SC,0.017226
1999,6,SD,0.081124
1999,6,TN,0.011643
1999,6,TX,0.060366
1999,6,UT,0.057361
1999,6,VA,0.021405
1999,6,VT,0.015245
1999,6,WA,0.052847
1999,6,WI,0.025584
1999,6,WV,0.007284
1999,6,WY,0.072498
1999,7,AL,0.005373
1999,7,AR,0.005145
1999,7,AZ,0.040574
1999,7,CA,0.038618
1999,7,CO,0.06579
1999,7,CT,0.025816
1999,7,DE,0.016573
1999,7,FL,0.015851
1999,7,GA,0.005495
1999,7,IA,0.047977
1999,7,ID,0.032584
1999,7,IL,0.023054
1999,7,IN,0.024186
1999,7,KS,0.092462
1999,7,KY,0.009977
1999,7,LA,0.009688
1999,7,MA,0.028206
1999,7,MD,0.021694
1999,7,ME,0.021806
1999,7,MI,0.0265
1999,7,MN,0.037265
1999,7,MO,0.027854
1999,7,MS,0.005857
1999,7,MT,0.069356
1999,7,NC,0.012023
1999,7,ND,0.057742
1999,7,NE,0.05799
1999,7,NH,0.014026
1999,7,NJ,0.018444
1999,7,NM,0.050659
1999,7,NV,0.05989
1999,7,NY,0.030598
1999,7,OH,0.021857
1999,7,OK,0.046384
1999,7,OR,0.03242
1999,7,PA,0.019409
1999,7,RI,0.040867
1999,7,SC,0.01293
1999,7,SD,0.068721
1999,7,TN,0.006425
1999,7,TX,0.047601
1999,7,UT,0.060613
1999,7,VA,0.017378
1999,7,VT,0.011838
1999,7,WA,0.038644
1999,7,WI,0.031821
1999,7,WV,0.00836
1999,7,WY,0.060086
1999,8,AL,0.005899
1999,8,AR,0.005803
1999,8,AZ,0.028974
1999,8,CA,0.032658
1999,8,CO,0.036274
1999,8,CT,0.030933
1999,8,DE,0.024088
1999,8,FL,0.017221
1999,8,GA,0.008072
1999,8,IA,0.025091
1999,8,ID,0.027792
1999,8,IL,0.016623
1999,8,IN,0.017033
1999,8,KS,0.040163
1999,8,KY,0.010511
1999,8,LA,0.0106
1999,8,MA,0.023761
1999,8,MD,0.031208
1999,8,ME,0.021598
1999,8,MI,0.015839
1999,8,MN,0.028089
1999,8,MO,0.015701
1999,8,MS,0.007956
1999,8,MT,0.051854
1999,8,NC,0.019615
1999,8,ND,0.056389
1999,8,NE,0.043266
1999,8,NH,0.008373
1999,8,NJ,0.021128
1999,8,NM,0.028985
1999,8,NV,0.054088
1999,8,NY,0.022991
1999,8,OH,0.015147
1999,8,OK,0.029195
1999,8,OR,0.02074
1999,8,PA,0.014105
1999,8,RI,0.034223
1999,8,SC,0.018948
1999,8,SD,0.060264
1999,8,TN,0.008966
1999,8,TX,0.029076
1999,8,UT,0.050749
1999,8,VA,0.025807
1999,8,VT,0.007872
1999,8,WA,0.028275
1999,8,WI,0.018784
1999,8,WV,0.007228
1999,8,WY,0.050818
1999,9,AL,0.01334
1999,9,AR,0.009407
1999,9,AZ,0.027838
1999,9,CA,0.0227
1999,9,CO,0.045865
1999,9,CT,0.045585
1999,9,DE,0.049782
1999,9,FL,0.028857
1999,9,GA,0.01582
1999,9,IA,0.034822
1999,9,ID,0.03553
1999,9,IL,0.02285
1999,9,IN,0.023433
1999,9,KS,0.051217
1999,9,KY,0.010472
1999,9,LA,0.02025
1999,9,MA,0.041159
1999,9,MD,0.052823
1999,9,ME,0.032346
1999,9,MI,0.022987
1999,9,MN,0.037842
1999,9,MO,0.019768
1999,9,MS,0.013088
1999,9,MT,0.057106
1999,9,NC,0.040153
1999,9,ND,0.082988
1999,9,NE,0.044531
1999,9,NH,0.015628
1999,9,NJ,0.031108
1999,9,NM,0.047944
1999,9,NV,0.025861
1999,9,NY,0.036213
1999,9,OH,0.017228
1999,9,OK,0.050984
1999,9,OR,0.026486
1999,9,PA,0.022877
1999,9,RI,0.055794
1999,9,SC,0.034136
1999,9,SD,0.077571
1999,9,TN,0.012199
1999,9,TX,0.039249
1999,9,UT,0.034037
1999,9,VA,0.049223
1999,9,VT,0.025639
1999,9,WA,0.026934
1999,9,WI,0.030501
1999,9,WV,0.009913
1999,9,WY,0.057295
1999,10,AL,0.010737
1999,10,AR,0.010298
1999,10,AZ,0.02241
1999,10,CA,0.027877
1999,10,CO,0.045806
1999,10,CT,0.051785
1999,10,DE,0.026956
1999,10,FL,0.043406
1999,10,GA,0.014356
1999,10,IA,0.067659
1999,10,ID,0.045494
1999,10,IL,0.034801
1999,10,IN,0.035111
1999,10,KS,0.0769
1999,10,KY,0.013153
1999,10,LA,0.018557
1999,10,MA,0.04409
1999,10,MD,0.026557
1999,10,ME,0.047099
1999,10,MI,0.042035
1999,10,MN,0.06156
1999,10,MO,0.035756
1999,10,MS,0.011077
1999,10,MT,0.090672
1999,10,NC,0.011649
1999,10,ND,0.083349
1999,10,NE,0.065975
1999,10,NH,0.01935
1999,10,NJ,0.022558
1999,10,NM,0.053625
1999,10,NV,0.028892
1999,10,NY,0.045401
1999,10,OH,0.031225
1999,10,OK,0.060527
1999,10,OR,0.029156
1999,10,PA,0.023902
1999,10,RI,0.0572
1999,10,SC,0.0145
1999,10,SD,0.078681
1999,10,TN,0.009971
1999,10,TX,0.036999
1999,10,UT,0.038166
1999,10,VA,0.016452
1999,10,VT,0.034275
1999,10,WA,0.030112
1999,10,WI,0.044634
1999,10,WV,0.010981
1999,10,WY,0.062091
1999,11,AL,0.010247
1999,11,AR,0.014529
1999,11,AZ,0.012808
1999,11,CA,0.024814
1999,11,CO,0.035332
1999,11,CT,0.075922
1999,11,DE,0.03808
1999,11,FL,0.030141
1999,11,GA,0.010115
1999,11,IA,0.073208
1999,11,ID,0.046776
1999,11,IL,0.043224
1999,11,IN,0.04355
1999,11,KS,0.070203
1999,11,KY,0.019642
1999,11,LA,0.017621
1999,11,MA,0.061827
1999,11,MD,0.051939
1999,11,ME,0.056451
1999,11,MI,0.051764
1999,11,MN,0.056559
1999,11,MO,0.050193
1999,11,MS,0.011844
1999,11,MT,0.089795
1999,11,NC,0.01936
1999,11,ND,0.080646
1999,11,NE,0.068765
1999,11,NH,0.029555
1999,11,NJ,0.040074
1999,11,NM,0.0415
1999,11,NV,0.034887
1999,11,NY,0.078754
1999,11,OH,0.040421
1999,11,OK,0.053249
1999,11,OR,0.047174
1999,11,PA,0.046132
1999,11,RI,0.085409
1999,11,SC,0.013541
1999,11,SD,0.080515
1999,11,TN,0.015524
1999,11,TX,0.0385
1999,11,UT,0.0374
1999,11,VA,0.028214
1999,11,VT,0.04704
1999,11,WA,0.029013
1999,11,WI,0.042719
1999,11,WV,0.019625
1999,11,WY,0.069247
1999,12,AL,0.016428
1999,12,AR,0.026161
1999,12,AZ,0.030435
1999,12,CA,0.03253
1999,12,CO,0.062067
1999,12,CT,0.05611
1999,12,DE,0.044355
1999,12,FL,0.019132
1999,12,GA,0.012917
1999,12,IA,0.075858
1999,12,ID,0.044733
1999,12,IL,0.047125
1999,12,IN,0.052911
1999,12,KS,0.087111
1999,12,KY,0.029183
1999,12,LA,0.036671
1999,12,MA,0.057329
1999,12,MD,0.040205
1999,12,ME,0.046147
1999,12,MI,0.055163
1999,12,MN,0.070197
1999,12,MO,0.053403
1999,12,MS,0.018169
1999,12,MT,0.129503
1999,12,NC,0.018699
1999,12,ND,0.124325
1999,12,NE,0.078629
1999,12,NH,0.023054
1999,12,NJ,0.036915
1999,12,NM,0.073097
1999,12,NV,0.04038
1999,12,NY,0.063784
1999,12,OH,0.050172
1999,12,OK,0.079956
1999,12,OR,0.04311
1999,12,PA,0.034928
1999,12,RI,0.086025
1999,12,SC,0.017308
1999,12,SD,0.110604
1999,12,TN,0.026423
1999,12,TX,0.072133
1999,12,UT,0.035739
1999,12,VA,0.024315
1999,12,VT,0.027805
1999,12,WA,0.051401
1999,12,WI,0.040427
1999,12,WV,0.01807
1999,12,WY,0.095783
2000,1,AL,0.027495
2000,1,AR,0.02363
2000,1,AZ,0.022735
2000,1,CA,0.029223
2000,1,CO,0.060119
2000,1,CT,0.092927
2000,1,DE,0.119817
2000,1,FL,0.037485
2000,1,GA,0.027051
2000,1,IA,0.086067
2000,1,ID,0.050472
2000,1,IL,0.066126
2000,1,IN,0.06032
2000,1,KS,0.066606
2000,1,KY,0.039326
2000,1,LA,0.041957
2000,1,MA,0.112766
2000,1,MD,0.109976
2000,1,ME,0.071271
2000,1,MI,0.046913
2000,1,MN,0.05029
2000,1,MO,0.055595
2000,1,MS,0.026123
2000,1,MT,0.092309
2000,1,NC,0.046751
2000,1,ND,0.08575
2000,1,NE,0.064174
2000,1,NH,0.049207
2000,1,NJ,0.08329
2000,1,NM,0.071427
2000,1,NV,0.043274
2000,1,NY,0.095423
2000,1,OH,0.05793
2000,1,OK,0.065424
2000,1,OR,0.050038
2000,1,PA,0.066961
2000,1,RI,0.139204
2000,1,SC,0.030606
2000,1,SD,0.082306
2000,1,TN,0.028256
2000,1,TX,0.065939
2000,1,UT,0.03185
2000,1,VA,0.062745
2000,1,VT,0.044651
2000,1,WA,0.039092
2000,1,WI,0.044898
2000,1,WV,0.03319
2000,1,WY,0.084731
2000,2,AL,0.020264
2000,2,AR,0.034022
2000,2,AZ,0.047483
2000,2,CA,0.047801
2000,2,CO,0.08237
2000,2,CT,0.050046
2000,2,DE,0.056293
2000,2,FL,0.025343
2000,2,GA,0.016051
2000,2,IA,0.099258
2000,2,ID,0.059626
2000,2,IL,0.072238
2000,2,IN,0.049548
2000,2,KS,0.112132
2000,2,KY,0.03413
2000,2,LA,0.03645
2000,2,MA,0.066588
2000,2,MD,0.051097
2000,2,ME,0.04344
2000,2,MI,0.043526
2000,2,MN,0.054888
2000,2,MO,0.071154
2000,2,MS,0.02673
2000,2,MT,0.063764
2000,2,NC,0.021553
2000,2,ND,0.085124
2000,2,NE,0.096755
2000,2,NH,0.02526
2000,2,NJ,0.044615
2000,2,NM,0.099725
2000,2,NV,0.051312
2000,2,NY,0.061833
2000,2,OH,0.042528
2000,2,OK,0.106519
2000,2,OR,0.041889
2000,2,PA,0.038886
2000,2,RI,0.077901
2000,2,SC,0.022655
2000,2,SD,0.094169
2000,2,TN,0.031747
2000,2,TX,0.084019
2000,2,UT,0.04968
2000,2,VA,0.029224
2000,2,VT,0.033394
2000,2,WA,0.017996
2000,2,WI,0.044191
2000,2,WV,0.020776
2000,2,WY,0.078802
2000,3,AL,0.021369
2000,3,AR,0.021415
2000,3,AZ,0.041266
2000,3,CA,0.045949
2000,3,CO,0.087617
2000,3,CT,0.059543
2000,3,DE,0.079886
2000,3,FL,0.038003
2000,3,GA,0.021245
2000,3,IA,0.096926
2000,3,ID,0.064585
2000,3,IL,0.062143
2000,3,IN,0.056952
2000,3,KS,0.093381
2000,3,KY,0.029478
2000,3,LA,0.030659
2000,3,MA,0.072316
2000,3,MD,0.07564
2000,3,ME,0.043758
2000,3,MI,0.051501
2000,3,MN,0.068591
2000,3,MO,0.056411
2000,3,MS,0.019533
2000,3,MT,0.099744
2000,3,NC,0.033413
2000,3,ND,0.106021
2000,3,NE,0.087467
2000,3,NH,0.024392
2000,3,NJ,0.069687
2000,3,NM,0.106117
2000,3,NV,0.057956
2000,3,NY,0.060314
2000,3,OH,0.05458
2000,3,OK,0.085137
2000,3,OR,0.033019
2000,3,PA,0.0522
2000,3,RI,0.084787
2000,3,SC,0.036526
2000,3,SD,0.124848
2000,3,TN,0.024528
2000,3,TX,0.089858
2000,3,UT,0.061666
2000,3,VA,0.042238
2000,3,VT,0.024184
2000,3,WA,0.036644
2000,3,WI,0.048572
2000,3,WV,0.024457
2000,3,WY,0.084466
2000,4,AL,0.029706
2000,4,AR,0.034431
2000,4,AZ,0.05291
2000,4,CA,0.047912
2000,4,CO,0.119816
2000,4,CT,0.070736
2000,4,DE,0.080691
2000,4,FL,0.047358
2000,4,GA,0.028449
2000,4,IA,0.112531
2000,4,ID,0.065798
2000,4,IL,0.075716
2000,4,IN,0.054254
2000,4,KS,0.12878
2000,4,KY,0.035766
2000,4,LA,0.038986
2000,4,MA,0.096829
2000,4,MD,0.079853
2000,4,ME,0.054203
2000,4,MI,0.049427
2000,4,MN,0.078006
2000,4,MO,0.071505
2000,4,MS,0.027474
2000,4,MT,0.101093
2000,4,NC,0.040646
2000,4,ND,0.118908
2000,4,NE,0.146016
2000,4,NH,0.033046
2000,4,NJ,0.07282
2000,4,NM,0.118902
2000,4,NV,0.070901
2000,4,NY,0.059121
2000,4,OH,0.041437
2000,4,OK,0.092653
2000,4,OR,0.031955
2000,4,PA,0.047309
2000,4,RI,0.106217
2000,4,SC,0.046524
2000,4,SD,0.170786
2000,4,TN,0.03666
2000,4,TX,0.087189
2000,4,UT,0.068486
2000,4,VA,0.058061
2000,4,VT,0.023123
2000,4,WA,0.040586
2000,4,WI,0.073609
2000,4,WV,0.022726
2000,4,WY,0.109027
2000,5,AL,0.019387
2000,5,AR,0.028099
2000,5,AZ,0.063847
2000,5,CA,0.055875
2000,5,CO,0.096619
2000,5,CT,0.036522
2000,5,DE,0.028281
2000,5,FL,0.031823
2000,5,GA,0.013534
2000,5,IA,0.08127
2000,5,ID,0.056404
2000,5,IL,0.053039
2000,5,IN,0.049326
2000,5,KS,0.10149
2000,5,KY,0.027866
2000,5,LA,0.036335
2000,5,MA,0.046432
2000,5,MD,0.036528
2000,5,ME,0.032663
2000,5,MI,0.044914
2000,5,MN,0.07184
2000,5,MO,0.057621
2000,5,MS,0.021771
2000,5,MT,0.085477
2000,5,NC,0.026968
2000,5,ND,0.098849
2000,5,NE,0.092842
2000,5,NH,0.016179
2000,5,NJ,0.030299
2000,5,NM,0.104229
2000,5,NV,0.083197
2000,5,NY,0.039244
2000,5,OH,0.040948
2000,5,OK,0.086414
2000,5,OR,0.037757
2000,5,PA,0.02661
2000,5,RI,0.055071
2000,5,SC,0.031441
2000,5,SD,0.117642
2000,5,TN,0.028907
2000,5,TX,0.100746
2000,5,UT,0.074597
2000,5,VA,0.036384
2000,5,VT,0.019665
2000,5,WA,0.041501
2000,5,WI,0.053737
2000,5,WV,0.014925
2000,5,WY,0.096708
2000,6,AL,0.00963
2000,6,AR,0.013149
2000,6,AZ,0.052821
2000,6,CA,0.046018
2000,6,CO,0.089826
2000,6,CT,0.032735
2000,6,DE,0.026582
2000,6,FL,0.028842
2000,6,GA,0.01151
2000,6,IA,0.080617
2000,6,ID,0.058108
2000,6,IL,0.040328
2000,6,IN,0.038808
2000,6,KS,0.111578
2000,6,KY,0.017207
2000,6,LA,0.018143
2000,6,MA,0.042092
2000,6,MD,0.027005
2000,6,ME,0.026448
2000,6,MI,0.041652
2000,6,MN,0.065668
2000,6,MO,0.045655
2000,6,MS,0.011268
2000,6,MT,0.074348
2000,6,NC,0.015441
2000,6,ND,0.097613
2000,6,NE,0.107413
2000,6,NH,0.013268
2000,6,NJ,0.027073
2000,6,NM,0.083233
2000,6,NV,0.056702
2000,6,NY,0.035488
2000,6,OH,0.035203
2000,6,OK,0.064921
2000,6,OR,0.042517
2000,6,PA,0.022088
2000,6,RI,0.052506
2000,6,SC,0.021077
2000,6,SD,0.122704
2000,6,TN,0.012772
2000,6,TX,0.066192
2000,6,UT,0.062154
2000,6,VA,0.021284
2000,6,VT,0.018032
2000,6,WA,0.042276
2000,6,WI,0.04317
2000,6,WV,0.009525
2000,6,WY,0.090824
2000,7,AL,0.013793
2000,7,AR,0.009277
2000,7,AZ,0.045941
2000,7,CA,0.046223
2000,7,CO,0.057214
2000,7,CT,0.025087
2000,7,DE,0.012175
2000,7,FL,0.026484
2000,7,GA,0.014738
2000,7,IA,0.026944
2000,7,ID,0.027295
2000,7,IL,0.020596
2000,7,IN,0.015509
2000,7,KS,0.0609
2000,7,KY,0.00943
2000,7,LA,0.01451
2000,7,MA,0.02806
2000,7,MD,0.014938
2000,7,ME,0.020524
2000,7,MI,0.01988
2000,7,MN,0.03101
2000,7,MO,0.018051
2000,7,MS,0.014643
2000,7,MT,0.058568
2000,7,NC,0.011654
2000,7,ND,0.042269
2000,7,NE,0.050135
2000,7,NH,0.01178
2000,7,NJ,0.013922
2000,7,NM,0.054578
2000,7,NV,0.057712
2000,7,NY,0.018895
2000,7,OH,0.01421
2000,7,OK,0.052979
2000,7,OR,0.03209
2000,7,PA,0.009746
2000,7,RI,0.033765
2000,7,SC,0.018375
2000,7,SD,0.061239
2000,7,TN,0.011631
2000,7,TX,0.051811
2000,7,UT,0.063647
2000,7,VA,0.015594
2000,7,VT,0.010903
2000,7,WA,0.040159
2000,7,WI,0.027432
2000,7,WV,0.005115
2000,7,WY,0.052792
2000,8,AL,0.007421
2000,8,AR,0.007054
2000,8,AZ,0.039156
2000,8,CA,0.029778
2000,8,CO,0.051369
2000,8,CT,0.02017
2000,8,DE,0.019096
2000,8,FL,0.018957
2000,8,GA,0.00789
2000,8,IA,0.02387
2000,8,ID,0.028402
2000,8,IL,0.024883
2000,8,IN,0.015411
2000,8,KS,0.05479
2000,8,KY,0.008507
2000,8,LA,0.009212
2000,8,MA,0.019335
2000,8,MD,0.014589
2000,8,ME,0.012897
2000,8,MI,0.013556
2000,8,MN,0.028471
2000,8,MO,0.023945
2000,8,MS,0.008418
2000,8,MT,0.056739
2000,8,NC,0.010899
2000,8,ND,0.065896
2000,8,NE,0.050852
2000,8,NH,0.005996
2000,8,NJ,0.011807
2000,8,NM,0.045036
2000,8,NV,0.044234
2000,8,NY,0.018127
2000,8,OH,0.013259
2000,8,OK,0.037001
2000,8,OR,0.03117
2000,8,PA,0.009884
2000,8,RI,0.028202
2000,8,SC,0.012282
2000,8,SD,0.08629
2000,8,TN,0.008689
2000,8,TX,0.03536
2000,8,UT,0.039619
2000,8,VA,0.014434
2000,8,VT,0.008869
2000,8,WA,0.036534
2000,8,WI,0.017722
2000,8,WV,0.00522
2000,8,WY,0.055459
2000,9,AL,0.018027
2000,9,AR,0.014496
2000,9,AZ,0.03199
2000,9,CA,0.029403
2000,9,CO,0.056251
2000,9,CT,0.024125
2000,9,DE,0.019228
2000,9,FL,0.029271
2000,9,GA,0.017928
2000,9,IA,0.046141
2000,9,ID,0.036756
2000,9,IL,0.039813
2000,9,IN,0.024708
2000,9,KS,0.099147
2000,9,KY,0.014812
2000,9,LA,0.02424
2000,9,MA,0.028993
2000,9,MD,0.023687
2000,9,ME,0.020497
2000,9,MI,0.028932
2000,9,MN,0.049481
2000,9,MO,0.03497
2000,9,MS,0.016945
2000,9,MT,0.079892
2000,9,NC,0.016371
2000,9,ND,0.086085
2000,9,NE,0.069072
2000,9,NH,0.007165
2000,9,NJ,0.01683
2000,9,NM,0.06035
2000,9,NV,0.040518
2000,9,NY,0.027591
2000,9,OH,0.024137
2000,9,OK,0.057737
2000,9,OR,0.027399
2000,9,PA,0.016123
2000,9,RI,0.033926
2000,9,SC,0.019608
2000,9,SD,0.098638
2000,9,TN,0.014938
2000,9,TX,0.0434
2000,9,UT,0.054183
2000,9,VA,0.022317
2000,9,VT,0.015936
2000,9,WA,0.030104
2000,9,WI,0.034102
2000,9,WV,0.007288
2000,9,WY,0.070422
2000,10,AL,0.00957
2000,10,AR,0.009345
2000,10,AZ,0.032177
2000,10,CA,0.031605
2000,10,CO,0.051345
2000,10,CT,0.030912
2000,10,DE,0.022352
2000,10,FL,0.035605
2000,10,GA,0.007804
2000,10,IA,0.043949
2000,10,ID,0.032158
2000,10,IL,0.030674
2000,10,IN,0.017022
2000,10,KS,0.083925
2000,10,KY,0.006972
2000,10,LA,0.019753
2000,10,MA,0.042053
2000,10,MD,0.024145
2000,10,ME,0.042204
2000,10,MI,0.021557
2000,10,MN,0.036671
2000,10,MO,0.027273
2000,10,MS,0.012418
2000,10,MT,0.041681
2000,10,NC,0.010691
2000,10,ND,0.060614
2000,10,NE,0.06093
2000,10,NH,0.017531
2000,10,NJ,0.02315
2000,10,NM,0.058631
2000,10,NV,0.038383
2000,10,NY,0.028953
2000,10,OH,0.013598
2000,10,OK,0.069216
2000,10,OR,0.02359
2000,10,PA,0.017175
2000,10,RI,0.043995
2000,10,SC,0.008883
2000,10,SD,0.074025
2000,10,TN,0.008053
2000,10,TX,0.058197
2000,10,UT,0.036213
2000,10,VA,0.016704
2000,10,VT,0.019282
2000,10,WA,0.020373
2000,10,WI,0.026235
2000,10,WV,0.005735
2000,10,WY,0.049126
2000,11,AL,0.016783
2000,11,AR,0.013836
2000,11,AZ,0.017886
2000,11,CA,0.023552
2000,11,CO,0.051298
2000,11,CT,0.040028
2000,11,DE,0.044606
2000,11,FL,0.025865
2000,11,GA,0.011354
2000,11,IA,0.099326
2000,11,ID,0.030412
2000,11,IL,0.064146
2000,11,IN,0.056989
2000,11,KS,0.075284
2000,11,KY,0.025302
2000,11,LA,0.027809
2000,11,MA,0.047518
2000,11,MD,0.056548
2000,11,ME,0.032252
2000,11,MI,0.037773
2000,11,MN,0.071389
2000,11,MO,0.045319
2000,11,MS,0.014336
2000,11,MT,0.088627
2000,11,NC,0.014891
2000,11,ND,0.148329
2000,11,NE,0.109067
2000,11,NH,0.009074
2000,11,NJ,0.034869
2000,11,NM,0.05864
2000,11,NV,0.024845
2000,11,NY,0.04247
2000,11,OH,0.049745
2000,11,OK,0.042436
2000,11,OR,0.019511
2000,11,PA,0.036479
2000,11,RI,0.055236
2000,11,SC,0.013159
2000,11,SD,0.181834
2000,11,TN,0.016806
2000,11,TX,0.051751
2000,11,UT,0.023917
2000,11,VA,0.025337
2000,11,VT,0.010678
2000,11,WA,0.01354
2000,11,WI,0.045407
2000,11,WV,0.023926
2000,11,WY,0.077163
2000,12,AL,0.02579
2000,12,AR,0.029575
2000,12,AZ,0.018586
2000,12,CA,0.021133
2000,12,CO,0.065522
2000,12,CT,0.078263
2000,12,DE,0.084231
2000,12,FL,0.039102
2000,12,GA,0.021651
2000,12,IA,0.106914
2000,12,ID,0.042351
2000,12,IL,0.06529
2000,12,IN,0.048299
2000,12,KS,0.099206
2000,12,KY,0.030072
2000,12,LA,0.043555
2000,12,MA,0.088569
2000,12,MD,0.074833
2000,12,ME,0.064656
2000,12,MI,0.039269
2000,12,MN,0.069462
2000,12,MO,0.060575
2000,12,MS,0.027601
2000,12,MT,0.088706
2000,12,NC,0.026631
2000,12,ND,0.148795
2000,12,NE,0.120832
2000,12,NH,0.034061
2000,12,NJ,0.060036
2000,12,NM,0.069489
2000,12,NV,0.020064
2000,12,NY,0.079221
2000,12,OH,0.052179
2000,12,OK,0.066332
2000,12,OR,0.038276
2000,12,PA,0.053937
2000,12,RI,0.102853
2000,12,SC,0.027455
2000,12,SD,0.150386
2000,12,TN,0.026646
2000,12,TX,0.06416
2000,12,UT,0.028424
2000,12,VA,0.036803
2000,12,VT,0.026887
2000,12,WA,0.023291
2000,12,WI,0.034763
2000,12,WV,0.026767
2000,12,WY,0.079973
2001,1,AL,0.017753
2001,1,AR,0.018205
2001,1,AZ,0.023905
2001,1,CA,0.027887
2001,1,CO,0.057572
2001,1,CT,0.02508
2001,1,DE,0.058368
2001,1,FL,0.030348
2001,1,GA,0.018035
2001,1,IA,0.061703
2001,1,ID,0.025823
2001,1,IL,0.042155
2001,1,IN,0.034147
2001,1,KS,0.070503
2001,1,KY,0.020552
2001,1,LA,0.026357
2001,1,MA,0.035192
2001,1,MD,0.047786
2001,1,ME,0.016237
2001,1,MI,0.036806
2001,1,MN,0.050853
2001,1,MO,0.033911
2001,1,MS,0.017363
2001,1,MT,0.071566
2001,1,NC,0.023412
2001,1,ND,0.109536
2001,1,NE,0.076149
2001,1,NH,0.008042
2001,1,NJ,0.029246
2001,1,NM,0.066103
2001,1,NV,0.028037
2001,1,NY,0.041111
2001,1,OH,0.036128
2001,1,OK,0.045574
2001,1,OR,0.027873
2001,1,PA,0.030115
2001,1,RI,0.040008
2001,1,SC,0.025501
2001,1,SD,0.107859
2001,1,TN,0.018657
2001,1,TX,0.053735
2001,1,UT,0.025979
2001,1,VA,0.026233
2001,1,VT,0.009553
2001,1,WA,0.016136
2001,1,WI,0.02946
2001,1,WV,0.017663
2001,1,WY,0.053032
2001,2,AL,0.023292
2001,2,AR,0.031502
2001,2,AZ,0.045665
2001,2,CA,0.040324
2001,2,CO,0.053927
2001,2,CT,0.066903
2001,2,DE,0.097207
2001,2,FL,0.026502
2001,2,GA,0.014942
2001,2,IA,0.08485
2001,2,ID,0.032162
2001,2,IL,0.072385
2001,2,IN,0.06504
2001,2,KS,0.085456
2001,2,KY,0.041396
2001,2,LA,0.038552
2001,2,MA,0.093848
2001,2,MD,0.063399
2001,2,ME,0.062768
2001,2,MI,0.067075
2001,2,MN,0.061971
2001,2,MO,0.059092
2001,2,MS,0.029697
2001,2,MT,0.05428
2001,2,NC,0.019155
2001,2,ND,0.109532
2001,2,NE,0.07975
2001,2,NH,0.043838
2001,2,NJ,0.054055
2001,2,NM,0.081376
2001,2,NV,0.047015
2001,2,NY,0.085663
2001,2,OH,0.063112
2001,2,OK,0.085347
2001,2,OR,0.028352
2001,2,PA,0.055147
2001,2,RI,0.096642
2001,2,SC,0.020164
2001,2,SD,0.092962
2001,2,TN,0.031882
2001,2,TX,0.076402
2001,2,UT,0.033139
2001,2,VA,0.03456
2001,2,VT,0.045081
2001,2,WA,0.016747
2001,2,WI,0.04747
2001,2,WV,0.028391
2001,2,WY,0.054248
2001,3,AL,0.02494
2001,3,AR,0.020068
2001,3,AZ,0.030651
2001,3,CA,0.037232
2001,3,CO,0.054021
2001,3,CT,0.068464
2001,3,DE,0.130071
2001,3,FL,0.052245
2001,3,GA,0.03779
2001,3,IA,0.072342
2001,3,ID,0.062094
2001,3,IL,0.067946
2001,3,IN,0.051214
2001,3,KS,0.067099
2001,3,KY,0.02919
2001,3,LA,0.035248
2001,3,MA,0.08587
2001,3,MD,0.109614
2001,3,ME,0.057597
2001,3,MI,0.041267
2001,3,MN,0.042425
2001,3,MO,0.041689
2001,3,MS,0.022655
2001,3,MT,0.069806
2001,3,NC,0.042494
2001,3,ND,0.088854
2001,3,NE,0.06626
2001,3,NH,0.025973
2001,3,NJ,0.076172
2001,3,NM,0.075192
2001,3,NV,0.037721
2001,3,NY,0.062148
2001,3,OH,0.046891
2001,3,OK,0.055056
2001,3,OR,0.032547
2001,3,PA,0.051191
2001,3,RI,0.093108
2001,3,SC,0.048914
2001,3,SD,0.067493
2001,3,TN,0.027413
2001,3,TX,0.052867
2001,3,UT,0.036019
2001,3,VA,0.055882
2001,3,VT,0.014124
2001,3,WA,0.039802
2001,3,WI,0.040918
2001,3,WV,0.033965
2001,3,WY,0.06731
2001,4,AL,0.020018
2001,4,AR,0.036333
2001,4,AZ,0.067328
2001,4,CA,0.053255
2001,4,CO,0.139802
2001,4,CT,0.039203
2001,4,DE,0.041585
2001,4,FL,0.040344
2001,4,GA,0.018477
2001,4,IA,0.150497
2001,4,ID,0.059373
2001,4,IL,0.109929
2001,4,IN,0.089301
2001,4,KS,0.166201
2001,4,KY,0.043779
2001,4,LA,0.044111
2001,4,MA,0.048243
2001,4,MD,0.040438
2001,4,ME,0.040542
2001,4,MI,0.071337
2001,4,MN,0.100221
2001,4,MO,0.10656
2001,4,MS,0.025553
2001,4,MT,0.089782
2001,4,NC,0.02829
2001,4,ND,0.12794
2001,4,NE,0.144369
2001,4,NH,0.027597
2001,4,NJ,0.031772
2001,4,NM,0.161962
2001,4,NV,0.067704
2001,4,NY,0.044046
2001,4,OH,0.066216
2001,4,OK,0.12143
2001,4,OR,0.03044
2001,4,PA,0.032173
2001,4,RI,0.049188
2001,4,SC,0.034316
2001,4,SD,0.152071
2001,4,TN,0.029993
2001,4,TX,0.106256
2001,4,UT,0.067288
2001,4,VA,0.032527
2001,4,VT,0.027957
2001,4,WA,0.039862
2001,4,WI,0.079626
2001,4,WV,0.023487
2001,4,WY,0.081831
2001,5,AL,0.012554
2001,5,AR,0.018703
2001,5,AZ,0.043171
2001,5,CA,0.043546
2001,5,CO,0.079979
2001,5,CT,0.044269
2001,5,DE,0.020205
2001,5,FL,0.038348
2001,5,GA,0.011222
2001,5,IA,0.081354
2001,5,ID,0.080099
2001,5,IL,0.05538
2001,5,IN,0.040055
2001,5,KS,0.10271
2001,5,KY,0.016483
2001,5,LA,0.02575
2001,5,MA,0.043645
2001,5,MD,0.021487
2001,5,ME,0.026422
2001,5,MI,0.031
2001,5,MN,0.070291
2001,5,MO,0.052566
2001,5,MS,0.012656
2001,5,MT,0.118044
2001,5,NC,0.015881
2001,5,ND,0.147471
2001,5,NE,0.116746
2001,5,NH,0.022199
2001,5,NJ,0.025556
2001,5,NM,0.08677
2001,5,NV,0.060021
2001,5,NY,0.03311
2001,5,OH,0.027041
2001,5,OK,0.069674
2001,5,OR,0.042542
2001,5,PA,0.021519
2001,5,RI,0.045528
2001,5,SC,0.023068
2001,5,SD,0.134007
2001,5,TN,0.016954
2001,5,TX,0.070822
2001,5,UT,0.052252
2001,5,VA,0.018468
2001,5,VT,0.019335
2001,5,WA,0.04665
2001,5,WI,0.036264
2001,5,WV,0.008813
2001,5,WY,0.099436
2001,6,AL,0.010906
2001,6,AR,0.010898
2001,6,AZ,0.054611
2001,6,CA,0.05092
2001,6,CO,0.078359
2001,6,CT,0.019292
2001,6,DE,0.01518
2001,6,FL,0.025701
2001,6,GA,0.010774
2001,6,IA,0.053919
2001,6,ID,0.056126
2001,6,IL,0.034318
2001,6,IN,0.020769
2001,6,KS,0.101179
2001,6,KY,0.010955
2001,6,LA,0.023831
2001,6,MA,0.025873
2001,6,MD,0.015032
2001,6,ME,0.016736
2001,6,MI,0.020982
2001,6,MN,0.049242
2001,6,MO,0.035685
2001,6,MS,0.012424
2001,6,MT,0.066442
2001,6,NC,0.012738
2001,6,ND,0.07146
2001,6,NE,0.082688
2001,6,NH,0.012459
2001,6,NJ,0.019002
2001,6,NM,0.085009
2001,6,NV,0.078395
2001,6,NY,0.020641
2001,6,OH,0.0173
2001,6,OK,0.074037
2001,6,OR,0.040475
2001,6,PA,0.011805
2001,6,RI,0.030681
2001,6,SC,0.018649
2001,6,SD,0.093326
2001,6,TN,0.009537
2001,6,TX,0.065911
2001,6,UT,0.057002
2001,6,VA,0.013899
2001,6,VT,0.011282
2001,6,WA,0.03816
2001,6,WI,0.025514
2001,6,WV,0.005277
2001,6,WY,0.071929
2001,7,AL,0.006946
2001,7,AR,0.005636
2001,7,AZ,0.036059
2001,7,CA,0.038827
2001,7,CO,0.058869
2001,7,CT,0.026479
2001,7,DE,0.020942
2001,7,FL,0.02423
2001,7,GA,0.008502
2001,7,IA,0.02393
2001,7,ID,0.029527
2001,7,IL,0.021765
2001,7,IN,0.01612
2001,7,KS,0.056388
2001,7,KY,0.008522
2001,7,LA,0.008272
2001,7,MA,0.031587
2001,7,MD,0.023856
2001,7,ME,0.015184
2001,7,MI,0.02103
2001,7,MN,0.030856
2001,7,MO,0.017731
2001,7,MS,0.006407
2001,7,MT,0.053061
2001,7,NC,0.012114
2001,7,ND,0.048289
2001,7,NE,0.049276
2001,7,NH,0.011461
2001,7,NJ,0.021376
2001,7,NM,0.048825
2001,7,NV,0.056111
2001,7,NY,0.029279
2001,7,OH,0.014531
2001,7,OK,0.043254
2001,7,OR,0.04038
2001,7,PA,0.014465
2001,7,RI,0.035204
2001,7,SC,0.014321
2001,7,SD,0.06357
2001,7,TN,0.008386
2001,7,TX,0.042996
2001,7,UT,0.059494
2001,7,VA,0.023092
2001,7,VT,0.014194
2001,7,WA,0.041218
2001,7,WI,0.018041
2001,7,WV,0.004409
2001,7,WY,0.055984
2001,8,AL,0.007692
2001,8,AR,0.007442
2001,8,AZ,0.027794
2001,8,CA,0.032926
2001,8,CO,0.050784
2001,8,CT,0.01541
2001,8,DE,0.010437
2001,8,FL,0.017987
2001,8,GA,0.005887
2001,8,IA,0.019266
2001,8,ID,0.022356
2001,8,IL,0.020081
2001,8,IN,0.014041
2001,8,KS,0.045888
2001,8,KY,0.008315
2001,8,LA,0.010374
2001,8,MA,0.02112
2001,8,MD,0.010189
2001,8,ME,0.016414
2001,8,MI,0.018723
2001,8,MN,0.027379
2001,8,MO,0.01711
2001,8,MS,0.006721
2001,8,MT,0.03596
2001,8,NC,0.008664
2001,8,ND,0.05044
2001,8,NE,0.040472
2001,8,NH,0.007394
2001,8,NJ,0.011273
2001,8,NM,0.039761
2001,8,NV,0.038743
2001,8,NY,0.019411
2001,8,OH,0.011433
2001,8,OK,0.028699
2001,8,OR,0.026029
2001,8,PA,0.008372
2001,8,RI,0.030264
2001,8,SC,0.011829
2001,8,SD,0.055305
2001,8,TN,0.005911
2001,8,TX,0.042112
2001,8,UT,0.040412
2001,8,VA,0.010184
2001,8,VT,0.013217
2001,8,WA,0.0278
2001,8,WI,0.016792
2001,8,WV,0.003521
2001,8,WY,0.043335
2001,9,AL,0.007345
2001,9,AR,0.008328
2001,9,AZ,0.027658
2001,9,CA,0.023784
2001,9,CO,0.046006
2001,9,CT,0.026128
2001,9,DE,0.018022
2001,9,FL,0.030198
2001,9,GA,0.011791
2001,9,IA,0.02254
2001,9,ID,0.034536
2001,9,IL,0.03182
2001,9,IN,0.028135
2001,9,KS,0.050705
2001,9,KY,0.012305
2001,9,LA,0.014929
2001,9,MA,0.031023
2001,9,MD,0.01912
2001,9,ME,0.016383
2001,9,MI,0.028109
2001,9,MN,0.022217
2001,9,MO,0.020411
2001,9,MS,0.007304
2001,9,MT,0.047238
2001,9,NC,0.011367
2001,9,ND,0.057282
2001,9,NE,0.045006
2001,9,NH,0.010043
2001,9,NJ,0.016212
2001,9,NM,0.044307
2001,9,NV,0.036414
2001,9,NY,0.02255
2001,9,OH,0.020621
2001,9,OK,0.035741
2001,9,OR,0.025239
2001,9,PA,0.012361
2001,9,RI,0.0407
2001,9,SC,0.013367
2001,9,SD,0.080046
2001,9,TN,0.010861
2001,9,TX,0.038255
2001,9,UT,0.037395
2001,9,VA,0.017985
2001,9,VT,0.015918
2001,9,WA,0.025623
2001,9,WI,0.02205
2001,9,WV,0.005506
2001,9,WY,0.042101
2001,10,AL,0.019663
2001,10,AR,0.022634
2001,10,AZ,0.024873
2001,10,CA,0.019223
2001,10,CO,0.069203
2001,10,CT,0.039647
2001,10,DE,0.043973
2001,10,FL,0.045532
2001,10,GA,0.016009
2001,10,IA,0.08425
2001,10,ID,0.076928
2001,10,IL,0.066426
2001,10,IN,0.070954
2001,10,KS,0.111125
2001,10,KY,0.034232
2001,10,LA,0.028595
2001,10,MA,0.051545
2001,10,MD,0.031669
2001,10,ME,0.018423
2001,10,MI,0.069977
2001,10,MN,0.077233
2001,10,MO,0.055641
2001,10,MS,0.019667
2001,10,MT,0.101637
2001,10,NC,0.014575
2001,10,ND,0.119504
2001,10,NE,0.083662
2001,10,NH,0.017016
2001,10,NJ,0.033494
2001,10,NM,0.07236
2001,10,NV,0.023342
2001,10,NY,0.06299
2001,10,OH,0.069162
2001,10,OK,0.097119
2001,10,OR,0.035508
2001,10,PA,0.04517
2001,10,RI,0.052129
2001,10,SC,0.01696
2001,10,SD,0.127235
2001,10,TN,0.025217
2001,10,TX,0.055509
2001,10,UT,0.038291
2001,10,VA,0.025439
2001,10,VT,0.025744
2001,10,WA,0.045896
2001,10,WI,0.056831
2001,10,WV,0.03034
2001,10,WY,0.096783
2001,11,AL,0.014442
2001,11,AR,0.018267
2001,11,AZ,0.030291
2001,11,CA,0.031101
2001,11,CO,0.054314
2001,11,CT,0.035588
2001,11,DE,0.033664
2001,11,FL,0.034833
2001,11,GA,0.010499
2001,11,IA,0.070351
2001,11,ID,0.057726
2001,11,IL,0.05542
2001,11,IN,0.046941
2001,11,KS,0.089678
2001,11,KY,0.021142
2001,11,LA,0.020752
2001,11,MA,0.046972
2001,11,MD,0.024942
2001,11,ME,0.038671
2001,11,MI,0.044895
2001,11,MN,0.060803
2001,11,MO,0.048599
2001,11,MS,0.015214
2001,11,MT,0.075318
2001,11,NC,0.008964
2001,11,ND,0.089655
2001,11,NE,0.085589
2001,11,NH,0.020593
2001,11,NJ,0.03099
2001,11,NM,0.07265
2001,11,NV,0.034428
2001,11,NY,0.049281
2001,11,OH,0.041692
2001,11,OK,0.080066
2001,11,OR,0.05728
2001,11,PA,0.029319
2001,11,RI,0.054922
2001,11,SC,0.011469
2001,11,SD,0.111498
2001,11,TN,0.015325
2001,11,TX,0.056241
2001,11,UT,0.034244
2001,11,VA,0.0177
2001,11,VT,0.028406
2001,11,WA,0.027549
2001,11,WI,0.039132
2001,11,WV,0.012868
2001,11,WY,0.04527
2001,12,AL,0.014433
2001,12,AR,0.01539
2001,12,AZ,0.026837
2001,12,CA,0.040812
2001,12,CO,0.052851
2001,12,CT,0.02616
2001,12,DE,0.055552
2001,12,FL,0.01912
2001,12,GA,0.011668
2001,12,IA,0.080312
2001,12,ID,0.082199
2001,12,IL,0.057169
2001,12,IN,0.049453
2001,12,KS,0.091955
2001,12,KY,0.023284
2001,12,LA,0.024506
2001,12,MA,0.039262
2001,12,MD,0.038827
2001,12,ME,0.023795
2001,12,MI,0.046736
2001,12,MN,0.064074
2001,12,MO,0.050656
2001,12,MS,0.018162
2001,12,MT,0.101431
2001,12,NC,0.016232
2001,12,ND,0.101833
2001,12,NE,0.082858
2001,12,NH,0.009068
2001,12,NJ,0.036171
2001,12,NM,0.067658
2001,12,NV,0.043106
2001,12,NY,0.053908
2001,12,OH,0.047427
2001,12,OK,0.061647
2001,12,OR,0.075445
2001,12,PA,0.038752
2001,12,RI,0.037585
2001,12,SC,0.01607
2001,12,SD,0.112673
2001,12,TN,0.016254
2001,12,TX,0.049284
2001,12,UT,0.036146
2001,12,VA,0.027617
2001,12,VT,0.018836
2001,12,WA,0.055399
2001,12,WI,0.037409
2001,12,WV,0.024202
2001,12,WY,0.093702
2002,1,AL,0.018785
2002,1,AR,0.024219
2002,1,AZ,0.029052
2002,1,CA,0.024002
2002,1,CO,0.057346
2002,1,CT,0.027019
2002,1,DE,0.050418
2002,1,FL,0.024409
2002,1,GA,0.015496
2002,1,IA,0.061557
2002,1,ID,0.068593
2002,1,IL,0.049365
2002,1,IN,0.048502
2002,1,KS,0.075249
2002,1,KY,0.022728
2002,1,LA,0.034706
2002,1,MA,0.054232
2002,1,MD,0.036211
2002,1,ME,0.026733
2002,1,MI,0.045228
2002,1,MN,0.039238
2002,1,MO,0.045342
2002,1,MS,0.024185
2002,1,MT,0.110176
2002,1,NC,0.017615
2002,1,ND,0.08867
2002,1,NE,0.075064
2002,1,NH,0.010301
2002,1,NJ,0.032299
2002,1,NM,0.077418
2002,1,NV,0.03914
2002,1,NY,0.063331
2002,1,OH,0.050811
2002,1,OK,0.074932
2002,1,OR,0.052149
2002,1,PA,0.039224
2002,1,RI,0.035726
2002,1,SC,0.019192
2002,1,SD,0.09408
2002,1,TN,0.018691
2002,1,TX,0.069325
2002,1,UT,0.040645
2002,1,VA,0.029088
2002,1,VT,0.02545
2002,1,WA,0.046351
2002,1,WI,0.030067
2002,1,WV,0.023271
2002,1,WY,0.115588
2002,2,AL,0.02606
2002,2,AR,0.031704
2002,2,AZ,0.028993
2002,2,CA,0.032064
2002,2,CO,0.099246
2002,2,CT,0.042732
2002,2,DE,0.113555
2002,2,FL,0.046253
2002,2,GA,0.019786
2002,2,IA,0.123751
2002,2,ID,0.086267
2002,2,IL,0.089766
2002,2,IN,0.085698
2002,2,KS,0.137549
2002,2,KY,0.045247
2002,2,LA,0.040172
2002,2,MA,0.07053
2002,2,MD,0.067498
2002,2,ME,0.038772
2002,2,MI,0.076203
2002,2,MN,0.08492
2002,2,MO,0.077291
2002,2,MS,0.027629
2002,2,MT,0.123243
2002,2,NC,0.036294
2002,2,ND,0.146314
2002,2,NE,0.122945
2002,2,NH,0.015345
2002,2,NJ,0.051868
2002,2,NM,0.104447
2002,2,NV,0.036082
2002,2,NY,0.083264
2002,2,OH,0.107687
2002,2,OK,0.103395
2002,2,OR,0.047809
2002,2,PA,0.062365
2002,2,RI,0.051818
2002,2,SC,0.030026
2002,2,SD,0.164753
2002,2,TN,0.033056
2002,2,TX,0.085217
2002,2,UT,0.034701
2002,2,VA,0.053139
2002,2,VT,0.045692
2002,2,WA,0.03238
2002,2,WI,0.058655
2002,2,WV,0.043609
2002,2,WY,0.117154
2002,3,AL,0.029234
2002,3,AR,0.04507
2002,3,AZ,0.057469
2002,3,CA,0.056632
2002,3,CO,0.093864
2002,3,CT,0.052726
2002,3,DE,0.100284
2002,3,FL,0.065837
2002,3,GA,0.01882
2002,3,IA,0.129641
2002,3,ID,0.078974
2002,3,IL,0.103165
2002,3,IN,0.094604
2002,3,KS,0.145841
2002,3,KY,0.045331
2002,3,LA,0.058306
2002,3,MA,0.070842
2002,3,MD,0.056521
2002,3,ME,0.048296
2002,3,MI,0.079293
2002,3,MN,0.072722
2002,3,MO,0.080461
2002,3,MS,0.039496
2002,3,MT,0.092309
2002,3,NC,0.038165
2002,3,ND,0.130332
2002,3,NE,0.104144
2002,3,NH,0.02117
2002,3,NJ,0.05513
2002,3,NM,0.140732
2002,3,NV,0.056221
2002,3,NY,0.084914
2002,3,OH,0.105667
2002,3,OK,0.133083
2002,3,OR,0.044254
2002,3,PA,0.065124
2002,3,RI,0.058331
2002,3,SC,0.023296
2002,3,SD,0.12078
2002,3,TN,0.038036
2002,3,TX,0.114878
2002,3,UT,0.053484
2002,3,VA,0.038067
2002,3,VT,0.046169
2002,3,WA,0.057552
2002,3,WI,0.070429
2002,3,WV,0.038685
2002,3,WY,0.100811
2002,4,AL,0.020396
2002,4,AR,0.03074
2002,4,AZ,0.068703
2002,4,CA,0.057433
2002,4,CO,0.131158
2002,4,CT,0.034012
2002,4,DE,0.062894
2002,4,FL,0.041794
2002,4,GA,0.013969
2002,4,IA,0.13767
2002,4,ID,0.08359
2002,4,IL,0.081625
2002,4,IN,0.064063
2002,4,KS,0.164125
2002,4,KY,0.035587
2002,4,LA,0.031804
2002,4,MA,0.053898
2002,4,MD,0.046602
2002,4,ME,0.035946
2002,4,MI,0.054397
2002,4,MN,0.090792
2002,4,MO,0.077992
2002,4,MS,0.026365
2002,4,MT,0.102831
2002,4,NC,0.02412
2002,4,ND,0.12845
2002,4,NE,0.133862
2002,4,NH,0.014406
2002,4,NJ,0.036534
2002,4,NM,0.125865
2002,4,NV,0.070218
2002,4,NY,0.049756
2002,4,OH,0.073767
2002,4,OK,0.087415
2002,4,OR,0.042318
2002,4,PA,0.037095
2002,4,RI,0.039224
2002,4,SC,0.024543
2002,4,SD,0.160653
2002,4,TN,0.030441
2002,4,TX,0.089415
2002,4,UT,0.065428
2002,4,VA,0.033553
2002,4,VT,0.026023
2002,4,WA,0.053978
2002,4,WI,0.054304
2002,4,WV,0.025432
2002,4,WY,0.123184
2002,5,AL,0.020702
2002,5,AR,0.026458
2002,5,AZ,0.051242
2002,5,CA,0.059403
2002,5,CO,0.113192
2002,5,CT,0.041256
2002,5,DE,0.04586
2002,5,FL,0.072238
2002,5,GA,0.01412
2002,5,IA,0.0855
2002,5,ID,0.076844
2002,5,IL,0.055773
2002,5,IN,0.045526
2002,5,KS,0.133872
2002,5,KY,0.022561
2002,5,LA,0.032746
2002,5,MA,0.060239
2002,5,MD,0.033022
2002,5,ME,0.046357
2002,5,MI,0.052491
2002,5,MN,0.079495
2002,5,MO,0.051776
2002,5,MS,0.024158
2002,5,MT,0.110453
2002,5,NC,0.038306
2002,5,ND,0.15392
2002,5,NE,0.106391
2002,5,NH,0.020637
2002,5,NJ,0.035369
2002,5,NM,0.121007
2002,5,NV,0.055576
2002,5,NY,0.056224
2002,5,OH,0.059165
2002,5,OK,0.074127
2002,5,OR,0.038658
2002,5,PA,0.03383
2002,5,RI,0.040472
2002,5,SC,0.023723
2002,5,SD,0.15033
2002,5,TN,0.023404
2002,5,TX,0.104027
2002,5,UT,0.05972
2002,5,VA,0.031317
2002,5,VT,0.030508
2002,5,WA,0.044654
2002,5,WI,0.051282
2002,5,WV,0.018184
2002,5,WY,0.109731
2002,6,AL,0.009701
2002,6,AR,0.007578
2002,6,AZ,0.049151
2002,6,CA,0.058706
2002,6,CO,0.107851
2002,6,CT,0.021083
2002,6,DE,0.027254
2002,6,FL,0.037095
2002,6,GA,0.010322
2002,6,IA,0.053674
2002,6,ID,0.044786
2002,6,IL,0.019684
2002,6,IN,0.020197
2002,6,KS,0.129105
2002,6,KY,0.00953
2002,6,LA,0.010647
2002,6,MA,0.035189
2002,6,MD,0.018945
2002,6,ME,0.027225
2002,6,MI,0.021122
2002,6,MN,0.049911
2002,6,MO,0.027644
2002,6,MS,0.008664
2002,6,MT,0.071388
2002,6,NC,0.024723
2002,6,ND,0.084273
2002,6,NE,0.090474
2002,6,NH,0.0091
2002,6,NJ,0.019385
2002,6,NM,0.100422
2002,6,NV,0.052589
2002,6,NY,0.025775
2002,6,OH,0.028334
2002,6,OK,0.046738
2002,6,OR,0.032689
2002,6,PA,0.01347
2002,6,RI,0.029166
2002,6,SC,0.015618
2002,6,SD,0.097259
2002,6,TN,0.007994
2002,6,TX,0.057891
2002,6,UT,0.05365
2002,6,VA,0.019691
2002,6,VT,0.013914
2002,6,WA,0.04233
2002,6,WI,0.021171
2002,6,WV,0.006443
2002,6,WY,0.071145
2002,7,AL,0.005731
2002,7,AR,0.006612
2002,7,AZ,0.041752
2002,7,CA,0.03445
2002,7,CO,0.056959
2002,7,CT,0.017449
2002,7,DE,0.0218
2002,7,FL,0.016276
2002,7,GA,0.006148
2002,7,IA,0.024732
2002,7,ID,0.032882
2002,7,IL,0.013443
2002,7,IN,0.015341
2002,7,KS,0.062724
2002,7,KY,0.008911
2002,7,LA,0.008641
2002,7,MA,0.029411
2002,7,MD,0.018303
2002,7,ME,0.016633
2002,7,MI,0.016727
2002,7,MN,0.023897
2002,7,MO,0.018421
2002,7,MS,0.00618
2002,7,MT,0.056713
2002,7,NC,0.009265
2002,7,ND,0.047973
2002,7,NE,0.047651
2002,7,NH,0.007141
2002,7,NJ,0.015431
2002,7,NM,0.049926
2002,7,NV,0.042929
2002,7,NY,0.022265
2002,7,OH,0.016
2002,7,OK,0.027148
2002,7,OR,0.036948
2002,7,PA,0.01153
2002,7,RI,0.023786
2002,7,SC,0.014063
2002,7,SD,0.078047
2002,7,TN,0.00764
2002,7,TX,0.04527
2002,7,UT,0.034147
2002,7,VA,0.013027
2002,7,VT,0.010461
2002,7,WA,0.043658
2002,7,WI,0.015344
2002,7,WV,0.00388
2002,7,WY,0.049836
2002,8,AL,0.006465
2002,8,AR,0.006896
2002,8,AZ,0.033558
2002,8,CA,0.031614
2002,8,CO,0.082381
2002,8,CT,0.015896
2002,8,DE,0.022045
2002,8,FL,0.018246
2002,8,GA,0.006672
2002,8,IA,0.023457
2002,8,ID,0.030051
2002,8,IL,0.01494
2002,8,IN,0.018664
2002,8,KS,0.071259
2002,8,KY,0.011549
2002,8,LA,0.010485
2002,8,MA,0.022814
2002,8,MD,0.019951
2002,8,ME,0.011488
2002,8,MI,0.017408
2002,8,MN,0.032325
2002,8,MO,0.017679
2002,8,MS,0.007448
2002,8,MT,0.054201
2002,8,NC,0.010138
2002,8,ND,0.0778
2002,8,NE,0.062811
2002,8,NH,0.00566
2002,8,NJ,0.015745
2002,8,NM,0.056063
2002,8,NV,0.04181
2002,8,NY,0.017964
2002,8,OH,0.016469
2002,8,OK,0.03669
2002,8,OR,0.030888
2002,8,PA,0.011298
2002,8,RI,0.020157
2002,8,SC,0.010177
2002,8,SD,0.101392
2002,8,TN,0.0081
2002,8,TX,0.042246
2002,8,UT,0.042966
2002,8,VA,0.013554
2002,8,VT,0.007075
2002,8,WA,0.031109
2002,8,WI,0.016818
2002,8,WV,0.004596
2002,8,WY,0.069907
2002,9,AL,0.019936
2002,9,AR,0.008638
2002,9,AZ,0.027856
2002,9,CA,0.0272
2002,9,CO,0.070195
2002,9,CT,0.024361
2002,9,DE,0.029636
2002,9,FL,0.037735
2002,9,GA,0.010217
2002,9,IA,0.028541
2002,9,ID,0.026339
2002,9,IL,0.013404
2002,9,IN,0.014686
2002,9,KS,0.067086
2002,9,KY,0.010448
2002,9,LA,0.02782
2002,9,MA,0.03268
2002,9,MD,0.021981
2002,9,ME,0.018291
2002,9,MI,0.019012
2002,9,MN,0.032765
2002,9,MO,0.018024
2002,9,MS,0.016579
2002,9,MT,0.053399
2002,9,NC,0.014411
2002,9,ND,0.083198
2002,9,NE,0.057357
2002,9,NH,0.009655
2002,9,NJ,0.020363
2002,9,NM,0.05927
2002,9,NV,0.038747
2002,9,NY,0.024005
2002,9,OH,0.014208
2002,9,OK,0.023776
2002,9,OR,0.02295
2002,9,PA,0.01269
2002,9,RI,0.023729
2002,9,SC,0.010913
2002,9,SD,0.098928
2002,9,TN,0.010888
2002,9,TX,0.035111
2002,9,UT,0.037294
2002,9,VA,0.016193
2002,9,VT,0.014851
2002,9,WA,0.024908
2002,9,WI,0.017116
2002,9,WV,0.004733
2002,9,WY,0.054798
2002,10,AL,0.009448
2002,10,AR,0.009651
2002,10,AZ,0.020961
2002,10,CA,0.020369
2002,10,CO,0.055513
2002,10,CT,0.032079
2002,10,DE,0.034093
2002,10,FL,0.016874
2002,10,GA,0.006224
2002,10,IA,0.048022
2002,10,ID,0.02516
2002,10,IL,0.023035
2002,10,IN,0.028365
2002,10,KS,0.057117
2002,10,KY,0.013102
2002,10,LA,0.023113
2002,10,MA,0.042331
2002,10,MD,0.02799
2002,10,ME,0.023113
2002,10,MI,0.030578
2002,10,MN,0.036012
2002,10,MO,0.022502
2002,10,MS,0.014207
2002,10,MT,0.050834
2002,10,NC,0.013218
2002,10,ND,0.071725
2002,10,NE,0.05335
2002,10,NH,0.008043
2002,10,NJ,0.02005
2002,10,NM,0.054939
2002,10,NV,0.020459
2002,10,NY,0.032846
2002,10,OH,0.026924
2002,10,OK,0.030579
2002,10,OR,0.019037
2002,10,PA,0.015654
2002,10,RI,0.035874
2002,10,SC,0.00713
2002,10,SD,0.077294
2002,10,TN,0.009447
2002,10,TX,0.032908
2002,10,UT,0.020693
2002,10,VA,0.017382
2002,10,VT,0.018135
2002,10,WA,0.017926
2002,10,WI,0.027616
2002,10,WV,0.00633
2002,10,WY,0.048223
2002,11,AL,0.019101
2002,11,AR,0.02349
2002,11,AZ,0.028041
2002,11,CA,0.034505
2002,11,CO,0.043987
2002,11,CT,0.04521
2002,11,DE,0.066205
2002,11,FL,0.028441
2002,11,GA,0.013871
2002,11,IA,0.057658
2002,11,ID,0.031316
2002,11,IL,0.04426
2002,11,IN,0.061724
2002,11,KS,0.059133
2002,11,KY,0.03468
2002,11,LA,0.024218
2002,11,MA,0.070326
2002,11,MD,0.042873
2002,11,ME,0.032603
2002,11,MI,0.044432
2002,11,MN,0.050462
2002,11,MO,0.042199
2002,11,MS,0.01694
2002,11,MT,0.101884
2002,11,NC,0.019416
2002,11,ND,0.105421
2002,11,NE,0.052562
2002,11,NH,0.015056
2002,11,NJ,0.03395
2002,11,NM,0.066044
2002,11,NV,0.038559
2002,11,NY,0.05571
2002,11,OH,0.062371
2002,11,OK,0.042873
2002,11,OR,0.031093
2002,11,PA,0.038983
2002,11,RI,0.062744
2002,11,SC,0.01517
2002,11,SD,0.094834
2002,11,TN,0.025352
2002,11,TX,0.046781
2002,11,UT,0.023952
2002,11,VA,0.02808
2002,11,VT,0.02506
2002,11,WA,0.019533
2002,11,WI,0.029484
2002,11,WV,0.023254
2002,11,WY,0.067851
2002,12,AL,0.0256
2002,12,AR,0.02883
2002,12,AZ,0.017955
2002,12,CA,0.049308
2002,12,CO,0.029942
2002,12,CT,0.052042
2002,12,DE,0.092384
2002,12,FL,0.034241
2002,12,GA,0.017586
2002,12,IA,0.062554
2002,12,ID,0.048406
2002,12,IL,0.050315
2002,12,IN,0.064903
2002,12,KS,0.046104
2002,12,KY,0.031342
2002,12,LA,0.036978
2002,12,MA,0.073369
2002,12,MD,0.05569
2002,12,ME,0.038234
2002,12,MI,0.056242
2002,12,MN,0.052552
2002,12,MO,0.043713
2002,12,MS,0.024882
2002,12,MT,0.076755
2002,12,NC,0.028165
2002,12,ND,0.099997
2002,12,NE,0.040841
2002,12,NH,0.01809
2002,12,NJ,0.048077
2002,12,NM,0.057505
2002,12,NV,0.051632
2002,12,NY,0.067847
2002,12,OH,0.065376
2002,12,OK,0.045745
2002,12,OR,0.062449
2002,12,PA,0.04578
2002,12,RI,0.060083
2002,12,SC,0.021649
2002,12,SD,0.081368
2002,12,TN,0.025969
2002,12,TX,0.058373
2002,12,UT,0.029443
2002,12,VA,0.036834
2002,12,VT,0.022657
2002,12,WA,0.030737
2002,12,WI,0.041193
2002,12,WV,0.028998
2002,12,WY,0.062826
2003,1,AL,0.024457
2003,1,AR,0.02668
2003,1,AZ,0.013788
2003,1,CA,0.01874
2003,1,CO,0.043685
2003,1,CT,0.05525
2003,1,DE,0.111523
2003,1,FL,0.033682
2003,1,GA,0.023985
2003,1,IA,0.082444
2003,1,ID,0.02703
2003,1,IL,0.047176
2003,1,IN,0.058526
2003,1,KS,0.066772
2003,1,KY,0.03034
2003,1,LA,0.029596
2003,1,MA,0.078112
2003,1,MD,0.066273
2003,1,ME,0.030527
2003,1,MI,0.060146
2003,1,MN,0.063723
2003,1,MO,0.044671
2003,1,MS,0.022586
2003,1,MT,0.090143
2003,1,NC,0.031735
2003,1,ND,0.120999
2003,1,NE,0.060508
2003,1,NH,0.015075
2003,1,NJ,0.051041
2003,1,NM,0.055305
2003,1,NV,0.013836
2003,1,NY,0.073218
2003,1,OH,0.063506
2003,1,OK,0.061736
2003,1,OR,0.037328
2003,1,PA,0.050387
2003,1,RI,0.056791
2003,1,SC,0.02928
2003,1,SD,0.098199
2003,1,TN,0.02642
2003,1,TX,0.050354
2003,1,UT,0.014449
2003,1,VA,0.038847
2003,1,VT,0.017659
2003,1,WA,0.021165
2003,1,WI,0.040732
2003,1,WV,0.026628
2003,1,WY,0.08405
2003,2,AL,0.024553
2003,2,AR,0.026481
2003,2,AZ,0.033106
2003,2,CA,0.033066
2003,2,CO,0.053233
2003,2,CT,0.04977
2003,2,DE,0.097486
2003,2,FL,0.028605
2003,2,GA,0.02075
2003,2,IA,0.089772
2003,2,ID,0.052035
2003,2,IL,0.066378
2003,2,IN,0.083808
2003,2,KS,0.067279
2003,2,KY,0.036043
2003,2,LA,0.03234
2003,2,MA,0.072077
2003,2,MD,0.059757
2003,2,ME,0.046333
2003,2,MI,0.066003
2003,2,MN,0.058587
2003,2,MO,0.047581
2003,2,MS,0.022365
2003,2,MT,0.058298
2003,2,NC,0.034471
2003,2,ND,0.105345
2003,2,NE,0.067434
2003,2,NH,0.021066
2003,2,NJ,0.049182
2003,2,NM,0.088387
2003,2,NV,0.040979
2003,2,NY,0.069632
2003,2,OH,0.079539
2003,2,OK,0.064747
2003,2,OR,0.027344
2003,2,PA,0.051141
2003,2,RI,0.036704
2003,2,SC,0.030853
2003,2,SD,0.094857
2003,2,TN,0.027909
2003,2,TX,0.071718
2003,2,UT,0.033947
2003,2,VA,0.047363
2003,2,VT,0.027446
2003,2,WA,0.021299
2003,2,WI,0.045147
2003,2,WV,0.033618
2003,2,WY,0.069431
2003,3,AL,0.01612
2003,3,AR,0.023221
2003,3,AZ,0.036209
2003,3,CA,0.052559
2003,3,CO,0.102024
2003,3,CT,0.037269
2003,3,DE,0.06868
2003,3,FL,0.02798
2003,3,GA,0.013681
2003,3,IA,0.081273
2003,3,ID,0.095879
2003,3,IL,0.047392
2003,3,IN,0.056075
2003,3,KS,0.114123
2003,3,KY,0.027554
2003,3,LA,0.018364
2003,3,MA,0.057
2003,3,MD,0.04184
2003,3,ME,0.032777
2003,3,MI,0.040021
2003,3,MN,0.057085
2003,3,MO,0.052656
2003,3,MS,0.016363
2003,3,MT,0.091588
2003,3,NC,0.023995
2003,3,ND,0.126848
2003,3,NE,0.102959
2003,3,NH,0.015932
2003,3,NJ,0.03387
2003,3,NM,0.10059
2003,3,NV,0.065421
2003,3,NY,0.048998
2003,3,OH,0.043869
2003,3,OK,0.065115
2003,3,OR,0.059229
2003,3,PA,0.031274
2003,3,RI,0.038737
2003,3,SC,0.01662
2003,3,SD,0.120816
2003,3,TN,0.021244
2003,3,TX,0.062136
2003,3,UT,0.051904
2003,3,VA,0.033493
2003,3,VT,0.030617
2003,3,WA,0.055245
2003,3,WI,0.034393
2003,3,WV,0.018115
2003,3,WY,0.125487
2003,4,AL,0.019233
2003,4,AR,0.051035
2003,4,AZ,0.069914
2003,4,CA,0.060721
2003,4,CO,0.141075
2003,4,CT,0.046267
2003,4,DE,0.085916
2003,4,FL,0.03306
2003,4,GA,0.009161
2003,4,IA,0.091729
2003,4,ID,0.054127
2003,4,IL,0.062795
2003,4,IN,0.076211
2003,4,KS,0.145809
2003,4,KY,0.036149
2003,4,LA,0.028676
2003,4,MA,0.056911
2003,4,MD,0.0613
2003,4,ME,0.023429
2003,4,MI,0.058669
2003,4,MN,0.075311
2003,4,MO,0.086056
2003,4,MS,0.021506
2003,4,MT,0.073732
2003,4,NC,0.025858
2003,4,ND,0.112672
2003,4,NE,0.102712
2003,4,NH,0.015402
2003,4,NJ,0.054815
2003,4,NM,0.149481
2003,4,NV,0.097765
2003,4,NY,0.05549
2003,4,OH,0.064018
2003,4,OK,0.097796
2003,4,OR,0.032424
2003,4,PA,0.038542
2003,4,RI,0.047809
2003,4,SC,0.015451
2003,4,SD,0.117389
2003,4,TN,0.0314
2003,4,TX,0.089366
2003,4,UT,0.086489
2003,4,VA,0.044644
2003,4,VT,0.023332
2003,4,WA,0.028336
2003,4,WI,0.065167
2003,4,WV,0.019699
2003,4,WY,0.089747
2003,5,AL,0.019356
2003,5,AR,0.020473
2003,5,AZ,0.04831
2003,5,CA,0.048063
2003,5,CO,0.093424
2003,5,CT,0.023089
2003,5,DE,0.022854
2003,5,FL,0.024125
2003,5,GA,0.014275
2003,5,IA,0.090119
2003,5,ID,0.04471
2003,5,IL,0.047141
2003,5,IN,0.062189
2003,5,KS,0.075095
2003,5,KY,0.028526
2003,5,LA,0.032743
2003,5,MA,0.024704
2003,5,MD,0.02483
2003,5,ME,0.013613
2003,5,MI,0.042915
2003,5,MN,0.060949
2003,5,MO,0.04465
2003,5,MS,0.02182
2003,5,MT,0.052625
2003,5,NC,0.019777
2003,5,ND,0.108494
2003,5,NE,0.069823
2003,5,NH,0.006383
2003,5,NJ,0.024719
2003,5,NM,0.119664
2003,5,NV,0.048294
2003,5,NY,0.030359
2003,5,OH,0.051717
2003,5,OK,0.050814
2003,5,OR,0.024561
2003,5,PA,0.02594
2003,5,RI,0.027571
2003,5,SC,0.020655
2003,5,SD,0.111449
2003,5,TN,0.023361
2003,5,TX,0.067522
2003,5,UT,0.040378
2003,5,VA,0.022992
2003,5,VT,0.011363
2003,5,WA,0.029116
2003,5,WI,0.044948
2003,5,WV,0.018083
2003,5,WY,0.072156
2003,6,AL,0.007298
2003,6,AR,0.009474
2003,6,AZ,0.046575
2003,6,CA,0.042799
2003,6,CO,0.065632
2003,6,CT,0.014212
2003,6,DE,0.016089
2003,6,FL,0.022491
2003,6,GA,0.006019
2003,6,IA,0.033045
2003,6,ID,0.043529
2003,6,IL,0.016924
2003,6,IN,0.021679
2003,6,KS,0.065958
2003,6,KY,0.009275
2003,6,LA,0.013654
2003,6,MA,0.019578
2003,6,MD,0.015882
2003,6,ME,0.015858
2003,6,MI,0.018242
2003,6,MN,0.026503
2003,6,MO,0.021676
2003,6,MS,0.008129
2003,6,MT,0.049621
2003,6,NC,0.012641
2003,6,ND,0.066164
2003,6,NE,0.053864
2003,6,NH,0.007511
2003,6,NJ,0.012783
2003,6,NM,0.089138
2003,6,NV,0.047427
2003,6,NY,0.020749
2003,6,OH,0.022701
2003,6,OK,0.033161
2003,6,OR,0.03186
2003,6,PA,0.011878
2003,6,RI,0.013672
2003,6,SC,0.010125
2003,6,SD,0.075084
2003,6,TN,0.009514
2003,6,TX,0.047654
2003,6,UT,0.048184
2003,6,VA,0.014764
2003,6,VT,0.009704
2003,6,WA,0.037927
2003,6,WI,0.014475
2003,6,WV,0.006451
2003,6,WY,0.061042
2003,7,AL,0.009919
2003,7,AR,0.007966
2003,7,AZ,0.038309
2003,7,CA,0.03186
2003,7,CO,0.056686
2003,7,CT,0.012706
2003,7,DE,0.017156
2003,7,FL,0.019585
2003,7,GA,0.006847
2003,7,IA,0.035392
2003,7,ID,0.021224
2003,7,IL,0.017903
2003,7,IN,0.026019
2003,7,KS,0.075042
2003,7,KY,0.011055
2003,7,LA,0.009913
2003,7,MA,0.023506
2003,7,MD,0.012304
2003,7,ME,0.010472
2003,7,MI,0.02308
2003,7,MN,0.024917
2003,7,MO,0.024248
2003,7,MS,0.008012
2003,7,MT,0.049213
2003,7,NC,0.01484
2003,7,ND,0.051639
2003,7,NE,0.044278
2003,7,NH,0.004534
2003,7,NJ,0.015355
2003,7,NM,0.05807
2003,7,NV,0.038184
2003,7,NY,0.02258
2003,7,OH,0.023769
2003,7,OK,0.031375
2003,7,OR,0.029204
2003,7,PA,0.014423
2003,7,RI,0.016817
2003,7,SC,0.013483
2003,7,SD,0.071298
2003,7,TN,0.009474
2003,7,TX,0.036002
2003,7,UT,0.036702
2003,7,VA,0.015942
2003,7,VT,0.00709
2003,7,WA,0.031159
2003,7,WI,0.018989
2003,7,WV,0.007346
2003,7,WY,0.044438
2003,8,AL,0.005589
2003,8,AR,0.00605
2003,8,AZ,0.024449
2003,8,CA,0.030136
2003,8,CO,0.046924
2003,8,CT,0.010061
2003,8,DE,0.011285
2003,8,FL,0.02021
2003,8,GA,0.003357
2003,8,IA,0.013906
2003,8,ID,0.023794
2003,8,IL,0.008004
2003,8,IN,0.009851
2003,8,KS,0.04392
2003,8,KY,0.006028
2003,8,LA,0.008121
2003,8,MA,0.018986
2003,8,MD,0.008867
2003,8,ME,0.011176
2003,8,MI,0.012858
2003,8,MN,0.018659
2003,8,MO,0.012258
2003,8,MS,0.006671
2003,8,MT,0.056994
2003,8,NC,0.004858
2003,8,ND,0.06276
2003,8,NE,0.036939
2003,8,NH,0.004672
2003,8,NJ,0.008858
2003,8,NM,0.044735
2003,8,NV,0.036463
2003,8,NY,0.012958
2003,8,OH,0.009048
2003,8,OK,0.020784
2003,8,OR,0.023838
2003,8,PA,0.005265
2003,8,RI,0.014535
2003,8,SC,0.005269
2003,8,SD,0.073849
2003,8,TN,0.005641
2003,8,TX,0.03129
2003,8,UT,0.039454
2003,8,VA,0.009561
2003,8,VT,0.007792
2003,8,WA,0.023655
2003,8,WI,0.012765
2003,8,WV,0.002429
2003,8,WY,0.045589
2003,9,AL,0.006477
2003,9,AR,0.007194
2003,9,AZ,0.023005
2003,9,CA,0.027491
2003,9,CO,0.049962
2003,9,CT,0.02463
2003,9,DE,0.065465
2003,9,FL,0.020468
2003,9,GA,0.006065
2003,9,IA,0.043314
2003,9,ID,0.033575
2003,9,IL,0.014386
2003,9,IN,0.017771
2003,9,KS,0.08029
2003,9,KY,0.008005
2003,9,LA,0.010372
2003,9,MA,0.017584
2003,9,MD,0.049776
2003,9,ME,0.006848
2003,9,MI,0.025438
2003,9,MN,0.047462
2003,9,MO,0.024705
2003,9,MS,0.007158
2003,9,MT,0.059901
2003,9,NC,0.023033
2003,9,ND,0.102336
2003,9,NE,0.05894
2003,9,NH,0.003279
2003,9,NJ,0.032256
2003,9,NM,0.055604
2003,9,NV,0.02916
2003,9,NY,0.027067
2003,9,OH,0.020516
2003,9,OK,0.036088
2003,9,OR,0.0215
2003,9,PA,0.017985
2003,9,RI,0.015121
2003,9,SC,0.010947
2003,9,SD,0.104188
2003,9,TN,0.00595
2003,9,TX,0.029919
2003,9,UT,0.030822
2003,9,VA,0.043103
2003,9,VT,0.013629
2003,9,WA,0.022624
2003,9,WI,0.025714
2003,9,WV,0.006057
2003,9,WY,0.053093
2003,10,AL,0.007256
2003,10,AR,0.014378
2003,10,AZ,0.021506
2003,10,CA,0.023337
2003,10,CO,0.050549
2003,10,CT,0.036141
2003,10,DE,0.041046
2003,10,FL,0.02
2003,10,GA,0.005706
2003,10,IA,0.0446
2003,10,ID,0.049776
2003,10,IL,0.021861
2003,10,IN,0.031545
2003,10,KS,0.053385
2003,10,KY,0.013094
2003,10,LA,0.011989
2003,10,MA,0.046496
2003,10,MD,0.025082
2003,10,ME,0.022713
2003,10,MI,0.03146
2003,10,MN,0.043414
2003,10,MO,0.026496
2003,10,MS,0.007907
2003,10,MT,0.091465
2003,10,NC,0.014896
2003,10,ND,0.095845
2003,10,NE,0.055961
2003,10,NH,0.010544
2003,10,NJ,0.026116
2003,10,NM,0.052582
2003,10,NV,0.030119
2003,10,NY,0.042175
2003,10,OH,0.03594
2003,10,OK,0.041825
2003,10,OR,0.032914
2003,10,PA,0.025129
2003,10,RI,0.036411
2003,10,SC,0.007271
2003,10,SD,0.092053
2003,10,TN,0.009572
2003,10,TX,0.031624
2003,10,UT,0.036211
2003,10,VA,0.022061
2003,10,VT,0.017484
2003,10,WA,0.046235
2003,10,WI,0.020365
2003,10,WV,0.015573
2003,10,WY,0.072227
2003,11,AL,0.020823
2003,11,AR,0.029541
2003,11,AZ,0.026806
2003,11,CA,0.019706
2003,11,CO,0.057151
2003,11,CT,0.055244
2003,11,DE,0.077019
2003,11,FL,0.040083
2003,11,GA,0.015922
2003,11,IA,0.081692
2003,11,ID,0.049604
2003,11,IL,0.053103
2003,11,IN,0.070564
2003,11,KS,0.075304
2003,11,KY,0.033901
2003,11,LA,0.030817
2003,11,MA,0.069578
2003,11,MD,0.045132
2003,11,ME,0.040801
2003,11,MI,0.065926
2003,11,MN,0.062414
2003,11,MO,0.051605
2003,11,MS,0.024893
2003,11,MT,0.098485
2003,11,NC,0.028609
2003,11,ND,0.096698
2003,11,NE,0.061581
2003,11,NH,0.01968
2003,11,NJ,0.050754
2003,11,NM,0.090923
2003,11,NV,0.021944
2003,11,NY,0.080465
2003,11,OH,0.07179
2003,11,OK,0.070728
2003,11,OR,0.039636
2003,11,PA,0.05641
2003,11,RI,0.055291
2003,11,SC,0.017936
2003,11,SD,0.093682
2003,11,TN,0.026868
2003,11,TX,0.059486
2003,11,UT,0.030385
2003,11,VA,0.039799
2003,11,VT,0.033111
2003,11,WA,0.041334
2003,11,WI,0.046177
2003,11,WV,0.030607
2003,11,WY,0.088102
2003,12,AL,0.024588
2003,12,AR,0.034133
2003,12,AZ,0.027812
2003,12,CA,0.034189
2003,12,CO,0.072051
2003,12,CT,0.067455
2003,12,DE,0.104335
2003,12,FL,0.032886
2003,12,GA,0.019327
2003,12,IA,0.097261
2003,12,ID,0.056112
2003,12,IL,0.052521
2003,12,IN,0.057335
2003,12,KS,0.103039
2003,12,KY,0.029176
2003,12,LA,0.027694
2003,12,MA,0.100915
2003,12,MD,0.066112
2003,12,ME,0.055491
2003,12,MI,0.052412
2003,12,MN,0.059593
2003,12,MO,0.074333
2003,12,MS,0.02124
2003,12,MT,0.077544
2003,12,NC,0.021583
2003,12,ND,0.108733
2003,12,NE,0.089199
2003,12,NH,0.026619
2003,12,NJ,0.06468
2003,12,NM,0.092709
2003,12,NV,0.036863
2003,12,NY,0.08008
2003,12,OH,0.062749
2003,12,OK,0.089304
2003,12,OR,0.036596
2003,12,PA,0.052725
2003,12,RI,0.082317
2003,12,SC,0.016022
2003,12,SD,0.120259
2003,12,TN,0.028683
2003,12,TX,0.070359
2003,12,UT,0.041404
2003,12,VA,0.03606
2003,12,VT,0.026357
2003,12,WA,0.019451
2003,12,WI,0.038688
2003,12,WV,0.019958
2003,12,WY,0.091486
2004,1,AL,0.01843
2004,1,AR,0.025546
2004,1,AZ,0.017774
2004,1,CA,0.023768
2004,1,CO,0.036765
2004,1,CT,0.055756
2004,1,DE,0.096653
2004,1,FL,0.027338
2004,1,GA,0.015103
2004,1,IA,0.086915
2004,1,ID,0.052533
2004,1,IL,0.048636
2004,1,IN,0.072586
2004,1,KS,0.062481
2004,1,KY,0.037222
2004,1,LA,0.024561
2004,1,MA,0.077174
2004,1,MD,0.065861
2004,1,ME,0.047101
2004,1,MI,0.057797
2004,1,MN,0.058514
2004,1,MO,0.046989
2004,1,MS,0.016315
2004,1,MT,0.088212
2004,1,NC,0.031371
2004,1,ND,0.112585
2004,1,NE,0.046239
2004,1,NH,0.027511
2004,1,NJ,0.060916
2004,1,NM,0.068165
2004,1,NV,0.031164
2004,1,NY,0.097734
2004,1,OH,0.079905
2004,1,OK,0.054687
2004,1,OR,0.038868
2004,1,PA,0.064431
2004,1,RI,0.058215
2004,1,SC,0.019818
2004,1,SD,0.08528
2004,1,TN,0.02605
2004,1,TX,0.054101
2004,1,UT,0.02505
2004,1,VA,0.042936
2004,1,VT,0.033673
2004,1,WA,0.028116
2004,1,WI,0.043806
2004,1,WV,0.032714
2004,1,WY,0.075681
2004,2,AL,0.027357
2004,2,AR,0.031178
2004,2,AZ,0.02589
2004,2,CA,0.045096
2004,2,CO,0.054047
2004,2,CT,0.035259
2004,2,DE,0.061303
2004,2,FL,0.040442
2004,2,GA,0.019411
2004,2,IA,0.071955
2004,2,ID,0.040472
2004,2,IL,0.041214
2004,2,IN,0.05729
2004,2,KS,0.092764
2004,2,KY,0.030764
2004,2,LA,0.032787
2004,2,MA,0.047384
2004,2,MD,0.03854
2004,2,ME,0.038599
2004,2,MI,0.04457
2004,2,MN,0.042951
2004,2,MO,0.053135
2004,2,MS,0.020298
2004,2,MT,0.060867
2004,2,NC,0.034252
2004,2,ND,0.116785
2004,2,NE,0.06707
2004,2,NH,0.017684
2004,2,NJ,0.036515
2004,2,NM,0.071286
2004,2,NV,0.055338
2004,2,NY,0.056582
2004,2,OH,0.056311
2004,2,OK,0.07412
2004,2,OR,0.031681
2004,2,PA,0.036982
2004,2,RI,0.034381
2004,2,SC,0.028798
2004,2,SD,0.114408
2004,2,TN,0.024103
2004,2,TX,0.066766
2004,2,UT,0.028646
2004,2,VA,0.035053
2004,2,VT,0.014834
2004,2,WA,0.012873
2004,2,WI,0.025853
2004,2,WV,0.017737
2004,2,WY,0.064694
2004,3,AL,0.029157
2004,3,AR,0.031719
2004,3,AZ,0.026229
2004,3,CA,0.031647
2004,3,CO,0.07684
2004,3,CT,0.046845
2004,3,DE,0.078889
2004,3,FL,0.046934
2004,3,GA,0.020501
2004,3,IA,0.134297
2004,3,ID,0.053647
2004,3,IL,0.081912
2004,3,IN,0.088232
2004,3,KS,0.123579
2004,3,KY,0.034156
2004,3,LA,0.029148
2004,3,MA,0.059052
2004,3,MD,0.053118
2004,3,ME,0.024952
2004,3,MI,0.066268
2004,3,MN,0.090705
2004,3,MO,0.085333
2004,3,MS,0.026957
2004,3,MT,0.125384
2004,3,NC,0.031586
2004,3,ND,0.192605
2004,3,NE,0.112028
2004,3,NH,0.015749
2004,3,NJ,0.044001
2004,3,NM,0.073758
2004,3,NV,0.038386
2004,3,NY,0.06285
2004,3,OH,0.071387
2004,3,OK,0.074027
2004,3,OR,0.035033
2004,3,PA,0.04271
2004,3,RI,0.055147
2004,3,SC,0.024881
2004,3,SD,0.182631
2004,3,TN,0.029767
2004,3,TX,0.066154
2004,3,UT,0.030898
2004,3,VA,0.047749
2004,3,VT,0.022802
2004,3,WA,0.048829
2004,3,WI,0.063253
2004,3,WV,0.022619
2004,3,WY,0.107111
2004,4,AL,0.019469
2004,4,AR,0.029745
2004,4,AZ,0.060005
2004,4,CA,0.047961
2004,4,CO,0.09155
2004,4,CT,0.05092
2004,4,DE,0.090078
2004,4,FL,0.044284
2004,4,GA,0.018602
2004,4,IA,0.107628
2004,4,ID,0.048636
2004,4,IL,0.073521
2004,4,IN,0.103114
2004,4,KS,0.103466
2004,4,KY,0.03308
2004,4,LA,0.02475
2004,4,MA,0.061615
2004,4,MD,0.05518
2004,4,ME,0.041493
2004,4,MI,0.070114
2004,4,MN,0.068304
2004,4,MO,0.070532
2004,4,MS,0.015129
2004,4,MT,0.067366
2004,4,NC,0.028918
2004,4,ND,0.121016
2004,4,NE,0.077586
2004,4,NH,0.024215
2004,4,NJ,0.051204
2004,4,NM,0.098759
2004,4,NV,0.067783
2004,4,NY,0.064612
2004,4,OH,0.075385
2004,4,OK,0.068251
2004,4,OR,0.03226
2004,4,PA,0.045669
2004,4,RI,0.045358
2004,4,SC,0.021901
2004,4,SD,0.112772
2004,4,TN,0.02457
2004,4,TX,0.068481
2004,4,UT,0.073162
2004,4,VA,0.040364
2004,4,VT,0.033803
2004,4,WA,0.029548
2004,4,WI,0.057483
2004,4,WV,0.01978
2004,4,WY,0.093437
2004,5,AL,0.01395
2004,5,AR,0.026709
2004,5,AZ,0.050244
2004,5,CA,0.054928
2004,5,CO,0.109138
2004,5,CT,0.021055
2004,5,DE,0.036344
2004,5,FL,0.039884
2004,5,GA,0.008121
2004,5,IA,0.081398
2004,5,ID,0.050824
2004,5,IL,0.037487
2004,5,IN,0.054918
2004,5,KS,0.137108
2004,5,KY,0.019428
2004,5,LA,0.023421
2004,5,MA,0.034414
2004,5,MD,0.019428
2004,5,ME,0.028597
2004,5,MI,0.033448
2004,5,MN,0.069352
2004,5,MO,0.054964
2004,5,MS,0.01954
2004,5,MT,0.083542
2004,5,NC,0.013851
2004,5,ND,0.135194
2004,5,NE,0.096273
2004,5,NH,0.013814
2004,5,NJ,0.014996
2004,5,NM,0.098329
2004,5,NV,0.062449
2004,5,NY,0.028953
2004,5,OH,0.044176
2004,5,OK,0.089742
2004,5,OR,0.025147
2004,5,PA,0.01832
2004,5,RI,0.022557
2004,5,SC,0.015486
2004,5,SD,0.137734
2004,5,TN,0.019743
2004,5,TX,0.073939
2004,5,UT,0.067253
2004,5,VA,0.020384
2004,5,VT,0.023189
2004,5,WA,0.035231
2004,5,WI,0.035146
2004,5,WV,0.01002
2004,5,WY,0.100211
2004,6,AL,0.007144
2004,6,AR,0.010295
2004,6,AZ,0.041157
2004,6,CA,0.051243
2004,6,CO,0.081612
2004,6,CT,0.024664
2004,6,DE,0.037493
2004,6,FL,0.021932
2004,6,GA,0.009756
2004,6,IA,0.033558
2004,6,ID,0.034951
2004,6,IL,0.017373
2004,6,IN,0.021931
2004,6,KS,0.068819
2004,6,KY,0.008306
2004,6,LA,0.015502
2004,6,MA,0.022973
2004,6,MD,0.019293
2004,6,ME,0.018156
2004,6,MI,0.026271
2004,6,MN,0.042606
2004,6,MO,0.026029
2004,6,MS,0.011631
2004,6,MT,0.059181
2004,6,NC,0.009072
2004,6,ND,0.079551
2004,6,NE,0.051897
2004,6,NH,0.00785
2004,6,NJ,0.013219
2004,6,NM,0.075849
2004,6,NV,0.046898
2004,6,NY,0.023848
2004,6,OH,0.022268
2004,6,OK,0.039113
2004,6,OR,0.026382
2004,6,PA,0.010567
2004,6,RI,0.01971
2004,6,SC,0.012135
2004,6,SD,0.072503
2004,6,TN,0.005956
2004,6,TX,0.053089
2004,6,UT,0.060501
2004,6,VA,0.012321
2004,6,VT,0.011055
2004,6,WA,0.03152
2004,6,WI,0.022412
2004,6,WV,0.005642
2004,6,WY,0.079187
2004,7,AL,0.005424
2004,7,AR,0.007771
2004,7,AZ,0.03493
2004,7,CA,0.035518
2004,7,CO,0.053128
2004,7,CT,0.023654
2004,7,DE,0.020272
2004,7,FL,0.016756
2004,7,GA,0.011191
2004,7,IA,0.015267
2004,7,ID,0.02138
2004,7,IL,0.010971
2004,7,IN,0.020867
2004,7,KS,0.047296
2004,7,KY,0.011783
2004,7,LA,0.00606
2004,7,MA,0.01664
2004,7,MD,0.011796
2004,7,ME,0.006674
2004,7,MI,0.01863
2004,7,MN,0.015736
2004,7,MO,0.017927
2004,7,MS,0.008879
2004,7,MT,0.04175
2004,7,NC,0.005653
2004,7,ND,0.045451
2004,7,NE,0.028793
2004,7,NH,0.003608
2004,7,NJ,0.012287
2004,7,NM,0.043126
2004,7,NV,0.043226
2004,7,NY,0.018499
2004,7,OH,0.023413
2004,7,OK,0.021267
2004,7,OR,0.023755
2004,7,PA,0.009522
2004,7,RI,0.014649
2004,7,SC,0.007619
2004,7,SD,0.047392
2004,7,TN,0.007729
2004,7,TX,0.030974
2004,7,UT,0.048612
2004,7,VA,0.008979
2004,7,VT,0.007507
2004,7,WA,0.031378
2004,7,WI,0.012187
2004,7,WV,0.004982
2004,7,WY,0.057302
2004,8,AL,0.005584
2004,8,AR,0.008176
2004,8,AZ,0.029935
2004,8,CA,0.029043
2004,8,CO,0.040149
2004,8,CT,0.01503
2004,8,DE,0.026157
2004,8,FL,0.019826
2004,8,GA,0.008309
2004,8,IA,0.021174
2004,8,ID,0.021154
2004,8,IL,0.011644
2004,8,IN,0.015509
2004,8,KS,0.04673
2004,8,KY,0.007712
2004,8,LA,0.012244
2004,8,MA,0.017524
2004,8,MD,0.012308
2004,8,ME,0.008256
2004,8,MI,0.020265
2004,8,MN,0.026079
2004,8,MO,0.020187
2004,8,MS,0.009911
2004,8,MT,0.047022
2004,8,NC,0.011183
2004,8,ND,0.063177
2004,8,NE,0.030074
2004,8,NH,0.003187
2004,8,NJ,0.00914
2004,8,NM,0.042585
2004,8,NV,0.044554
2004,8,NY,0.015924
2004,8,OH,0.013761
2004,8,OK,0.025794
2004,8,OR,0.02202
2004,8,PA,0.007131
2004,8,RI,0.015031
2004,8,SC,0.01298
2004,8,SD,0.070942
2004,8,TN,0.007528
2004,8,TX,0.031396
2004,8,UT,0.048619
2004,8,VA,0.012104
2004,8,VT,0.006805
2004,8,WA,0.024591
2004,8,WI,0.018444
2004,8,WV,0.002833
2004,8,WY,0.040411
2004,9,AL,0.032731
2004,9,AR,0.009218
2004,9,AZ,0.029366
2004,9,CA,0.031738
2004,9,CO,0.054287
2004,9,CT,0.02657
2004,9,DE,0.03851
2004,9,FL,0.104054
2004,9,GA,0.064954
2004,9,IA,0.031784
2004,9,ID,0.024271
2004,9,IL,0.012597
2004,9,IN,0.016137
2004,9,KS,0.091778
2004,9,KY,0.009687
2004,9,LA,0.021632
2004,9,MA,0.022628
2004,9,MD,0.024373
2004,9,ME,0.01446
2004,9,MI,0.020673
2004,9,MN,0.047767
2004,9,MO,0.01817
2004,9,MS,0.022765
2004,9,MT,0.038405
2004,9,NC,0.019394
2004,9,ND,0.058583
2004,9,NE,0.073377
2004,9,NH,0.004507
2004,9,NJ,0.018746
2004,9,NM,0.048601
2004,9,NV,0.045423
2004,9,NY,0.022849
2004,9,OH,0.017303
2004,9,OK,0.028982
2004,9,OR,0.020008
2004,9,PA,0.013858
2004,9,RI,0.024004
2004,9,SC,0.031299
2004,9,SD,0.092879
2004,9,TN,0.013536
2004,9,TX,0.021961
2004,9,UT,0.057205
2004,9,VA,0.021726
2004,9,VT,0.008879
2004,9,WA,0.023278
2004,9,WI,0.02509
2004,9,WV,0.00595
2004,9,WY,0.053856
2004,10,AL,0.008873
2004,10,AR,0.017259
2004,10,AZ,0.031415
2004,10,CA,0.02886
2004,10,CO,0.063083
2004,10,CT,0.035718
2004,10,DE,0.027309
2004,10,FL,0.021483
2004,10,GA,0.014832
2004,10,IA,0.064245
2004,10,ID,0.029822
2004,10,IL,0.034034
2004,10,IN,0.040955
2004,10,KS,0.059524
2004,10,KY,0.014629
2004,10,LA,0.019261
2004,10,MA,0.025131
2004,10,MD,0.01434
2004,10,ME,0.019444
2004,10,MI,0.048549
2004,10,MN,0.055562
2004,10,MO,0.033171
2004,10,MS,0.010583
2004,10,MT,0.048283
2004,10,NC,0.009554
2004,10,ND,0.096372
2004,10,NE,0.06445
2004,10,NH,0.00666
2004,10,NJ,0.014649
2004,10,NM,0.059003
2004,10,NV,0.040119
2004,10,NY,0.030447
2004,10,OH,0.038538
2004,10,OK,0.026767
2004,10,OR,0.021087
2004,10,PA,0.015867
2004,10,RI,0.023322
2004,10,SC,0.007757
2004,10,SD,0.108966
2004,10,TN,0.012479
2004,10,TX,0.037688
2004,10,UT,0.04693
2004,10,VA,0.01085
2004,10,VT,0.011849
2004,10,WA,0.020621
2004,10,WI,0.036918
2004,10,WV,0.008339
2004,10,WY,0.060326
2004,11,AL,0.016557
2004,11,AR,0.020653
2004,11,AZ,0.027926
2004,11,CA,0.024756
2004,11,CO,0.051462
2004,11,CT,0.033104
2004,11,DE,0.053654
2004,11,FL,0.034151
2004,11,GA,0.025666
2004,11,IA,0.041828
2004,11,ID,0.016484
2004,11,IL,0.037056
2004,11,IN,0.041752
2004,11,KS,0.068598
2004,11,KY,0.019208
2004,11,LA,0.030937
2004,11,MA,0.049323
2004,11,MD,0.029549
2004,11,ME,0.028066
2004,11,MI,0.039736
2004,11,MN,0.034481
2004,11,MO,0.033113
2004,11,MS,0.01685
2004,11,MT,0.083245
2004,11,NC,0.013686
2004,11,ND,0.055637
2004,11,NE,0.051982
2004,11,NH,0.016858
2004,11,NJ,0.030676
2004,11,NM,0.065168
2004,11,NV,0.037834
2004,11,NY,0.050452
2004,11,OH,0.043314
2004,11,OK,0.04529
2004,11,OR,0.016801
2004,11,PA,0.030969
2004,11,RI,0.03907
2004,11,SC,0.011308
2004,11,SD,0.061699
2004,11,TN,0.016982
2004,11,TX,0.051599
2004,11,UT,0.024607
2004,11,VA,0.019158
2004,11,VT,0.027737
2004,11,WA,0.01637
2004,11,WI,0.022013
2004,11,WV,0.014265
2004,11,WY,0.047996
2004,12,AL,0.021442
2004,12,AR,0.024049
2004,12,AZ,0.023646
2004,12,CA,0.036284
2004,12,CO,0.060677
2004,12,CT,0.062224
2004,12,DE,0.086643
2004,12,FL,0.036497
2004,12,GA,0.034251
2004,12,IA,0.090948
2004,12,ID,0.034186
2004,12,IL,0.067832
2004,12,IN,0.0735
2004,12,KS,0.069011
2004,12,KY,0.033154
2004,12,LA,0.029223
2004,12,MA,0.058261
2004,12,MD,0.0491
2004,12,ME,0.030412
2004,12,MI,0.06899
2004,12,MN,0.084657
2004,12,MO,0.054938
2004,12,MS,0.021166
2004,12,MT,0.12041
2004,12,NC,0.025551
2004,12,ND,0.110857
2004,12,NE,0.066142
2004,12,NH,0.015727
2004,12,NJ,0.044948
2004,12,NM,0.051195
2004,12,NV,0.031593
2004,12,NY,0.066701
2004,12,OH,0.080503
2004,12,OK,0.044888
2004,12,OR,0.029384
2004,12,PA,0.048691
2004,12,RI,0.044403
2004,12,SC,0.021337
2004,12,SD,0.113748
2004,12,TN,0.0249
2004,12,TX,0.04251
2004,12,UT,0.03802
2004,12,VA,0.033609
2004,12,VT,0.028398
2004,12,WA,0.018996
2004,12,WI,0.052276
2004,12,WV,0.028278
2004,12,WY,0.090595
2005,1,AL,0.026061
2005,1,AR,0.028356
2005,1,AZ,0.021696
2005,1,CA,0.025678
2005,1,CO,0.046181
2005,1,CT,0.045248
2005,1,DE,0.068954
2005,1,FL,0.036326
2005,1,GA,0.01774
2005,1,IA,0.063549
2005,1,ID,0.023522
2005,1,IL,0.045483
2005,1,IN,0.047007
2005,1,KS,0.042923
2005,1,KY,0.02941
2005,1,LA,0.024231
2005,1,MA,0.053559
2005,1,MD,0.041912
2005,1,ME,0.035391
2005,1,MI,0.036942
2005,1,MN,0.055247
2005,1,MO,0.037774
2005,1,MS,0.026841
2005,1,MT,0.079403
2005,1,NC,0.026923
2005,1,ND,0.092615
2005,1,NE,0.050228
2005,1,NH,0.017509
2005,1,NJ,0.033707
2005,1,NM,0.050589
2005,1,NV,0.038501
2005,1,NY,0.048044
2005,1,OH,0.047677
2005,1,OK,0.034544
2005,1,OR,0.029352
2005,1,PA,0.033306
2005,1,RI,0.055562
2005,1,SC,0.024419
2005,1,SD,0.079362
2005,1,TN,0.024172
2005,1,TX,0.044821
2005,1,UT,0.043375
2005,1,VA,0.033322
2005,1,VT,0.024475
2005,1,WA,0.024929
2005,1,WI,0.028976
2005,1,WV,0.019902
2005,1,WY,0.062327
2005,2,AL,0.017288
2005,2,AR,0.020276
2005,2,AZ,0.020227
2005,2,CA,0.022366
2005,2,CO,0.042679
2005,2,CT,0.032744
2005,2,DE,0.063344
2005,2,FL,0.032107
2005,2,GA,0.013028
2005,2,IA,0.039731
2005,2,ID,0.013288
2005,2,IL,0.030224
2005,2,IN,0.035729
2005,2,KS,0.049788
2005,2,KY,0.01896
2005,2,LA,0.020062
2005,2,MA,0.034612
2005,2,MD,0.039121
2005,2,ME,0.027702
2005,2,MI,0.022137
2005,2,MN,0.040107
2005,2,MO,0.029945
2005,2,MS,0.02052
2005,2,MT,0.05999
2005,2,NC,0.020704
2005,2,ND,0.056563
2005,2,NE,0.039788
2005,2,NH,0.011884
2005,2,NJ,0.035002
2005,2,NM,0.044118
2005,2,NV,0.015663
2005,2,NY,0.040362
2005,2,OH,0.034732
2005,2,OK,0.035155
2005,2,OR,0.017638
2005,2,PA,0.029215
2005,2,RI,0.026016
2005,2,SC,0.015246
2005,2,SD,0.055022
2005,2,TN,0.014096
2005,2,TX,0.035502
2005,2,UT,0.023986
2005,2,VA,0.027017
2005,2,VT,0.022005
2005,2,WA,0.012311
2005,2,WI,0.018795
2005,2,WV,0.015514
2005,2,WY,0.043019
2005,3,AL,0.028546
2005,3,AR,0.039557
2005,3,AZ,0.042852
2005,3,CA,0.037225
2005,3,CO,0.070995
2005,3,CT,0.050114
2005,3,DE,0.087698
2005,3,FL,0.041568
2005,3,GA,0.026891
2005,3,IA,0.093838
2005,3,ID,0.042726
2005,3,IL,0.06638
2005,3,IN,0.072047
2005,3,KS,0.103457
2005,3,KY,0.029245
2005,3,LA,0.02559
2005,3,MA,0.060201
2005,3,MD,0.05404
2005,3,ME,0.035577
2005,3,MI,0.033487
2005,3,MN,0.056556
2005,3,MO,0.070899
2005,3,MS,0.028351
2005,3,MT,0.099528
2005,3,NC,0.035551
2005,3,ND,0.102396
2005,3,NE,0.093929
2005,3,NH,0.021351
2005,3,NJ,0.049936
2005,3,NM,0.093395
2005,3,NV,0.051617
2005,3,NY,0.054927
2005,3,OH,0.057818
2005,3,OK,0.071394
2005,3,OR,0.041171
2005,3,PA,0.04059
2005,3,RI,0.047695
2005,3,SC,0.045721
2005,3,SD,0.114796
2005,3,TN,0.033068
2005,3,TX,0.05771
2005,3,UT,0.052331
2005,3,VA,0.03426
2005,3,VT,0.023002
2005,3,WA,0.040659
2005,3,WI,0.032319
2005,3,WV,0.022181
2005,3,WY,0.09976
2005,4,AL,0.028074
2005,4,AR,0.03039
2005,4,AZ,0.055239
2005,4,CA,0.043257
2005,4,CO,0.102472
2005,4,CT,0.044494
2005,4,DE,0.070069
2005,4,FL,0.047743
2005,4,GA,0.02142
2005,4,IA,0.078059
2005,4,ID,0.047246
2005,4,IL,0.057084
2005,4,IN,0.067512
2005,4,KS,0.130137
2005,4,KY,0.025143
2005,4,LA,0.034419
2005,4,MA,0.043302
2005,4,MD,0.043456
2005,4,ME,0.038424
2005,4,MI,0.047284
2005,4,MN,0.063772
2005,4,MO,0.057998
2005,4,MS,0.035109
2005,4,MT,0.094354
2005,4,NC,0.043222
2005,4,ND,0.142075
2005,4,NE,0.108843
2005,4,NH,0.015461
2005,4,NJ,0.043406
2005,4,NM,0.109895
2005,4,NV,0.07114
2005,4,NY,0.0496
2005,4,OH,0.065777
2005,4,OK,0.092172
2005,4,OR,0.034308
2005,4,PA,0.037357
2005,4,RI,0.048127
2005,4,SC,0.037119
2005,4,SD,0.141046
2005,4,TN,0.023184
2005,4,TX,0.07711
2005,4,UT,0.081394
2005,4,VA,0.047786
2005,4,VT,0.026348
2005,4,WA,0.031842
2005,4,WI,0.036661
2005,4,WV,0.022387
2005,4,WY,0.091858
2005,5,AL,0.007835
2005,5,AR,0.009196
2005,5,AZ,0.037465
2005,5,CA,0.037544
2005,5,CO,0.067314
2005,5,CT,0.049912
2005,5,DE,0.039085
2005,5,FL,0.022481
2005,5,GA,0.006713
2005,5,IA,0.076615
2005,5,ID,0.030661
2005,5,IL,0.040332
2005,5,IN,0.038718
2005,5,KS,0.086813
2005,5,KY,0.010535
2005,5,LA,0.009959
2005,5,MA,0.04392
2005,5,MD,0.026374
2005,5,ME,0.03546
2005,5,MI,0.022688
2005,5,MN,0.077047
2005,5,MO,0.031872
2005,5,MS,0.009923
2005,5,MT,0.070158
2005,5,NC,0.016696
2005,5,ND,0.12828
2005,5,NE,0.089071
2005,5,NH,0.015945
2005,5,NJ,0.021929
2005,5,NM,0.065078
2005,5,NV,0.057605
2005,5,NY,0.033922
2005,5,OH,0.027262
2005,5,OK,0.042634
2005,5,OR,0.024875
2005,5,PA,0.019205
2005,5,RI,0.060523
2005,5,SC,0.014822
2005,5,SD,0.121939
2005,5,TN,0.007517
2005,5,TX,0.041206
2005,5,UT,0.055908
2005,5,VA,0.020635
2005,5,VT,0.010759
2005,5,WA,0.024346
2005,5,WI,0.030989
2005,5,WV,0.007988
2005,5,WY,0.064056
2005,6,AL,0.009131
2005,6,AR,0.009068
2005,6,AZ,0.039842
2005,6,CA,0.043918
2005,6,CO,0.079038
2005,6,CT,0.011351
2005,6,DE,0.028051
2005,6,FL,0.027863
2005,6,GA,0.006649
2005,6,IA,0.046576
2005,6,ID,0.030594
2005,6,IL,0.022414
2005,6,IN,0.025246
2005,6,KS,0.087573
2005,6,KY,0.007809
2005,6,LA,0.007127
2005,6,MA,0.01638
2005,6,MD,0.016684
2005,6,ME,0.009638
2005,6,MI,0.020772
2005,6,MN,0.044838
2005,6,MO,0.026214
2005,6,MS,0.008563
2005,6,MT,0.057339
2005,6,NC,0.007153
2005,6,ND,0.078408
2005,6,NE,0.064274
2005,6,NH,0.004268
2005,6,NJ,0.012329
2005,6,NM,0.068309
2005,6,NV,0.073638
2005,6,NY,0.020351
2005,6,OH,0.023307
2005,6,OK,0.049628
2005,6,OR,0.026791
2005,6,PA,0.010571
2005,6,RI,0.022711
2005,6,SC,0.010568
2005,6,SD,0.08586
2005,6,TN,0.006465
2005,6,TX,0.041158
2005,6,UT,0.07738
2005,6,VA,0.011496
2005,6,VT,0.008165
2005,6,WA,0.03051
2005,6,WI,0.024422
2005,6,WV,0.005612
2005,6,WY,0.07155
2005,7,AL,0.01639
2005,7,AR,0.008907
2005,7,AZ,0.032609
2005,7,CA,0.026177
2005,7,CO,0.046261
2005,7,CT,0.014177
2005,7,DE,0.016743
2005,7,FL,0.031356
2005,7,GA,0.007742
2005,7,IA,0.020312
2005,7,ID,0.024772
2005,7,IL,0.009959
2005,7,IN,0.016461
2005,7,KS,0.066179
2005,7,KY,0.008049
2005,7,LA,0.013826
2005,7,MA,0.018913
2005,7,MD,0.010305
2005,7,ME,0.009495
2005,7,MI,0.014065
2005,7,MN,0.03049
2005,7,MO,0.015551
2005,7,MS,0.015868
2005,7,MT,0.047697
2005,7,NC,0.005644
2005,7,ND,0.055553
2005,7,NE,0.047077
2005,7,NH,0.004958
2005,7,NJ,0.009851
2005,7,NM,0.051113
2005,7,NV,0.030472
2005,7,NY,0.016673
2005,7,OH,0.013329
2005,7,OK,0.032346
2005,7,OR,0.030389
2005,7,PA,0.007165
2005,7,RI,0.016896
2005,7,SC,0.009116
2005,7,SD,0.067976
2005,7,TN,0.00887
2005,7,TX,0.033499
2005,7,UT,0.032538
2005,7,VA,0.006752
2005,7,VT,0.006871
2005,7,WA,0.028355
2005,7,WI,0.015338
2005,7,WV,0.003433
2005,7,WY,0.046277
2005,8,AL,0.016601
2005,8,AR,0.009002
2005,8,AZ,0.019728
2005,8,CA,0.021594
2005,8,CO,0.033861
2005,8,CT,0.011191
2005,8,DE,0.015481
2005,8,FL,0.025535
2005,8,GA,0.005474
2005,8,IA,0.010624
2005,8,ID,0.020067
2005,8,IL,0.006643
2005,8,IN,0.011875
2005,8,KS,0.034714
2005,8,KY,0.009497
2005,8,LA,0.014282
2005,8,MA,0.013723
2005,8,MD,0.008348
2005,8,ME,0.009467
2005,8,MI,0.012873
2005,8,MN,0.019425
2005,8,MO,0.011713
2005,8,MS,0.024675
2005,8,MT,0.046218
2005,8,NC,0.004333
2005,8,ND,0.058014
2005,8,NE,0.024375
2005,8,NH,0.003207
2005,8,NJ,0.008681
2005,8,NM,0.02937
2005,8,NV,0.027245
2005,8,NY,0.017131
2005,8,OH,0.011122
2005,8,OK,0.018515
2005,8,OR,0.023229
2005,8,PA,0.007402
2005,8,RI,0.014549
2005,8,SC,0.00645
2005,8,SD,0.049435
2005,8,TN,0.011899
2005,8,TX,0.023072
2005,8,UT,0.036589
2005,8,VA,0.006281
2005,8,VT,0.006462
2005,8,WA,0.02426
2005,8,WI,0.011117
2005,8,WV,0.003904
2005,8,WY,0.043296
2005,9,AL,0.00956
2005,9,AR,0.014528
2005,9,AZ,0.022067
2005,9,CA,0.023244
2005,9,CO,0.051259
2005,9,CT,0.020282
2005,9,DE,0.022418
2005,9,FL,0.033687
2005,9,GA,0.007357
2005,9,IA,0.027603
2005,9,ID,0.018507
2005,9,IL,0.012909
2005,9,IN,0.016241
2005,9,KS,0.075821
2005,9,KY,0.004547
2005,9,LA,0.035564
2005,9,MA,0.025367
2005,9,MD,0.013072
2005,9,ME,0.017127
2005,9,MI,0.021674
2005,9,MN,0.039246
2005,9,MO,0.016282
2005,9,MS,0.021092
2005,9,MT,0.055037
2005,9,NC,0.020507
2005,9,ND,0.060452
2005,9,NE,0.057099
2005,9,NH,0.007085
2005,9,NJ,0.013488
2005,9,NM,0.04349
2005,9,NV,0.040887
2005,9,NY,0.025069
2005,9,OH,0.013924
2005,9,OK,0.033044
2005,9,OR,0.017763
2005,9,PA,0.011421
2005,9,RI,0.01808
2005,9,SC,0.017044
2005,9,SD,0.069175
2005,9,TN,0.005928
2005,9,TX,0.029877
2005,9,UT,0.044927
2005,9,VA,0.015646
2005,9,VT,0.015674
2005,9,WA,0.01977
2005,9,WI,0.018775
2005,9,WV,0.004338
2005,9,WY,0.043984
2005,10,AL,0.011181
2005,10,AR,0.010976
2005,10,AZ,0.023149
2005,10,CA,0.023704
2005,10,CO,0.052476
2005,10,CT,0.048018
2005,10,DE,0.054167
2005,10,FL,0.041033
2005,10,GA,0.010318
2005,10,IA,0.032449
2005,10,ID,0.015769
2005,10,IL,0.017274
2005,10,IN,0.016028
2005,10,KS,0.072338
2005,10,KY,0.005339
2005,10,LA,0.011036
2005,10,MA,0.054461
2005,10,MD,0.031493
2005,10,ME,0.026084
2005,10,MI,0.020146
2005,10,MN,0.0419
2005,10,MO,0.018347
2005,10,MS,0.015132
2005,10,MT,0.053102
2005,10,NC,0.011318
2005,10,ND,0.082474
2005,10,NE,0.054895
2005,10,NH,0.013271
2005,10,NJ,0.039156
2005,10,NM,0.041082
2005,10,NV,0.030654
2005,10,NY,0.045591
2005,10,OH,0.014845
2005,10,OK,0.041981
2005,10,OR,0.014875
2005,10,PA,0.019992
2005,10,RI,0.051815
2005,10,SC,0.011709
2005,10,SD,0.073996
2005,10,TN,0.00647
2005,10,TX,0.031078
2005,10,UT,0.034651
2005,10,VA,0.01772
2005,10,VT,0.013674
2005,10,WA,0.016312
2005,10,WI,0.01758
2005,10,WV,0.00528
2005,10,WY,0.03888
2005,11,AL,0.018258
2005,11,AR,0.036904
2005,11,AZ,0.021956
2005,11,CA,0.023113
2005,11,CO,0.097824
2005,11,CT,0.036727
2005,11,DE,0.072595
2005,11,FL,0.031803
2005,11,GA,0.012094
2005,11,IA,0.110135
2005,11,ID,0.036351
2005,11,IL,0.089743
2005,11,IN,0.098195
2005,11,KS,0.111726
2005,11,KY,0.033714
2005,11,LA,0.016751
2005,11,MA,0.046859
2005,11,MD,0.043327
2005,11,ME,0.019898
2005,11,MI,0.086301
2005,11,MN,0.096495
2005,11,MO,0.06585
2005,11,MS,0.025128
2005,11,MT,0.09632
2005,11,NC,0.017738
2005,11,ND,0.12295
2005,11,NE,0.121122
2005,11,NH,0.012344
2005,11,NJ,0.039289
2005,11,NM,0.069986
2005,11,NV,0.035094
2005,11,NY,0.069106
2005,11,OH,0.083932
2005,11,OK,0.083322
2005,11,OR,0.02802
2005,11,PA,0.048771
2005,11,RI,0.042951
2005,11,SC,0.015303
2005,11,SD,0.139614
2005,11,TN,0.026722
2005,11,TX,0.046845
2005,11,UT,0.039739
2005,11,VA,0.028477
2005,11,VT,0.035588
2005,11,WA,0.020111
2005,11,WI,0.061213
2005,11,WV,0.026247
2005,11,WY,0.113296
2005,12,AL,0.015213
2005,12,AR,0.02195
2005,12,AZ,0.013963
2005,12,CA,0.029497
2005,12,CO,0.079203
2005,12,CT,0.031458
2005,12,DE,0.052726
2005,12,FL,0.028184
2005,12,GA,0.010641
2005,12,IA,0.041665
2005,12,ID,0.033094
2005,12,IL,0.032897
2005,12,IN,0.040651
2005,12,KS,0.068676
2005,12,KY,0.01764
2005,12,LA,0.019296
2005,12,MA,0.040991
2005,12,MD,0.028417
2005,12,ME,0.024762
2005,12,MI,0.03465
2005,12,MN,0.03138
2005,12,MO,0.033259
2005,12,MS,0.01977
2005,12,MT,0.104229
2005,12,NC,0.014821
2005,12,ND,0.081509
2005,12,NE,0.071723
2005,12,NH,0.010147
2005,12,NJ,0.032635
2005,12,NM,0.062108
2005,12,NV,0.025996
2005,12,NY,0.050026
2005,12,OH,0.041769
2005,12,OK,0.048703
2005,12,OR,0.044326
2005,12,PA,0.034684
2005,12,RI,0.035623
2005,12,SC,0.016115
2005,12,SD,0.10522
2005,12,TN,0.016125
2005,12,TX,0.041367
2005,12,UT,0.037183
2005,12,VA,0.019053
2005,12,VT,0.018706
2005,12,WA,0.016858
2005,12,WI,0.015485
2005,12,WV,0.017571
2005,12,WY,0.089997
2006,1,AL,0.025667
2006,1,AR,0.051559
2006,1,AZ,0.03861
2006,1,CA,0.035914
2006,1,CO,0.081287
2006,1,CT,0.040754
2006,1,DE,0.075381
2006,1,FL,0.043045
2006,1,GA,0.022999
2006,1,IA,0.083475
2006,1,ID,0.049243
2006,1,IL,0.070808
2006,1,IN,0.072485
2006,1,KS,0.095986
2006,1,KY,0.046188
2006,1,LA,0.028918
2006,1,MA,0.068834
2006,1,MD,0.061884
2006,1,ME,0.038315
2006,1,MI,0.04327
2006,1,MN,0.058879
2006,1,MO,0.063074
2006,1,MS,0.031683
2006,1,MT,0.114784
2006,1,NC,0.032837
2006,1,ND,0.073321
2006,1,NE,0.091982
2006,1,NH,0.051773
2006,1,NJ,0.0476
2006,1,NM,0.082021
2006,1,NV,0.040723
2006,1,NY,0.061089
2006,1,OH,0.074008
2006,1,OK,0.079197
2006,1,OR,0.058947
2006,1,PA,0.053147
2006,1,RI,0.048553
2006,1,SC,0.029029
2006,1,SD,0.078196
2006,1,TN,0.03775
2006,1,TX,0.065311
2006,1,UT,0.034839
2006,1,VA,0.049657
2006,1,VT,0.031298
2006,1,WA,0.047556
2006,1,WI,0.035969
2006,1,WV,0.034258
2006,1,WY,0.112473
2006,2,AL,0.020665
2006,2,AR,0.036941
2006,2,AZ,0.040182
2006,2,CA,0.027899
2006,2,CO,0.07683
2006,2,CT,0.052625
2006,2,DE,0.073449
2006,2,FL,0.035961
2006,2,GA,0.014011
2006,2,IA,0.068952
2006,2,ID,0.042884
2006,2,IL,0.052409
2006,2,IN,0.055675
2006,2,KS,0.081176
2006,2,KY,0.027515
2006,2,LA,0.03298
2006,2,MA,0.090502
2006,2,MD,0.05412
2006,2,ME,0.044226
2006,2,MI,0.057264
2006,2,MN,0.044557
2006,2,MO,0.042031
2006,2,MS,0.031388
2006,2,MT,0.110921
2006,2,NC,0.023477
2006,2,ND,0.098767
2006,2,NE,0.093461
2006,2,NH,0.061832
2006,2,NJ,0.061962
2006,2,NM,0.081653
2006,2,NV,0.039266
2006,2,NY,0.088862
2006,2,OH,0.071955
2006,2,OK,0.070771
2006,2,OR,0.049113
2006,2,PA,0.064091
2006,2,RI,0.058376
2006,2,SC,0.021167
2006,2,SD,0.105516
2006,2,TN,0.025502
2006,2,TX,0.065649
2006,2,UT,0.032879
2006,2,VA,0.038459
2006,2,VT,0.033791
2006,2,WA,0.052023
2006,2,WI,0.034227
2006,2,WV,0.031606
2006,2,WY,0.111549
2006,3,AL,0.02725
2006,3,AR,0.049694
2006,3,AZ,0.059964
2006,3,CA,0.047541
2006,3,CO,0.090366
2006,3,CT,0.037434
2006,3,DE,0.0744
2006,3,FL,0.03638
2006,3,GA,0.01724
2006,3,IA,0.098235
2006,3,ID,0.052381
2006,3,IL,0.074884
2006,3,IN,0.068448
2006,3,KS,0.142254
2006,3,KY,0.033105
2006,3,LA,0.038965
2006,3,MA,0.056713
2006,3,MD,0.061969
2006,3,ME,0.029964
2006,3,MI,0.047296
2006,3,MN,0.054855
2006,3,MO,0.072353
2006,3,MS,0.036426
2006,3,MT,0.081099
2006,3,NC,0.026202
2006,3,ND,0.101947
2006,3,NE,0.13296
2006,3,NH,0.054516
2006,3,NJ,0.054391
2006,3,NM,0.125534
2006,3,NV,0.072974
2006,3,NY,0.065942
2006,3,OH,0.05699
2006,3,OK,0.094267
2006,3,OR,0.046991
2006,3,PA,0.051104
2006,3,RI,0.033363
2006,3,SC,0.023431
2006,3,SD,0.141206
2006,3,TN,0.035814
2006,3,TX,0.084474
2006,3,UT,0.050497
2006,3,VA,0.044724
2006,3,VT,0.026703
2006,3,WA,0.03633
2006,3,WI,0.035466
2006,3,WV,0.028927
2006,3,WY,0.085426
2006,4,AL,0.02055
2006,4,AR,0.040158
2006,4,AZ,0.059777
2006,4,CA,0.037737
2006,4,CO,0.102707
2006,4,CT,0.034627
2006,4,DE,0.056421
2006,4,FL,0.044029
2006,4,GA,0.01546
2006,4,IA,0.111061
2006,4,ID,0.043325
2006,4,IL,0.079301
2006,4,IN,0.065522
2006,4,KS,0.14039
2006,4,KY,0.028245
2006,4,LA,0.028452
2006,4,MA,0.053077
2006,4,MD,0.038721
2006,4,ME,0.041582
2006,4,MI,0.041052
2006,4,MN,0.065438
2006,4,MO,0.069789
2006,4,MS,0.029691
2006,4,MT,0.090698
2006,4,NC,0.024673
2006,4,ND,0.089503
2006,4,NE,0.137973
2006,4,NH,0.063217
2006,4,NJ,0.035642
2006,4,NM,0.116919
2006,4,NV,0.085302
2006,4,NY,0.044882
2006,4,OH,0.056339
2006,4,OK,0.096257
2006,4,OR,0.034978
2006,4,PA,0.033581
2006,4,RI,0.038129
2006,4,SC,0.025862
2006,4,SD,0.126074
2006,4,TN,0.026862
2006,4,TX,0.076182
2006,4,UT,0.076929
2006,4,VA,0.02986
2006,4,VT,0.029018
2006,4,WA,0.031763
2006,4,WI,0.051029
2006,4,WV,0.021828
2006,4,WY,0.117505
2006,5,AL,0.013758
2006,5,AR,0.023327
2006,5,AZ,0.049182
2006,5,CA,0.036235
2006,5,CO,0.058022
2006,5,CT,0.032326
2006,5,DE,0.037623
2006,5,FL,0.021667
2006,5,GA,0.013398
2006,5,IA,0.08555
2006,5,ID,0.035627
2006,5,IL,0.035985
2006,5,IN,0.029589
2006,5,KS,0.078826
2006,5,KY,0.015521
2006,5,LA,0.013858
2006,5,MA,0.049555
2006,5,MD,0.023322
2006,5,ME,0.018977
2006,5,MI,0.031721
2006,5,MN,0.065332
2006,5,MO,0.034076
2006,5,MS,0.015273
2006,5,MT,0.075942
2006,5,NC,0.014996
2006,5,ND,0.098238
2006,5,NE,0.101844
2006,5,NH,0.052324
2006,5,NJ,0.026633
2006,5,NM,0.070889
2006,5,NV,0.053686
2006,5,NY,0.032078
2006,5,OH,0.026691
2006,5,OK,0.060306
2006,5,OR,0.027513
2006,5,PA,0.022997
2006,5,RI,0.04628
2006,5,SC,0.021653
2006,5,SD,0.117267
2006,5,TN,0.016555
2006,5,TX,0.059295
2006,5,UT,0.047978
2006,5,VA,0.018794
2006,5,VT,0.013451
2006,5,WA,0.02873
2006,5,WI,0.03379
2006,5,WV,0.010192
2006,5,WY,0.074333
2006,6,AL,0.007165
2006,6,AR,0.010102
2006,6,AZ,0.047831
2006,6,CA,0.032689
2006,6,CO,0.060947
2006,6,CT,0.020188
2006,6,DE,0.030535
2006,6,FL,0.025893
2006,6,GA,0.008082
2006,6,IA,0.039518
2006,6,ID,0.029567
2006,6,IL,0.018631
2006,6,IN,0.015617
2006,6,KS,0.089669
2006,6,KY,0.0082
2006,6,LA,0.005871
2006,6,MA,0.029566
2006,6,MD,0.016753
2006,6,ME,0.013273
2006,6,MI,0.012925
2006,6,MN,0.028961
2006,6,MO,0.021759
2006,6,MS,0.008671
2006,6,MT,0.069637
2006,6,NC,0.009858
2006,6,ND,0.070414
2006,6,NE,0.061172
2006,6,NH,0.045931
2006,6,NJ,0.018693
2006,6,NM,0.072524
2006,6,NV,0.051354
2006,6,NY,0.024321
2006,6,OH,0.015888
2006,6,OK,0.049979
2006,6,OR,0.023725
2006,6,PA,0.014526
2006,6,RI,0.024155
2006,6,SC,0.013743
2006,6,SD,0.063528
2006,6,TN,0.007213
2006,6,TX,0.040182
2006,6,UT,0.048586
2006,6,VA,0.011832
2006,6,VT,0.008565
2006,6,WA,0.023932
2006,6,WI,0.01488
2006,6,WV,0.00489
2006,6,WY,0.059398
2006,7,AL,0.006096
2006,7,AR,0.013842
2006,7,AZ,0.038096
2006,7,CA,0.027924
2006,7,CO,0.038462
2006,7,CT,0.010532
2006,7,DE,0.020577
2006,7,FL,0.018411
2006,7,GA,0.004857
2006,7,IA,0.01673
2006,7,ID,0.021697
2006,7,IL,0.014246
2006,7,IN,0.015469
2006,7,KS,0.054408
2006,7,KY,0.010237
2006,7,LA,0.007374
2006,7,MA,0.023677
2006,7,MD,0.010501
2006,7,ME,0.008342
2006,7,MI,0.018231
2006,7,MN,0.023004
2006,7,MO,0.018727
2006,7,MS,0.009049
2006,7,MT,0.046302
2006,7,NC,0.008522
2006,7,ND,0.050442
2006,7,NE,0.042488
2006,7,NH,0.040587
2006,7,NJ,0.012584
2006,7,NM,0.04022
2006,7,NV,0.045085
2006,7,NY,0.020232
2006,7,OH,0.015802
2006,7,OK,0.037178
2006,7,OR,0.023717
2006,7,PA,0.010914
2006,7,RI,0.019285
2006,7,SC,0.009324
2006,7,SD,0.067201
2006,7,TN,0.009261
2006,7,TX,0.034373
2006,7,UT,0.038792
2006,7,VA,0.009166
2006,7,VT,0.006354
2006,7,WA,0.026611
2006,7,WI,0.016768
2006,7,WV,0.004261
2006,7,WY,0.044339
2006,8,AL,0.004754
2006,8,AR,0.008816
2006,8,AZ,0.023965
2006,8,CA,0.024952
2006,8,CO,0.031105
2006,8,CT,0.010161
2006,8,DE,0.021512
2006,8,FL,0.01793
2006,8,GA,0.005121
2006,8,IA,0.013755
2006,8,ID,0.023737
2006,8,IL,0.009151
2006,8,IN,0.01045
2006,8,KS,0.04138
2006,8,KY,0.005337
2006,8,LA,0.006104
2006,8,MA,0.018432
2006,8,MD,0.010911
2006,8,ME,0.009722
2006,8,MI,0.014227
2006,8,MN,0.020735
2006,8,MO,0.01485
2006,8,MS,0.007319
2006,8,MT,0.043827
2006,8,NC,0.005862
2006,8,ND,0.057072
2006,8,NE,0.039875
2006,8,NH,0.049821
2006,8,NJ,0.011767
2006,8,NM,0.025844
2006,8,NV,0.041848
2006,8,NY,0.015101
2006,8,OH,0.012098
2006,8,OK,0.030176
2006,8,OR,0.024797
2006,8,PA,0.008586
2006,8,RI,0.013554
2006,8,SC,0.009068
2006,8,SD,0.076228
2006,8,TN,0.005243
2006,8,TX,0.029886
2006,8,UT,0.040052
2006,8,VA,0.008454
2006,8,VT,0.006323
2006,8,WA,0.021829
2006,8,WI,0.009671
2006,8,WV,0.003201
2006,8,WY,0.048498
2006,9,AL,0.005949
2006,9,AR,0.015088
2006,9,AZ,0.033232
2006,9,CA,0.025746
2006,9,CO,0.04172
2006,9,CT,0.017748
2006,9,DE,0.044619
2006,9,FL,0.011937
2006,9,GA,0.004729
2006,9,IA,0.033392
2006,9,ID,0.020249
2006,9,IL,0.016746
2006,9,IN,0.017198
2006,9,KS,0.071558
2006,9,KY,0.00906
2006,9,LA,0.010647
2006,9,MA,0.023193
2006,9,MD,0.023039
2006,9,ME,0.009082
2006,9,MI,0.017571
2006,9,MN,0.03142
2006,9,MO,0.020948
2006,9,MS,0.011803
2006,9,MT,0.050066
2006,9,NC,0.012178
2006,9,ND,0.06779
2006,9,NE,0.063906
2006,9,NH,0.044855
2006,9,NJ,0.020863
2006,9,NM,0.043577
2006,9,NV,0.043923
2006,9,NY,0.022567
2006,9,OH,0.020545
2006,9,OK,0.043245
2006,9,OR,0.01775
2006,9,PA,0.014607
2006,9,RI,0.018485
2006,9,SC,0.006663
2006,9,SD,0.086112
2006,9,TN,0.008501
2006,9,TX,0.033745
2006,9,UT,0.034727
2006,9,VA,0.01951
2006,9,VT,0.010469
2006,9,WA,0.013709
2006,9,WI,0.019259
2006,9,WV,0.00562
2006,9,WY,0.055358
2006,10,AL,0.012331
2006,10,AR,0.021263
2006,10,AZ,0.029065
2006,10,CA,0.021459
2006,10,CO,0.054246
2006,10,CT,0.037608
2006,10,DE,0.052207
2006,10,FL,0.025175
2006,10,GA,0.009521
2006,10,IA,0.061509
2006,10,ID,0.027258
2006,10,IL,0.044642
2006,10,IN,0.048441
2006,10,KS,0.075895
2006,10,KY,0.017241
2006,10,LA,0.021355
2006,10,MA,0.055282
2006,10,MD,0.033918
2006,10,ME,0.034669
2006,10,MI,0.043922
2006,10,MN,0.071003
2006,10,MO,0.035247
2006,10,MS,0.020741
2006,10,MT,0.069413
2006,10,NC,0.013042
2006,10,ND,0.107739
2006,10,NE,0.071747
2006,10,NH,0.054592
2006,10,NJ,0.036196
2006,10,NM,0.048566
2006,10,NV,0.032168
2006,10,NY,0.05214
2006,10,OH,0.051919
2006,10,OK,0.056615
2006,10,OR,0.016906
2006,10,PA,0.038753
2006,10,RI,0.046024
2006,10,SC,0.011278
2006,10,SD,0.106146
2006,10,TN,0.015525
2006,10,TX,0.038937
2006,10,UT,0.033165
2006,10,VA,0.02802
2006,10,VT,0.026628
2006,10,WA,0.015134
2006,10,WI,0.038813
2006,10,WV,0.017751
2006,10,WY,0.082608
2006,11,AL,0.014849
2006,11,AR,0.026265
2006,11,AZ,0.02871
2006,11,CA,0.02634
2006,11,CO,0.056903
2006,11,CT,0.028965
2006,11,DE,0.047766
2006,11,FL,0.03423
2006,11,GA,0.012867
2006,11,IA,0.046952
2006,11,ID,0.045824
2006,11,IL,0.039925
2006,11,IN,0.027156
2006,11,KS,0.086578
2006,11,KY,0.011545
2006,11,LA,0.026082
2006,11,MA,0.032688
2006,11,MD,0.028319
2006,11,ME,0.015183
2006,11,MI,0.020565
2006,11,MN,0.038209
2006,11,MO,0.041762
2006,11,MS,0.020959
2006,11,MT,0.115558
2006,11,NC,0.025578
2006,11,ND,0.076022
2006,11,NE,0.061818
2006,11,NH,0.053242
2006,11,NJ,0.025754
2006,11,NM,0.056922
2006,11,NV,0.032439
2006,11,NY,0.024166
2006,11,OH,0.01868
2006,11,OK,0.068181
2006,11,OR,0.060962
2006,11,PA,0.0165
2006,11,RI,0.031583
2006,11,SC,0.017989
2006,11,SD,0.072011
2006,11,TN,0.012476
2006,11,TX,0.054923
2006,11,UT,0.036253
2006,11,VA,0.029784
2006,11,VT,0.013307
2006,11,WA,0.05903
2006,11,WI,0.018924
2006,11,WV,0.006707
2006,11,WY,0.0865
2006,12,AL,0.016687
2006,12,AR,0.029572
2006,12,AZ,0.034211
2006,12,CA,0.034821
2006,12,CO,0.068497
2006,12,CT,0.029196
2006,12,DE,0.043042
2006,12,FL,0.032208
2006,12,GA,0.010412
2006,12,IA,0.056493
2006,12,ID,0.030925
2006,12,IL,0.046202
2006,12,IN,0.054527
2006,12,KS,0.064396
2006,12,KY,0.024035
2006,12,LA,0.028609
2006,12,MA,0.049778
2006,12,MD,0.032576
2006,12,ME,0.020136
2006,12,MI,0.04465
2006,12,MN,0.042176
2006,12,MO,0.041154
2006,12,MS,0.026738
2006,12,MT,0.106718
2006,12,NC,0.013519
2006,12,ND,0.096825
2006,12,NE,0.060112
2006,12,NH,0.050077
2006,12,NJ,0.031342
2006,12,NM,0.052243
2006,12,NV,0.033205
2006,12,NY,0.055056
2006,12,OH,0.056433
2006,12,OK,0.060724
2006,12,OR,0.051218
2006,12,PA,0.039958
2006,12,RI,0.03559
2006,12,SC,0.014219
2006,12,SD,0.076643
2006,12,TN,0.018272
2006,12,TX,0.048426
2006,12,UT,0.02412
2006,12,VA,0.0221
2006,12,VT,0.020345
2006,12,WA,0.035219
2006,12,WI,0.028062
2006,12,WV,0.019446
2006,12,WY,0.083822
2007,1,AL,0.013489
2007,1,AR,0.022709
2007,1,AZ,0.040161
2007,1,CA,0.033451
2007,1,CO,0.053141
2007,1,CT,0.033893
2007,1,DE,0.057293
2007,1,FL,0.026042
2007,1,GA,0.012823
2007,1,IA,0.091319
2007,1,ID,0.03139
2007,1,IL,0.066429
2007,1,IN,0.062201
2007,1,KS,0.072056
2007,1,KY,0.027384
2007,1,LA,0.020562
2007,1,MA,0.065213
2007,1,MD,0.045322
2007,1,ME,0.029598
2007,1,MI,0.039407
2007,1,MN,0.061119
2007,1,MO,0.049951
2007,1,MS,0.02023
2007,1,MT,0.125573
2007,1,NC,0.022503
2007,1,ND,0.112214
2007,1,NE,0.086643
2007,1,NH,0.044822
2007,1,NJ,0.036479
2007,1,NM,0.044661
2007,1,NV,0.029305
2007,1,NY,0.055078
2007,1,OH,0.064833
2007,1,OK,0.048979
2007,1,OR,0.031691
2007,1,PA,0.043887
2007,1,RI,0.04374
2007,1,SC,0.021284
2007,1,SD,0.12389
2007,1,TN,0.020981
2007,1,TX,0.040656
2007,1,UT,0.023748
2007,1,VA,0.040369
2007,1,VT,0.025062
2007,1,WA,0.038859
2007,1,WI,0.030476
2007,1,WV,0.026351
2007,1,WY,0.085273
2007,2,AL,0.021989
2007,2,AR,0.050254
2007,2,AZ,0.043097
2007,2,CA,0.038149
2007,2,CO,0.078021
2007,2,CT,0.052777
2007,2,DE,0.089861
2007,2,FL,0.02843
2007,2,GA,0.016452
2007,2,IA,0.081829
2007,2,ID,0.037951
2007,2,IL,0.073317
2007,2,IN,0.071457
2007,2,KS,0.094265
2007,2,KY,0.026197
2007,2,LA,0.02855
2007,2,MA,0.090916
2007,2,MD,0.060859
2007,2,ME,0.044493
2007,2,MI,0.062018
2007,2,MN,0.055744
2007,2,MO,0.059682
2007,2,MS,0.033624
2007,2,MT,0.082791
2007,2,NC,0.024692
2007,2,ND,0.087988
2007,2,NE,0.089796
2007,2,NH,0.052761
2007,2,NJ,0.059183
2007,2,NM,0.090477
2007,2,NV,0.047278
2007,2,NY,0.087662
2007,2,OH,0.064865
2007,2,OK,0.086548
2007,2,OR,0.032909
2007,2,PA,0.060671
2007,2,RI,0.057905
2007,2,SC,0.021293
2007,2,SD,0.101425
2007,2,TN,0.028663
2007,2,TX,0.06108
2007,2,UT,0.041114
2007,2,VA,0.047147
2007,2,VT,0.027513
2007,2,WA,0.026589
2007,2,WI,0.046849
2007,2,WV,0.025283
2007,2,WY,0.111761
2007,3,AL,0.014769
2007,3,AR,0.033854
2007,3,AZ,0.039299
2007,3,CA,0.032951
2007,3,CO,0.061839
2007,3,CT,0.050563
2007,3,DE,0.083143
2007,3,FL,0.037346
2007,3,GA,0.012395
2007,3,IA,0.094475
2007,3,ID,0.039786
2007,3,IL,0.070775
2007,3,IN,0.067267
2007,3,KS,0.102876
2007,3,KY,0.030345
2007,3,LA,0.018046
2007,3,MA,0.087703
2007,3,MD,0.049207
2007,3,ME,0.057462
2007,3,MI,0.058722
2007,3,MN,0.062821
2007,3,MO,0.062312
2007,3,MS,0.02256
2007,3,MT,0.111058
2007,3,NC,0.02387
2007,3,ND,0.10873
2007,3,NE,0.112615
2007,3,NH,0.064161
2007,3,NJ,0.048879
2007,3,NM,0.057934
2007,3,NV,0.041781
2007,3,NY,0.068472
2007,3,OH,0.061777
2007,3,OK,0.070101
2007,3,OR,0.025711
2007,3,PA,0.044741
2007,3,RI,0.059465
2007,3,SC,0.021161
2007,3,SD,0.127203
2007,3,TN,0.023956
2007,3,TX,0.059691
2007,3,UT,0.037888
2007,3,VA,0.042272
2007,3,VT,0.038073
2007,3,WA,0.035217
2007,3,WI,0.047364
2007,3,WV,0.023058
2007,3,WY,0.095899
2007,4,AL,0.019969
2007,4,AR,0.032618
2007,4,AZ,0.063869
2007,4,CA,0.052418
2007,4,CO,0.085102
2007,4,CT,0.047227
2007,4,DE,0.077435
2007,4,FL,0.037313
2007,4,GA,0.022132
2007,4,IA,0.129706
2007,4,ID,0.042555
2007,4,IL,0.084949
2007,4,IN,0.079945
2007,4,KS,0.105433
2007,4,KY,0.035493
2007,4,LA,0.024456
2007,4,MA,0.070139
2007,4,MD,0.058223
2007,4,ME,0.041508
2007,4,MI,0.06332
2007,4,MN,0.071358
2007,4,MO,0.06089
2007,4,MS,0.024538
2007,4,MT,0.068129
2007,4,NC,0.033118
2007,4,ND,0.089936
2007,4,NE,0.1119
2007,4,NH,0.058327
2007,4,NJ,0.0448
2007,4,NM,0.100116
2007,4,NV,0.06284
2007,4,NY,0.060614
2007,4,OH,0.082281
2007,4,OK,0.067492
2007,4,OR,0.024874
2007,4,PA,0.0567
2007,4,RI,0.058498
2007,4,SC,0.031163
2007,4,SD,0.091431
2007,4,TN,0.025946
2007,4,TX,0.062582
2007,4,UT,0.056106
2007,4,VA,0.048847
2007,4,VT,0.022541
2007,4,WA,0.028189
2007,4,WI,0.059533
2007,4,WV,0.031158
2007,4,WY,0.07579
2007,5,AL,0.009511
2007,5,AR,0.013773
2007,5,AZ,0.044693
2007,5,CA,0.047696
2007,5,CO,0.051982
2007,5,CT,0.020741
2007,5,DE,0.035341
2007,5,FL,0.048582
2007,5,GA,0.011725
2007,5,IA,0.094986
2007,5,ID,0.041591
2007,5,IL,0.038654
2007,5,IN,0.033585
2007,5,KS,0.076673
2007,5,KY,0.009438
2007,5,LA,0.013793
2007,5,MA,0.033797
2007,5,MD,0.016449
2007,5,ME,0.022843
2007,5,MI,0.025184
2007,5,MN,0.090114
2007,5,MO,0.026007
2007,5,MS,0.014237
2007,5,MT,0.067358
2007,5,NC,0.018786
2007,5,ND,0.117083
2007,5,NE,0.08868
2007,5,NH,0.056821
2007,5,NJ,0.019648
2007,5,NM,0.059711
2007,5,NV,0.056859
2007,5,NY,0.023344
2007,5,OH,0.024296
2007,5,OK,0.045525
2007,5,OR,0.024432
2007,5,PA,0.016377
2007,5,RI,0.031005
2007,5,SC,0.021696
2007,5,SD,0.119246
2007,5,TN,0.007414
2007,5,TX,0.03807
2007,5,UT,0.056339
2007,5,VA,0.018739
2007,5,VT,0.013522
2007,5,WA,0.026825
2007,5,WI,0.041017
2007,5,WV,0.005459
2007,5,WY,0.0748
2007,6,AL,0.00886
2007,6,AR,0.015094
2007,6,AZ,0.042327
2007,6,CA,0.042364
2007,6,CO,0.057608
2007,6,CT,0.015751
2007,6,DE,0.024785
2007,6,FL,0.026102
2007,6,GA,0.009785
2007,6,IA,0.049342
2007,6,ID,0.037405
2007,6,IL,0.025428
2007,6,IN,0.024066
2007,6,KS,0.061213
2007,6,KY,0.010822
2007,6,LA,0.010464
2007,6,MA,0.026734
2007,6,MD,0.012758
2007,6,ME,0.011952
2007,6,MI,0.020967
2007,6,MN,0.049461
2007,6,MO,0.02472
2007,6,MS,0.009593
2007,6,MT,0.06212
2007,6,NC,0.009442
2007,6,ND,0.0775
2007,6,NE,0.074991
2007,6,NH,0.052838
2007,6,NJ,0.015322
2007,6,NM,0.064131
2007,6,NV,0.05427
2007,6,NY,0.02371
2007,6,OH,0.018607
2007,6,OK,0.040492
2007,6,OR,0.022634
2007,6,PA,0.012972
2007,6,RI,0.025421
2007,6,SC,0.01449
2007,6,SD,0.088237
2007,6,TN,0.008834
2007,6,TX,0.037592
2007,6,UT,0.052954
2007,6,VA,0.011304
2007,6,VT,0.012028
2007,6,WA,0.026249
2007,6,WI,0.025154
2007,6,WV,0.004644
2007,6,WY,0.06334
2007,7,AL,0.005259
2007,7,AR,0.004771
2007,7,AZ,0.040882
2007,7,CA,0.032968
2007,7,CO,0.0364
2007,7,CT,0.013003
2007,7,DE,0.023184
2007,7,FL,0.014884
2007,7,GA,0.00634
2007,7,IA,0.015976
2007,7,ID,0.016933
2007,7,IL,0.009538
2007,7,IN,0.015486
2007,7,KS,0.027795
2007,7,KY,0.007704
2007,7,LA,0.006843
2007,7,MA,0.016797
2007,7,MD,0.009744
2007,7,ME,0.006367
2007,7,MI,0.016647
2007,7,MN,0.022611
2007,7,MO,0.007511
2007,7,MS,0.006693
2007,7,MT,0.036883
2007,7,NC,0.007858
2007,7,ND,0.042908
2007,7,NE,0.030917
2007,7,NH,0.044052
2007,7,NJ,0.013145
2007,7,NM,0.033212
2007,7,NV,0.045043
2007,7,NY,0.017355
2007,7,OH,0.01546
2007,7,OK,0.013412
2007,7,OR,0.021572
2007,7,PA,0.009426
2007,7,RI,0.017341
2007,7,SC,0.01029
2007,7,SD,0.055869
2007,7,TN,0.006049
2007,7,TX,0.018484
2007,7,UT,0.039709
2007,7,VA,0.011498
2007,7,VT,0.005156
2007,7,WA,0.020552
2007,7,WI,0.015238
2007,7,WV,0.003451
2007,7,WY,0.036094
2007,8,AL,0.004049
2007,8,AR,0.009562
2007,8,AZ,0.023466
2007,8,CA,0.029605
2007,8,CO,0.032128
2007,8,CT,0.009417
2007,8,DE,0.015081
2007,8,FL,0.013391
2007,8,GA,0.004312
2007,8,IA,0.015868
2007,8,ID,0.025046
2007,8,IL,0.010025
2007,8,IN,0.011509
2007,8,KS,0.060391
2007,8,KY,0.008374
2007,8,LA,0.004076
2007,8,MA,0.015861
2007,8,MD,0.006374
2007,8,ME,0.009962
2007,8,MI,0.014649
2007,8,MN,0.018411
2007,8,MO,0.017767
2007,8,MS,0.004958
2007,8,MT,0.049765
2007,8,NC,0.006545
2007,8,ND,0.044658
2007,8,NE,0.032537
2007,8,NH,0.041036
2007,8,NJ,0.009082
2007,8,NM,0.034432
2007,8,NV,0.040882
2007,8,NY,0.015574
2007,8,OH,0.010996
2007,8,OK,0.038916
2007,8,OR,0.019139
2007,8,PA,0.006355
2007,8,RI,0.014082
2007,8,SC,0.008429
2007,8,SD,0.043931
2007,8,TN,0.006586
2007,8,TX,0.024981
2007,8,UT,0.045509
2007,8,VA,0.007057
2007,8,VT,0.008862
2007,8,WA,0.018488
2007,8,WI,0.011498
2007,8,WV,0.003316
2007,8,WY,0.040593
2007,9,AL,0.005386
2007,9,AR,0.006794
2007,9,AZ,0.034129
2007,9,CA,0.031425
2007,9,CO,0.049831
2007,9,CT,0.010774
2007,9,DE,0.014757
2007,9,FL,0.02386
2007,9,GA,0.007643
2007,9,IA,0.039176
2007,9,ID,0.026175
2007,9,IL,0.017915
2007,9,IN,0.012865
2007,9,KS,0.077975
2007,9,KY,0.005108
2007,9,LA,0.007338
2007,9,MA,0.020442
2007,9,MD,0.007512
2007,9,ME,0.014144
2007,9,MI,0.023427
2007,9,MN,0.053688
2007,9,MO,0.017233
2007,9,MS,0.006673
2007,9,MT,0.053575
2007,9,NC,0.008718
2007,9,ND,0.078625
2007,9,NE,0.07482
2007,9,NH,0.04511
2007,9,NJ,0.008674
2007,9,NM,0.040394
2007,9,NV,0.048041
2007,9,NY,0.018552
2007,9,OH,0.011031
2007,9,OK,0.036091
2007,9,OR,0.020552
2007,9,PA,0.007169
2007,9,RI,0.017361
2007,9,SC,0.012133
2007,9,SD,0.096723
2007,9,TN,0.003672
2007,9,TX,0.019404
2007,9,UT,0.053603
2007,9,VA,0.008396
2007,9,VT,0.009936
2007,9,WA,0.020216
2007,9,WI,0.025929
2007,9,WV,0.002336
2007,9,WY,0.054016
2007,10,AL,0.008738
2007,10,AR,0.018941
2007,10,AZ,0.042194
2007,10,CA,0.03745
2007,10,CO,0.064792
2007,10,CT,0.01815
2007,10,DE,0.031217
2007,10,FL,0.039069
2007,10,GA,0.007429
2007,10,IA,0.054089
2007,10,ID,0.032042
2007,10,IL,0.046091
2007,10,IN,0.037687
2007,10,KS,0.097873
2007,10,KY,0.015511
2007,10,LA,0.01721
2007,10,MA,0.027702
2007,10,MD,0.015966
2007,10,ME,0.0167
2007,10,MI,0.037724
2007,10,MN,0.060235
2007,10,MO,0.036862
2007,10,MS,0.013573
2007,10,MT,0.076405
2007,10,NC,0.006324
2007,10,ND,0.071303
2007,10,NE,0.079445
2007,10,NH,0.046417
2007,10,NJ,0.017645
2007,10,NM,0.060735
2007,10,NV,0.046749
2007,10,NY,0.026108
2007,10,OH,0.027956
2007,10,OK,0.066602
2007,10,OR,0.025559
2007,10,PA,0.014402
2007,10,RI,0.023226
2007,10,SC,0.008904
2007,10,SD,0.088014
2007,10,TN,0.010362
2007,10,TX,0.040185
2007,10,UT,0.04906
2007,10,VA,0.012269
2007,10,VT,0.013907
2007,10,WA,0.022676
2007,10,WI,0.039449
2007,10,WV,0.006022
2007,10,WY,0.067882
2007,11,AL,0.009871
2007,11,AR,0.018652
2007,11,AZ,0.01729
2007,11,CA,0.012249
2007,11,CO,0.054605
2007,11,CT,0.027898
2007,11,DE,0.04152
2007,11,FL,0.020986
2007,11,GA,0.00898
2007,11,IA,0.075896
2007,11,ID,0.025617
2007,11,IL,0.046118
2007,11,IN,0.04355
2007,11,KS,0.071468
2007,11,KY,0.01749
2007,11,LA,0.015134
2007,11,MA,0.050561
2007,11,MD,0.026086
2007,11,ME,0.028976
2007,11,MI,0.052316
2007,11,MN,0.069447
2007,11,MO,0.031384
2007,11,MS,0.013754
2007,11,MT,0.099774
2007,11,NC,0.01597
2007,11,ND,0.117525
2007,11,NE,0.065754
2007,11,NH,0.046419
2007,11,NJ,0.022772
2007,11,NM,0.032154
2007,11,NV,0.017606
2007,11,NY,0.04328
2007,11,OH,0.044066
2007,11,OK,0.053001
2007,11,OR,0.023656
2007,11,PA,0.026771
2007,11,RI,0.040853
2007,11,SC,0.014916
2007,11,SD,0.08947
2007,11,TN,0.01309
2007,11,TX,0.03594
2007,11,UT,0.018636
2007,11,VA,0.025291
2007,11,VT,0.019046
2007,11,WA,0.022761
2007,11,WI,0.047379
2007,11,WV,0.014339
2007,11,WY,0.064144
2007,12,AL,0.012624
2007,12,AR,0.025287
2007,12,AZ,0.039126
2007,12,CA,0.033703
2007,12,CO,0.068624
2007,12,CT,0.033137
2007,12,DE,0.054017
2007,12,FL,0.016704
2007,12,GA,0.009059
2007,12,IA,0.050086
2007,12,ID,0.034125
2007,12,IL,0.050914
2007,12,IN,0.056895
2007,12,KS,0.065817
2007,12,KY,0.028305
2007,12,LA,0.01966
2007,12,MA,0.051964
2007,12,MD,0.037999
2007,12,ME,0.030645
2007,12,MI,0.045906
2007,12,MN,0.036043
2007,12,MO,0.034213
2007,12,MS,0.020824
2007,12,MT,0.087132
2007,12,NC,0.018255
2007,12,ND,0.054609
2007,12,NE,0.050436
2007,12,NH,0.043727
2007,12,NJ,0.039685
2007,12,NM,0.069346
2007,12,NV,0.033186
2007,12,NY,0.058865
2007,12,OH,0.059696
2007,12,OK,0.050336
2007,12,OR,0.049481
2007,12,PA,0.043111
2007,12,RI,0.042868
2007,12,SC,0.019179
2007,12,SD,0.053053
2007,12,TN,0.021154
2007,12,TX,0.05036
2007,12,UT,0.033732
2007,12,VA,0.029128
2007,12,VT,0.024249
2007,12,WA,0.038333
2007,12,WI,0.026896
2007,12,WV,0.025354
2007,12,WY,0.077994
2008,1,AL,0.020674
2008,1,AR,0.04734
2008,1,AZ,0.043728
2008,1,CA,0.0473
2008,1,CO,0.078628
2008,1,CT,0.046223
2008,1,DE,0.05813
2008,1,FL,0.039971
2008,1,GA,0.016585
2008,1,IA,0.076799
2008,1,ID,0.062777
2008,1,IL,0.09477
2008,1,IN,0.103043
2008,1,KS,0.107896
2008,1,KY,0.043501
2008,1,LA,0.045001
2008,1,MA,0.05688
2008,1,MD,0.042696
2008,1,ME,0.029215
2008,1,MI,0.075598
2008,1,MN,0.053417
2008,1,MO,0.068882
2008,1,MS,0.027877
2008,1,MT,0.105058
2008,1,NC,0.016665
2008,1,ND,0.079521
2008,1,NE,0.075387
2008,1,NH,0.043817
2008,1,NJ,0.048648
2008,1,NM,0.082014
2008,1,NV,0.06223
2008,1,NY,0.063551
2008,1,OH,0.107172
2008,1,OK,0.100669
2008,1,OR,0.058806
2008,1,PA,0.044039
2008,1,RI,0.054043
2008,1,SC,0.019211
2008,1,SD,0.087931
2008,1,TN,0.027476
2008,1,TX,0.069104
2008,1,UT,0.048095
2008,1,VA,0.037407
2008,1,VT,0.022325
2008,1,WA,0.037063
2008,1,WI,0.040579
2008,1,WV,0.026576
2008,1,WY,0.115144
2008,2,AL,0.025117
2008,2,AR,0.044256
2008,2,AZ,0.035415
2008,2,CA,0.037334
2008,2,CO,0.077873
2008,2,CT,0.056226
2008,2,DE,0.06236
2008,2,FL,0.03139
2008,2,GA,0.021152
2008,2,IA,0.082502
2008,2,ID,0.04527
2008,2,IL,0.073135
2008,2,IN,0.085776
2008,2,KS,0.08556
2008,2,KY,0.044705
2008,2,LA,0.041922
2008,2,MA,0.063817
2008,2,MD,0.05538
2008,2,ME,0.0263
2008,2,MI,0.049338
2008,2,MN,0.063163
2008,2,MO,0.048189
2008,2,MS,0.032938
2008,2,MT,0.079701
2008,2,NC,0.030599
2008,2,ND,0.090546
2008,2,NE,0.086943
2008,2,NH,0.047782
2008,2,NJ,0.061343
2008,2,NM,0.088602
2008,2,NV,0.043549
2008,2,NY,0.061305
2008,2,OH,0.074627
2008,2,OK,0.073885
2008,2,OR,0.027674
2008,2,PA,0.044887
2008,2,RI,0.055788
2008,2,SC,0.035102
2008,2,SD,0.095578
2008,2,TN,0.035891
2008,2,TX,0.072231
2008,2,UT,0.036965
2008,2,VA,0.050951
2008,2,VT,0.023841
2008,2,WA,0.033514
2008,2,WI,0.037921
2008,2,WV,0.034873
2008,2,WY,0.097289
2008,3,AL,0.032728
2008,3,AR,0.055527
2008,3,AZ,0.047655
2008,3,CA,0.047307
2008,3,CO,0.083606
2008,3,CT,0.069003
2008,3,DE,0.082877
2008,3,FL,0.049477
2008,3,GA,0.026271
2008,3,IA,0.065307
2008,3,ID,0.044091
2008,3,IL,0.060225
2008,3,IN,0.062421
2008,3,KS,0.100622
2008,3,KY,0.03777
2008,3,LA,0.056522
2008,3,MA,0.074325
2008,3,MD,0.066593
2008,3,ME,0.04488
2008,3,MI,0.041475
2008,3,MN,0.052907
2008,3,MO,0.053915
2008,3,MS,0.047541
2008,3,MT,0.083799
2008,3,NC,0.038478
2008,3,ND,0.097954
2008,3,NE,0.087419
2008,3,NH,0.058858
2008,3,NJ,0.075924
2008,3,NM,0.101736
2008,3,NV,0.056972
2008,3,NY,0.067516
2008,3,OH,0.060485
2008,3,OK,0.10505
2008,3,OR,0.026564
2008,3,PA,0.046175
2008,3,RI,0.07242
2008,3,SC,0.040216
2008,3,SD,0.096707
2008,3,TN,0.038905
2008,3,TX,0.106137
2008,3,UT,0.045073
2008,3,VA,0.06041
2008,3,VT,0.035689
2008,3,WA,0.029192
2008,3,WI,0.032815
2008,3,WV,0.028392
2008,3,WY,0.096986
2008,4,AL,0.014798
2008,4,AR,0.043754
2008,4,AZ,0.065916
2008,4,CA,0.055251
2008,4,CO,0.114035
2008,4,CT,0.039906
2008,4,DE,0.058497
2008,4,FL,0.033787
2008,4,GA,0.011603
2008,4,IA,0.123305
2008,4,ID,0.056515
2008,4,IL,0.08283
2008,4,IN,0.072037
2008,4,KS,0.150158
2008,4,KY,0.022184
2008,4,LA,0.031745
2008,4,MA,0.040986
2008,4,MD,0.03116
2008,4,ME,0.025901
2008,4,MI,0.064051
2008,4,MN,0.085858
2008,4,MO,0.066449
2008,4,MS,0.02562
2008,4,MT,0.076431
2008,4,NC,0.018255
2008,4,ND,0.114231
2008,4,NE,0.144555
2008,4,NH,0.047763
2008,4,NJ,0.033852
2008,4,NM,0.114158
2008,4,NV,0.088083
2008,4,NY,0.040657
2008,4,OH,0.044144
2008,4,OK,0.111238
2008,4,OR,0.030588
2008,4,PA,0.024909
2008,4,RI,0.043607
2008,4,SC,0.023438
2008,4,SD,0.151905
2008,4,TN,0.021038
2008,4,TX,0.086678
2008,4,UT,0.079875
2008,4,VA,0.028941
2008,4,VT,0.023784
2008,4,WA,0.027344
2008,4,WI,0.071656
2008,4,WV,0.012306
2008,4,WY,0.092369
2008,5,AL,0.016098
2008,5,AR,0.030511
2008,5,AZ,0.063603
2008,5,CA,0.05215
2008,5,CO,0.098683
2008,5,CT,0.046149
2008,5,DE,0.052541
2008,5,FL,0.038787
2008,5,GA,0.016718
2008,5,IA,0.090653
2008,5,ID,0.046518
2008,5,IL,0.059486
2008,5,IN,0.054745
2008,5,KS,0.126154
2008,5,KY,0.029069
2008,5,LA,0.027276
2008,5,MA,0.045125
2008,5,MD,0.037702
2008,5,ME,0.023021
2008,5,MI,0.04128
2008,5,MN,0.068334
2008,5,MO,0.048998
2008,5,MS,0.020376
2008,5,MT,0.078735
2008,5,NC,0.024728
2008,5,ND,0.127593
2008,5,NE,0.118931
2008,5,NH,0.051076
2008,5,NJ,0.043076
2008,5,NM,0.124757
2008,5,NV,0.06516
2008,5,NY,0.037439
2008,5,OH,0.050858
2008,5,OK,0.086466
2008,5,OR,0.023902
2008,5,PA,0.023171
2008,5,RI,0.052331
2008,5,SC,0.033225
2008,5,SD,0.132938
2008,5,TN,0.021077
2008,5,TX,0.07565
2008,5,UT,0.055006
2008,5,VA,0.037617
2008,5,VT,0.013024
2008,5,WA,0.026952
2008,5,WI,0.040891
2008,5,WV,0.012194
2008,5,WY,0.080992
2008,6,AL,0.006471
2008,6,AR,0.035547
2008,6,AZ,0.044494
2008,6,CA,0.046883
2008,6,CO,0.070222
2008,6,CT,0.016204
2008,6,DE,0.026839
2008,6,FL,0.019448
2008,6,GA,0.007916
2008,6,IA,0.066436
2008,6,ID,0.042112
2008,6,IL,0.049947
2008,6,IN,0.044321
2008,6,KS,0.098095
2008,6,KY,0.019595
2008,6,LA,0.018456
2008,6,MA,0.015707
2008,6,MD,0.023511
2008,6,ME,0.008219
2008,6,MI,0.02995
2008,6,MN,0.049736
2008,6,MO,0.045143
2008,6,MS,0.011591
2008,6,MT,0.06214
2008,6,NC,0.010708
2008,6,ND,0.082065
2008,6,NE,0.065831
2008,6,NH,0.040674
2008,6,NJ,0.018593
2008,6,NM,0.097649
2008,6,NV,0.051384
2008,6,NY,0.021286
2008,6,OH,0.037337
2008,6,OK,0.111183
2008,6,OR,0.029413
2008,6,PA,0.014699
2008,6,RI,0.031096
2008,6,SC,0.019782
2008,6,SD,0.074571
2008,6,TN,0.013797
2008,6,TX,0.099281
2008,6,UT,0.044442
2008,6,VA,0.020233
2008,6,VT,0.006875
2008,6,WA,0.031392
2008,6,WI,0.032711
2008,6,WV,0.007215
2008,6,WY,0.06062
2008,7,AL,0.00504
2008,7,AR,0.007803
2008,7,AZ,0.027735
2008,7,CA,0.029854
2008,7,CO,0.041593
2008,7,CT,0.014343
2008,7,DE,0.016932
2008,7,FL,0.013647
2008,7,GA,0.007023
2008,7,IA,0.022837
2008,7,ID,0.024324
2008,7,IL,0.017639
2008,7,IN,0.023095
2008,7,KS,0.055298
2008,7,KY,0.006305
2008,7,LA,0.007219
2008,7,MA,0.020649
2008,7,MD,0.014774
2008,7,ME,0.009368
2008,7,MI,0.025679
2008,7,MN,0.032348
2008,7,MO,0.016001
2008,7,MS,0.006136
2008,7,MT,0.051162
2008,7,NC,0.010894
2008,7,ND,0.062762
2008,7,NE,0.041173
2008,7,NH,0.038469
2008,7,NJ,0.015201
2008,7,NM,0.039106
2008,7,NV,0.034724
2008,7,NY,0.015938
2008,7,OH,0.018125
2008,7,OK,0.031783
2008,7,OR,0.023646
2008,7,PA,0.007781
2008,7,RI,0.030706
2008,7,SC,0.015893
2008,7,SD,0.050361
2008,7,TN,0.005182
2008,7,TX,0.041667
2008,7,UT,0.028075
2008,7,VA,0.014308
2008,7,VT,0.005133
2008,7,WA,0.02421
2008,7,WI,0.021558
2008,7,WV,0.003015
2008,7,WY,0.037752
2008,8,AL,0.012583
2008,8,AR,0.005888
2008,8,AZ,0.024688
2008,8,CA,0.02713
2008,8,CO,0.041104
2008,8,CT,0.012232
2008,8,DE,0.013596
2008,8,FL,0.046139
2008,8,GA,0.017301
2008,8,IA,0.009997
2008,8,ID,0.028985
2008,8,IL,0.008101
2008,8,IN,0.013693
2008,8,KS,0.033582
2008,8,KY,0.003885
2008,8,LA,0.019852
2008,8,MA,0.009977
2008,8,MD,0.013289
2008,8,ME,0.007821
2008,8,MI,0.017355
2008,8,MN,0.024304
2008,8,MO,0.006481
2008,8,MS,0.01035
2008,8,MT,0.058251
2008,8,NC,0.005515
2008,8,ND,0.067467
2008,8,NE,0.041153
2008,8,NH,0.028703
2008,8,NJ,0.014332
2008,8,NM,0.031478
2008,8,NV,0.03376
2008,8,NY,0.012538
2008,8,OH,0.017549
2008,8,OK,0.016485
2008,8,OR,0.021786
2008,8,PA,0.006622
2008,8,RI,0.013959
2008,8,SC,0.015503
2008,8,SD,0.068078
2008,8,TN,0.004353
2008,8,TX,0.022692
2008,8,UT,0.031793
2008,8,VA,0.011621
2008,8,VT,0.003903
2008,8,WA,0.022278
2008,8,WI,0.011938
2008,8,WV,0.002551
2008,8,WY,0.042142
2008,9,AL,0.012141
2008,9,AR,0.022939
2008,9,AZ,0.022784
2008,9,CA,0.018274
2008,9,CO,0.043909
2008,9,CT,0.023366
2008,9,DE,0.044304
2008,9,FL,0.036684
2008,9,GA,0.008347
2008,9,IA,0.021202
2008,9,ID,0.020832
2008,9,IL,0.013063
2008,9,IN,0.01744
2008,9,KS,0.053415
2008,9,KY,0.011785
2008,9,LA,0.055036
2008,9,MA,0.023007
2008,9,MD,0.023872
2008,9,ME,0.01332
2008,9,MI,0.019807
2008,9,MN,0.033611
2008,9,MO,0.014747
2008,9,MS,0.02799
2008,9,MT,0.028871
2008,9,NC,0.023719
2008,9,ND,0.048415
2008,9,NE,0.052819
2008,9,NH,0.040444
2008,9,NJ,0.0257
2008,9,NM,0.027676
2008,9,NV,0.023615
2008,9,NY,0.019246
2008,9,OH,0.022087
2008,9,OK,0.030619
2008,9,OR,0.015863
2008,9,PA,0.009623
2008,9,RI,0.025514
2008,9,SC,0.022552
2008,9,SD,0.063215
2008,9,TN,0.009947
2008,9,TX,0.029052
2008,9,UT,0.024169
2008,9,VA,0.031402
2008,9,VT,0.008958
2008,9,WA,0.013123
2008,9,WI,0.015869
2008,9,WV,0.00361
2008,9,WY,0.033813
2008,10,AL,0.009196
2008,10,AR,0.010078
2008,10,AZ,0.032202
2008,10,CA,0.027063
2008,10,CO,0.067079
2008,10,CT,0.039487
2008,10,DE,0.050146
2008,10,FL,0.033662
2008,10,GA,0.014324
2008,10,IA,0.048429
2008,10,ID,0.024663
2008,10,IL,0.029047
2008,10,IN,0.040134
2008,10,KS,0.086376
2008,10,KY,0.008351
2008,10,LA,0.016847
2008,10,MA,0.03757
2008,10,MD,0.034054
2008,10,ME,0.022913
2008,10,MI,0.044778
2008,10,MN,0.045092
2008,10,MO,0.023272
2008,10,MS,0.009282
2008,10,MT,0.078019
2008,10,NC,0.013561
2008,10,ND,0.093191
2008,10,NE,0.076683
2008,10,NH,0.046285
2008,10,NJ,0.038246
2008,10,NM,0.048842
2008,10,NV,0.030522
2008,10,NY,0.038412
2008,10,OH,0.045848
2008,10,OK,0.055734
2008,10,OR,0.020617
2008,10,PA,0.021823
2008,10,RI,0.03902
2008,10,SC,0.018301
2008,10,SD,0.080063
2008,10,TN,0.005443
2008,10,TX,0.034505
2008,10,UT,0.024644
2008,10,VA,0.027559
2008,10,VT,0.011044
2008,10,WA,0.018776
2008,10,WI,0.031839
2008,10,WV,0.009573
2008,10,WY,0.049101
2008,11,AL,0.00879
2008,11,AR,0.02109
2008,11,AZ,0.029621
2008,11,CA,0.021074
2008,11,CO,0.065517
2008,11,CT,0.040865
2008,11,DE,0.050181
2008,11,FL,0.024559
2008,11,GA,0.010357
2008,11,IA,0.077099
2008,11,ID,0.033355
2008,11,IL,0.043794
2008,11,IN,0.054612
2008,11,KS,0.097296
2008,11,KY,0.013089
2008,11,LA,0.020175
2008,11,MA,0.03725
2008,11,MD,0.041503
2008,11,ME,0.030237
2008,11,MI,0.051073
2008,11,MN,0.05768
2008,11,MO,0.038108
2008,11,MS,0.015901
2008,11,MT,0.084652
2008,11,NC,0.016622
2008,11,ND,0.099678
2008,11,NE,0.110439
2008,11,NH,0.045782
2008,11,NJ,0.035162
2008,11,NM,0.053064
2008,11,NV,0.022237
2008,11,NY,0.034336
2008,11,OH,0.056631
2008,11,OK,0.065864
2008,11,OR,0.027
2008,11,PA,0.022964
2008,11,RI,0.041151
2008,11,SC,0.015636
2008,11,SD,0.116376
2008,11,TN,0.010965
2008,11,TX,0.042098
2008,11,UT,0.022441
2008,11,VA,0.034976
2008,11,VT,0.014552
2008,11,WA,0.025282
2008,11,WI,0.036693
2008,11,WV,0.01159
2008,11,WY,0.088105
2008,12,AL,0.02103
2008,12,AR,0.054541
2008,12,AZ,0.043809
2008,12,CA,0.026195
2008,12,CO,0.089927
2008,12,CT,0.068423
2008,12,DE,0.066351
2008,12,FL,0.027589
2008,12,GA,0.013979
2008,12,IA,0.11781
2008,12,ID,0.061061
2008,12,IL,0.108073
2008,12,IN,0.110011
2008,12,KS,0.137564
2008,12,KY,0.04939
2008,12,LA,0.038363
2008,12,MA,0.088418
2008,12,MD,0.055329
2008,12,ME,0.040596
2008,12,MI,0.088397
2008,12,MN,0.073784
2008,12,MO,0.077937
2008,12,MS,0.042082
2008,12,MT,0.113007
2008,12,NC,0.021303
2008,12,ND,0.123459
2008,12,NE,0.112417
2008,12,NH,0.05006
2008,12,NJ,0.047218
2008,12,NM,0.095161
2008,12,NV,0.036498
2008,12,NY,0.080289
2008,12,OH,0.114003
2008,12,OK,0.10772
2008,12,OR,0.039369
2008,12,PA,0.051901
2008,12,RI,0.075696
2008,12,SC,0.017363
2008,12,SD,0.138564
2008,12,TN,0.035934
2008,12,TX,0.079084
2008,12,UT,0.040888
2008,12,VA,0.045922
2008,12,VT,0.035031
2008,12,WA,0.03658
2008,12,WI,0.064211
2008,12,WV,0.031861
2008,12,WY,0.110393
2009,1,AL,0.018151
2009,1,AR,0.027233
2009,1,AZ,0.026299
2009,1,CA,0.017885
2009,1,CO,0.076051
2009,1,CT,0.041506
2009,1,DE,0.049852
2009,1,FL,0.028551
2009,1,GA,0.017195
2009,1,IA,0.07693
2009,1,ID,0.037225
2009,1,IL,0.052038
2009,1,IN,0.045465
2009,1,KS,0.090395
2009,1,KY,0.02206
2009,1,LA,0.022919
2009,1,MA,0.054263
2009,1,MD,0.041428
2009,1,ME,0.028045
2009,1,MI,0.040627
2009,1,MN,0.05053
2009,1,MO,0.042196
2009,1,MS,0.024181
2009,1,MT,0.136129
2009,1,NC,0.021488
2009,1,ND,0.137929
2009,1,NE,0.106986
2009,1,NH,0.041781
2009,1,NJ,0.027868
2009,1,NM,0.055253
2009,1,NV,0.021647
2009,1,NY,0.053533
2009,1,OH,0.056012
2009,1,OK,0.065595
2009,1,OR,0.036782
2009,1,PA,0.033254
2009,1,RI,0.036317
2009,1,SC,0.018338
2009,1,SD,0.133077
2009,1,TN,0.02039
2009,1,TX,0.048842
2009,1,UT,0.020417
2009,1,VA,0.035292
2009,1,VT,0.018198
2009,1,WA,0.029023
2009,1,WI,0.026329
2009,1,WV,0.019276
2009,1,WY,0.11702
2009,2,AL,0.024109
2009,2,AR,0.048245
2009,2,AZ,0.036784
2009,2,CA,0.032181
2009,2,CO,0.08744
2009,2,CT,0.058161
2009,2,DE,0.082491
2009,2,FL,0.032125
2009,2,GA,0.018754
2009,2,IA,0.092892
2009,2,ID,0.033337
2009,2,IL,0.089258
2009,2,IN,0.086128
2009,2,KS,0.108708
2009,2,KY,0.052794
2009,2,LA,0.035114
2009,2,MA,0.072345
2009,2,MD,0.071999
2009,2,ME,0.044522
2009,2,MI,0.064136
2009,2,MN,0.064191
2009,2,MO,0.064743
2009,2,MS,0.035827
2009,2,MT,0.057808
2009,2,NC,0.028002
2009,2,ND,0.08652
2009,2,NE,0.08011
2009,2,NH,0.052413
2009,2,NJ,0.073324
2009,2,NM,0.081157
2009,2,NV,0.042898
2009,2,NY,0.075616
2009,2,OH,0.092595
2009,2,OK,0.098315
2009,2,OR,0.02856
2009,2,PA,0.057921
2009,2,RI,0.063645
2009,2,SC,0.021597
2009,2,SD,0.089141
2009,2,TN,0.039764
2009,2,TX,0.08466
2009,2,UT,0.028919
2009,2,VA,0.062638
2009,2,VT,0.026452
2009,2,WA,0.013415
2009,2,WI,0.052763
2009,2,WV,0.036596
2009,2,WY,0.067313
2009,3,AL,0.020948
2009,3,AR,0.057999
2009,3,AZ,0.055295
2009,3,CA,0.038033
2009,3,CO,0.104411
2009,3,CT,0.040438
2009,3,DE,0.05683
2009,3,FL,0.044065
2009,3,GA,0.015102
2009,3,IA,0.099269
2009,3,ID,0.057388
2009,3,IL,0.085218
2009,3,IN,0.076284
2009,3,KS,0.14271
2009,3,KY,0.042786
2009,3,LA,0.03576
2009,3,MA,0.04817
2009,3,MD,0.040301
2009,3,ME,0.03319
2009,3,MI,0.059312
2009,3,MN,0.07102
2009,3,MO,0.074932
2009,3,MS,0.038455
2009,3,MT,0.080119
2009,3,NC,0.022494
2009,3,ND,0.11904
2009,3,NE,0.12712
2009,3,NH,0.041826
2009,3,NJ,0.041173
2009,3,NM,0.113558
2009,3,NV,0.075998
2009,3,NY,0.04564
2009,3,OH,0.07345
2009,3,OK,0.116868
2009,3,OR,0.041968
2009,3,PA,0.033309
2009,3,RI,0.040449
2009,3,SC,0.020798
2009,3,SD,0.131162
2009,3,TN,0.031569
2009,3,TX,0.087744
2009,3,UT,0.070731
2009,3,VA,0.037558
2009,3,VT,0.021899
2009,3,WA,0.041208
2009,3,WI,0.053162
2009,3,WV,0.021316
2009,3,WY,0.110657
2009,4,AL,0.024386
2009,4,AR,0.051449
2009,4,AZ,0.073502
2009,4,CA,0.052897
2009,4,CO,0.102995
2009,4,CT,0.050179
2009,4,DE,0.069238
2009,4,FL,0.051806
2009,4,GA,0.024262
2009,4,IA,0.10329
2009,4,ID,0.0451
2009,4,IL,0.087321
2009,4,IN,0.08438
2009,4,KS,0.149827
2009,4,KY,0.037904
2009,4,LA,0.046629
2009,4,MA,0.054497
2009,4,MD,0.047696
2009,4,ME,0.037573
2009,4,MI,0.065041
2009,4,MN,0.061073
2009,4,MO,0.069448
2009,4,MS,0.043012
2009,4,MT,0.066568
2009,4,NC,0.027534
2009,4,ND,0.08283
2009,4,NE,0.127
2009,4,NH,0.051742
2009,4,NJ,0.06375
2009,4,NM,0.126141
2009,4,NV,0.083884
2009,4,NY,0.065334
2009,4,OH,0.083806
2009,4,OK,0.131527
2009,4,OR,0.030483
2009,4,PA,0.048315
2009,4,RI,0.041454
2009,4,SC,0.027301
2009,4,SD,0.109373
2009,4,TN,0.028105
2009,4,TX,0.108137
2009,4,UT,0.067717
2009,4,VA,0.039721
2009,4,VT,0.027951
2009,4,WA,0.026132
2009,4,WI,0.051725
2009,4,WV,0.024728
2009,4,WY,0.077916
2009,5,AL,0.013387
2009,5,AR,0.018503
2009,5,AZ,0.031594
2009,5,CA,0.041167
2009,5,CO,0.064913
2009,5,CT,0.023648
2009,5,DE,0.030189
2009,5,FL,0.031118
2009,5,GA,0.015893
2009,5,IA,0.070445
2009,5,ID,0.041068
2009,5,IL,0.033191
2009,5,IN,0.030234
2009,5,KS,0.063547
2009,5,KY,0.011977
2009,5,LA,0.019564
2009,5,MA,0.031528
2009,5,MD,0.025578
2009,5,ME,0.023289
2009,5,MI,0.047408
2009,5,MN,0.07861
2009,5,MO,0.021699
2009,5,MS,0.024365
2009,5,MT,0.075607
2009,5,NC,0.019832
2009,5,ND,0.097501
2009,5,NE,0.081871
2009,5,NH,0.048233
2009,5,NJ,0.026415
2009,5,NM,0.061922
2009,5,NV,0.044947
2009,5,NY,0.036247
2009,5,OH,0.034981
2009,5,OK,0.041105
2009,5,OR,0.034195
2009,5,PA,0.017706
2009,5,RI,0.019046
2009,5,SC,0.021624
2009,5,SD,0.09656
2009,5,TN,0.011372
2009,5,TX,0.052113
2009,5,UT,0.037377
2009,5,VA,0.021186
2009,5,VT,0.019822
2009,5,WA,0.030073
2009,5,WI,0.046648
2009,5,WV,0.008492
2009,5,WY,0.070565
2009,6,AL,0.005127
2009,6,AR,0.014999
2009,6,AZ,0.041551
2009,6,CA,0.036258
2009,6,CO,0.05004
2009,6,CT,0.013865
2009,6,DE,0.018643
2009,6,FL,0.020273
2009,6,GA,0.006757
2009,6,IA,0.030158
2009,6,ID,0.020748
2009,6,IL,0.024064
2009,6,IN,0.022107
2009,6,KS,0.052722
2009,6,KY,0.010517
2009,6,LA,0.008554
2009,6,MA,0.018203
2009,6,MD,0.017529
2009,6,ME,0.013788
2009,6,MI,0.020041
2009,6,MN,0.033462
2009,6,MO,0.021915
2009,6,MS,0.009537
2009,6,MT,0.037988
2009,6,NC,0.008602
2009,6,ND,0.04688
2009,6,NE,0.03172
2009,6,NH,0.029175
2009,6,NJ,0.011641
2009,6,NM,0.064723
2009,6,NV,0.046104
2009,6,NY,0.01285
2009,6,OH,0.022511
2009,6,OK,0.051391
2009,6,OR,0.019926
2009,6,PA,0.008547
2009,6,RI,0.019309
2009,6,SC,0.006481
2009,6,SD,0.039659
2009,6,TN,0.008349
2009,6,TX,0.052056
2009,6,UT,0.043758
2009,6,VA,0.014003
2009,6,VT,0.006854
2009,6,WA,0.024577
2009,6,WI,0.020352
2009,6,WV,0.006063
2009,6,WY,0.041807
2009,7,AL,0.005479
2009,7,AR,0.008461
2009,7,AZ,0.035061
2009,7,CA,0.03022
2009,7,CO,0.044529
2009,7,CT,0.016094
2009,7,DE,0.015719
2009,7,FL,0.015248
2009,7,GA,0.007401
2009,7,IA,0.017744
2009,7,ID,0.019458
2009,7,IL,0.011325
2009,7,IN,0.011983
2009,7,KS,0.037645
2009,7,KY,0.006813
2009,7,LA,0.010371
2009,7,MA,0.020309
2009,7,MD,0.015434
2009,7,ME,0.007447
2009,7,MI,0.020376
2009,7,MN,0.026822
2009,7,MO,0.01108
2009,7,MS,0.0117
2009,7,MT,0.040566
2009,7,NC,0.012385
2009,7,ND,0.048456
2009,7,NE,0.022577
2009,7,NH,0.035884
2009,7,NJ,0.014091
2009,7,NM,0.043258
2009,7,NV,0.040197
2009,7,NY,0.017502
2009,7,OH,0.018717
2009,7,OK,0.035162
2009,7,OR,0.0195
2009,7,PA,0.00804
2009,7,RI,0.018074
2009,7,SC,0.011923
2009,7,SD,0.038593
2009,7,TN,0.006457
2009,7,TX,0.042277
2009,7,UT,0.036592
2009,7,VA,0.013987
2009,7,VT,0.006496
2009,7,WA,0.019236
2009,7,WI,0.015823
2009,7,WV,0.004245
2009,7,WY,0.040224
2009,8,AL,0.004007
2009,8,AR,0.008388
2009,8,AZ,0.026104
2009,8,CA,0.025858
2009,8,CO,0.044217
2009,8,CT,0.00872
2009,8,DE,0.00835
2009,8,FL,0.013657
2009,8,GA,0.003755
2009,8,IA,0.022027
2009,8,ID,0.016529
2009,8,IL,0.017025
2009,8,IN,0.022868
2009,8,KS,0.05819
2009,8,KY,0.006812
2009,8,LA,0.004484
2009,8,MA,0.01221
2009,8,MD,0.007705
2009,8,ME,0.009066
2009,8,MI,0.028762
2009,8,MN,0.022177
2009,8,MO,0.016041
2009,8,MS,0.006534
2009,8,MT,0.040075
2009,8,NC,0.006267
2009,8,ND,0.042824
2009,8,NE,0.036422
2009,8,NH,0.035828
2009,8,NJ,0.008658
2009,8,NM,0.04356
2009,8,NV,0.037812
2009,8,NY,0.012087
2009,8,OH,0.022506
2009,8,OK,0.043024
2009,8,OR,0.015929
2009,8,PA,0.005858
2009,8,RI,0.009502
2009,8,SC,0.005156
2009,8,SD,0.046351
2009,8,TN,0.00423
2009,8,TX,0.033541
2009,8,UT,0.039234
2009,8,VA,0.007825
2009,8,VT,0.004378
2009,8,WA,0.017049
2009,8,WI,0.019524
2009,8,WV,0.00279
2009,8,WY,0.033918
2009,9,AL,0.00305
2009,9,AR,0.007517
2009,9,AZ,0.027964
2009,9,CA,0.021167
2009,9,CO,0.047268
2009,9,CT,0.020602
2009,9,DE,0.036974
2009,9,FL,0.010674
2009,9,GA,0.005663
2009,9,IA,0.015986
2009,9,ID,0.023479
2009,9,IL,0.013967
2009,9,IN,0.020944
2009,9,KS,0.032873
2009,9,KY,0.007121
2009,9,LA,0.00724
2009,9,MA,0.023288
2009,9,MD,0.022218
2009,9,ME,0.010772
2009,9,MI,0.022813
2009,9,MN,0.025517
2009,9,MO,0.009142
2009,9,MS,0.009739
2009,9,MT,0.053232
2009,9,NC,0.009792
2009,9,ND,0.074181
2009,9,NE,0.037646
2009,9,NH,0.030372
2009,9,NJ,0.022075
2009,9,NM,0.037211
2009,9,NV,0.033445
2009,9,NY,0.019519
2009,9,OH,0.028205
2009,9,OK,0.027984
2009,9,OR,0.019312
2009,9,PA,0.010792
2009,9,RI,0.022146
2009,9,SC,0.008047
2009,9,SD,0.072835
2009,9,TN,0.004046
2009,9,TX,0.023825
2009,9,UT,0.037778
2009,9,VA,0.019835
2009,9,VT,0.004477
2009,9,WA,0.018974
2009,9,WI,0.018036
2009,9,WV,0.00611
2009,9,WY,0.04847
2009,10,AL,0.009967
2009,10,AR,0.018926
2009,10,AZ,0.041962
2009,10,CA,0.036099
2009,10,CO,0.081848
2009,10,CT,0.038766
2009,10,DE,0.052535
2009,10,FL,0.020068
2009,10,GA,0.006136
2009,10,IA,0.047348
2009,10,ID,0.032644
2009,10,IL,0.03521
2009,10,IN,0.039781
2009,10,KS,0.085592
2009,10,KY,0.016425
2009,10,LA,0.027855
2009,10,MA,0.046785
2009,10,MD,0.031757
2009,10,ME,0.016195
2009,10,MI,0.052708
2009,10,MN,0.03523
2009,10,MO,0.031743
2009,10,MS,0.021465
2009,10,MT,0.082391
2009,10,NC,0.010812
2009,10,ND,0.066688
2009,10,NE,0.078979
2009,10,NH,0.043154
2009,10,NJ,0.030729
2009,10,NM,0.06522
2009,10,NV,0.051016
2009,10,NY,0.03649
2009,10,OH,0.045592
2009,10,OK,0.067004
2009,10,OR,0.023042
2009,10,PA,0.018533
2009,10,RI,0.05455
2009,10,SC,0.007269
2009,10,SD,0.083042
2009,10,TN,0.011047
2009,10,TX,0.056963
2009,10,UT,0.049474
2009,10,VA,0.02501
2009,10,VT,0.013292
2009,10,WA,0.028439
2009,10,WI,0.041312
2009,10,WV,0.01043
2009,10,WY,0.074712
2009,11,AL,0.008829
2009,11,AR,0.013413
2009,11,AZ,0.022423
2009,11,CA,0.020015
2009,11,CO,0.049215
2009,11,CT,0.040228
2009,11,DE,0.075395
2009,11,FL,0.029809
2009,11,GA,0.00827
2009,11,IA,0.040996
2009,11,ID,0.028025
2009,11,IL,0.031184
2009,11,IN,0.030776
2009,11,KS,0.058499
2009,11,KY,0.009986
2009,11,LA,0.021688
2009,11,MA,0.047694
2009,11,MD,0.043254
2009,11,ME,0.017331
2009,11,MI,0.029604
2009,11,MN,0.027675
2009,11,MO,0.024779
2009,11,MS,0.017508
2009,11,MT,0.080567
2009,11,NC,0.022528
2009,11,ND,0.036279
2009,11,NE,0.039699
2009,11,NH,0.036285
2009,11,NJ,0.049286
2009,11,NM,0.03154
2009,11,NV,0.032714
2009,11,NY,0.032447
2009,11,OH,0.038789
2009,11,OK,0.043046
2009,11,OR,0.03842
2009,11,PA,0.01952
2009,11,RI,0.051423
2009,11,SC,0.013792
2009,11,SD,0.045789
2009,11,TN,0.006559
2009,11,TX,0.028062
2009,11,UT,0.024762
2009,11,VA,0.043151
2009,11,VT,0.011658
2009,11,WA,0.053871
2009,11,WI,0.023363
2009,11,WV,0.008641
2009,11,WY,0.044467
2009,12,AL,0.020728
2009,12,AR,0.029146
2009,12,AZ,0.035329
2009,12,CA,0.021545
2009,12,CO,0.063698
2009,12,CT,0.072407
2009,12,DE,0.087591
2009,12,FL,0.033606
2009,12,GA,0.015217
2009,12,IA,0.066343
2009,12,ID,0.022102
2009,12,IL,0.068217
2009,12,IN,0.071715
2009,12,KS,0.095962
2009,12,KY,0.030283
2009,12,LA,0.047932
2009,12,MA,0.087345
2009,12,MD,0.05657
2009,12,ME,0.041597
2009,12,MI,0.061135
2009,12,MN,0.040708
2009,12,MO,0.043951
2009,12,MS,0.036722
2009,12,MT,0.063012
2009,12,NC,0.023275
2009,12,ND,0.082795
2009,12,NE,0.101579
2009,12,NH,0.055029
2009,12,NJ,0.073977
2009,12,NM,0.055223
2009,12,NV,0.024635
2009,12,NY,0.073689
2009,12,OH,0.077744
2009,12,OK,0.063117
2009,12,OR,0.031539
2009,12,PA,0.047936
2009,12,RI,0.074939
2009,12,SC,0.019005
2009,12,SD,0.102102
2009,12,TN,0.02313
2009,12,TX,0.045686
2009,12,UT,0.018742
2009,12,VA,0.040421
2009,12,VT,0.024178
2009,12,WA,0.019947
2009,12,WI,0.045368
2009,12,WV,0.027404
2009,12,WY,0.06918
2010,1,AL,0.018796
2010,1,AR,0.025568
2010,1,AZ,0.028477
2010,1,CA,0.030384
2010,1,CO,0.036123
2010,1,CT,0.054071
2010,1,DE,0.086911
2010,1,FL,0.037005
2010,1,GA,0.018754
2010,1,IA,0.070522
2010,1,ID,0.030985
2010,1,IL,0.045229
2010,1,IN,0.055865
2010,1,KS,0.059554
2010,1,KY,0.017429
2010,1,LA,0.049334
2010,1,MA,0.064584
2010,1,MD,0.069084
2010,1,ME,0.046169
2010,1,MI,0.05703
2010,1,MN,0.051294
2010,1,MO,0.029532
2010,1,MS,0.036144
2010,1,MT,0.066952
2010,1,NC,0.028797
2010,1,ND,0.100032
2010,1,NE,0.076746
2010,1,NH,0.058526
2010,1,NJ,0.068356
2010,1,NM,0.05395
2010,1,NV,0.023014
2010,1,NY,0.059112
2010,1,OH,0.061606
2010,1,OK,0.045355
2010,1,OR,0.048524
2010,1,PA,0.043761
2010,1,RI,0.065055
2010,1,SC,0.020344
2010,1,SD,0.104332
2010,1,TN,0.015245
2010,1,TX,0.053512
2010,1,UT,0.016134
2010,1,VA,0.051136
2010,1,VT,0.018774
2010,1,WA,0.027679
2010,1,WI,0.039661
2010,1,WV,0.018105
2010,1,WY,0.045608
2010,2,AL,0.014286
2010,2,AR,0.015811
2010,2,AZ,0.023575
2010,2,CA,0.023159
2010,2,CO,0.033641
2010,2,CT,0.05827
2010,2,DE,0.094577
2010,2,FL,0.039341
2010,2,GA,0.023695
2010,2,IA,0.040279
2010,2,ID,0.015475
2010,2,IL,0.037069
2010,2,IN,0.044397
2010,2,KS,0.049714
2010,2,KY,0.018556
2010,2,LA,0.049999
2010,2,MA,0.067802
2010,2,MD,0.073418
2010,2,ME,0.054555
2010,2,MI,0.039971
2010,2,MN,0.026564
2010,2,MO,0.02198
2010,2,MS,0.027596
2010,2,MT,0.026127
2010,2,NC,0.030903
2010,2,ND,0.04349
2010,2,NE,0.059101
2010,2,NH,0.060104
2010,2,NJ,0.069299
2010,2,NM,0.041218
2010,2,NV,0.014145
2010,2,NY,0.057234
2010,2,OH,0.046602
2010,2,OK,0.038543
2010,2,OR,0.024359
2010,2,PA,0.044379
2010,2,RI,0.057921
2010,2,SC,0.021199
2010,2,SD,0.057732
2010,2,TN,0.013621
2010,2,TX,0.049837
2010,2,UT,0.010759
2010,2,VA,0.056985
2010,2,VT,0.014908
2010,2,WA,0.012536
2010,2,WI,0.026609
2010,2,WV,0.021258
2010,2,WY,0.029983
2010,3,AL,0.018564
2010,3,AR,0.035555
2010,3,AZ,0.04587
2010,3,CA,0.039523
2010,3,CO,0.064572
2010,3,CT,0.071631
2010,3,DE,0.075215
2010,3,FL,0.042512
2010,3,GA,0.016366
2010,3,IA,0.051483
2010,3,ID,0.040012
2010,3,IL,0.044328
2010,3,IN,0.034459
2010,3,KS,0.10989
2010,3,KY,0.016609
2010,3,LA,0.052839
2010,3,MA,0.081397
2010,3,MD,0.046322
2010,3,ME,0.061027
2010,3,MI,0.029822
2010,3,MN,0.035361
2010,3,MO,0.038902
2010,3,MS,0.034251
2010,3,MT,0.05363
2010,3,NC,0.025422
2010,3,ND,0.048818
2010,3,NE,0.080786
2010,3,NH,0.067054
2010,3,NJ,0.068249
2010,3,NM,0.089818
2010,3,NV,0.065507
2010,3,NY,0.055143
2010,3,OH,0.034738
2010,3,OK,0.099324
2010,3,OR,0.042723
2010,3,PA,0.031934
2010,3,RI,0.082319
2010,3,SC,0.015848
2010,3,SD,0.070288
2010,3,TN,0.015961
2010,3,TX,0.075764
2010,3,UT,0.05436
2010,3,VA,0.03552
2010,3,VT,0.018834
2010,3,WA,0.031889
2010,3,WI,0.02529
2010,3,WV,0.009771
2010,3,WY,0.060762
2010,4,AL,0.013687
2010,4,AR,0.044445
2010,4,AZ,0.063627
2010,4,CA,0.051356
2010,4,CO,0.112792
2010,4,CT,0.032488
2010,4,DE,0.036102
2010,4,FL,0.034553
2010,4,GA,0.010981
2010,4,IA,0.087712
2010,4,ID,0.064441
2010,4,IL,0.075091
2010,4,IN,0.063141
2010,4,KS,0.151662
2010,4,KY,0.026906
2010,4,LA,0.050956
2010,4,MA,0.037345
2010,4,MD,0.032914
2010,4,ME,0.023657
2010,4,MI,0.056474
2010,4,MN,0.060671
2010,4,MO,0.061726
2010,4,MS,0.039731
2010,4,MT,0.109222
2010,4,NC,0.020077
2010,4,ND,0.104086
2010,4,NE,0.120391
2010,4,NH,0.05023
2010,4,NJ,0.0386
2010,4,NM,0.140057
2010,4,NV,0.09222
2010,4,NY,0.038083
2010,4,OH,0.056567
2010,4,OK,0.109083
2010,4,OR,0.044067
2010,4,PA,0.027662
2010,4,RI,0.035734
2010,4,SC,0.016898
2010,4,SD,0.112845
2010,4,TN,0.020606
2010,4,TX,0.082452
2010,4,UT,0.07545
2010,4,VA,0.025824
2010,4,VT,0.018609
2010,4,WA,0.050219
2010,4,WI,0.057937
2010,4,WV,0.016666
2010,4,WY,0.105393
2010,5,AL,0.01218
2010,5,AR,0.02298
2010,5,AZ,0.067372
2010,5,CA,0.054132
2010,5,CO,0.105767
2010,5,CT,0.031375
2010,5,DE,0.038556
2010,5,FL,0.025125
2010,5,GA,0.007765
2010,5,IA,0.079271
2010,5,ID,0.050506
2010,5,IL,0.044728
2010,5,IN,0.04191
2010,5,KS,0.086787
2010,5,KY,0.019392
2010,5,LA,0.040683
2010,5,MA,0.035199
2010,5,MD,0.033008
2010,5,ME,0.027568
2010,5,MI,0.038401
2010,5,MN,0.055047
2010,5,MO,0.027759
2010,5,MS,0.029062
2010,5,MT,0.090163
2010,5,NC,0.015165
2010,5,ND,0.106401
2010,5,NE,0.109524
2010,5,NH,0.056136
2010,5,NJ,0.042355
2010,5,NM,0.11162
2010,5,NV,0.085216
2010,5,NY,0.034984
2010,5,OH,0.043462
2010,5,OK,0.058594
2010,5,OR,0.031385
2010,5,PA,0.023594
2010,5,RI,0.032958
2010,5,SC,0.011154
2010,5,SD,0.122016
2010,5,TN,0.013345
2010,5,TX,0.067998
2010,5,UT,0.068365
2010,5,VA,0.025444
2010,5,VT,0.014725
2010,5,WA,0.035344
2010,5,WI,0.039719
2010,5,WV,0.012353
2010,5,WY,0.090743
2010,6,AL,0.004719
2010,6,AR,0.011983
2010,6,AZ,0.039286
2010,6,CA,0.04473
2010,6,CO,0.061288
2010,6,CT,0.015108
2010,6,DE,0.019112
2010,6,FL,0.018319
2010,6,GA,0.005606
2010,6,IA,0.036412
2010,6,ID,0.02807
2010,6,IL,0.021633
2010,6,IN,0.027767
2010,6,KS,0.077851
2010,6,KY,0.010486
2010,6,LA,0.022358
2010,6,MA,0.020568
2010,6,MD,0.01915
2010,6,ME,0.010713
2010,6,MI,0.023333
2010,6,MN,0.030224
2010,6,MO,0.022012
2010,6,MS,0.013302
2010,6,MT,0.047915
2010,6,NC,0.011887
2010,6,ND,0.065755
2010,6,NE,0.058409
2010,6,NH,0.049391
2010,6,NJ,0.025766
2010,6,NM,0.065024
2010,6,NV,0.063671
2010,6,NY,0.024801
2010,6,OH,0.032027
2010,6,OK,0.051085
2010,6,OR,0.026867
2010,6,PA,0.015532
2010,6,RI,0.02387
2010,6,SC,0.009981
2010,6,SD,0.06067
2010,6,TN,0.00882
2010,6,TX,0.054425
2010,6,UT,0.049009
2010,6,VA,0.014783
2010,6,VT,0.006522
2010,6,WA,0.022649
2010,6,WI,0.019869
2010,6,WV,0.006306
2010,6,WY,0.058165
2010,7,AL,0.005582
2010,7,AR,0.009115
2010,7,AZ,0.032101
2010,7,CA,0.03005
2010,7,CO,0.041788
2010,7,CT,0.012625
2010,7,DE,0.01249
2010,7,FL,0.019565
2010,7,GA,0.006112
2010,7,IA,0.019938
2010,7,ID,0.028845
2010,7,IL,0.013463
2010,7,IN,0.015174
2010,7,KS,0.053976
2010,7,KY,0.005411
2010,7,LA,0.029831
2010,7,MA,0.019363
2010,7,MD,0.014344
2010,7,ME,0.011195
2010,7,MI,0.018921
2010,7,MN,0.026762
2010,7,MO,0.016925
2010,7,MS,0.016279
2010,7,MT,0.038709
2010,7,NC,0.012194
2010,7,ND,0.042916
2010,7,NE,0.043744
2010,7,NH,0.045572
2010,7,NJ,0.017279
2010,7,NM,0.040058
2010,7,NV,0.041011
2010,7,NY,0.016541
2010,7,OH,0.016803
2010,7,OK,0.029144
2010,7,OR,0.028824
2010,7,PA,0.008378
2010,7,RI,0.017262
2010,7,SC,0.009689
2010,7,SD,0.05425
2010,7,TN,0.00515
2010,7,TX,0.037498
2010,7,UT,0.035591
2010,7,VA,0.014759
2010,7,VT,0.007153
2010,7,WA,0.023584
2010,7,WI,0.015931
2010,7,WV,0.003987
2010,7,WY,0.05343
2010,8,AL,0.004775
2010,8,AR,0.008735
2010,8,AZ,0.028222
2010,8,CA,0.027329
2010,8,CO,0.03534
2010,8,CT,0.019731
2010,8,DE,0.014752
2010,8,FL,0.018655
2010,8,GA,0.004418
2010,8,IA,0.018402
2010,8,ID,0.026324
2010,8,IL,0.009655
2010,8,IN,0.010134
2010,8,KS,0.053561
2010,8,KY,0.004303
2010,8,LA,0.021748
2010,8,MA,0.027586
2010,8,MD,0.012991
2010,8,ME,0.009922
2010,8,MI,0.026386
2010,8,MN,0.034717
2010,8,MO,0.011927
2010,8,MS,0.015452
2010,8,MT,0.041519
2010,8,NC,0.006114
2010,8,ND,0.062768
2010,8,NE,0.043712
2010,8,NH,0.045365
2010,8,NJ,0.017387
2010,8,NM,0.035736
2010,8,NV,0.055682
2010,8,NY,0.017304
2010,8,OH,0.014721
2010,8,OK,0.02983
2010,8,OR,0.022036
2010,8,PA,0.005057
2010,8,RI,0.036763
2010,8,SC,0.005383
2010,8,SD,0.058129
2010,8,TN,0.004622
2010,8,TX,0.024047
2010,8,UT,0.053018
2010,8,VA,0.009684
2010,8,VT,0.00604
2010,8,WA,0.021399
2010,8,WI,0.017608
2010,8,WV,0.002507
2010,8,WY,0.050566
2010,9,AL,0.003429
2010,9,AR,0.011413
2010,9,AZ,0.017257
2010,9,CA,0.01859
2010,9,CO,0.041826
2010,9,CT,0.028918
2010,9,DE,0.034503
2010,9,FL,0.020711
2010,9,GA,0.003346
2010,9,IA,0.045593
2010,9,ID,0.025763
2010,9,IL,0.033946
2010,9,IN,0.043817
2010,9,KS,0.077098
2010,9,KY,0.010356
2010,9,LA,0.029199
2010,9,MA,0.034882
2010,9,MD,0.027254
2010,9,ME,0.014696
2010,9,MI,0.06288
2010,9,MN,0.044384
2010,9,MO,0.02399
2010,9,MS,0.015326
2010,9,MT,0.045046
2010,9,NC,0.013627
2010,9,ND,0.068231
2010,9,NE,0.056618
2010,9,NH,0.05411
2010,9,NJ,0.033373
2010,9,NM,0.035141
2010,9,NV,0.033928
2010,9,NY,0.032583
2010,9,OH,0.04883
2010,9,OK,0.051484
2010,9,OR,0.013709
2010,9,PA,0.017782
2010,9,RI,0.040606
2010,9,SC,0.005476
2010,9,SD,0.075911
2010,9,TN,0.005469
2010,9,TX,0.035578
2010,9,UT,0.035807
2010,9,VA,0.020752
2010,9,VT,0.009916
2010,9,WA,0.015317
2010,9,WI,0.039821
2010,9,WV,0.008667
2010,9,WY,0.056597
2010,10,AL,0.009914
2010,10,AR,0.016749
2010,10,AZ,0.026727
2010,10,CA,0.02178
2010,10,CO,0.043681
2010,10,CT,0.045136
2010,10,DE,0.052145
2010,10,FL,0.017678
2010,10,GA,0.005609
2010,10,IA,0.060251
2010,10,ID,0.023113
2010,10,IL,0.050642
2010,10,IN,0.053842
2010,10,KS,0.051969
2010,10,KY,0.016638
2010,10,LA,0.033209
2010,10,MA,0.060077
2010,10,MD,0.038428
2010,10,ME,0.035943
2010,10,MI,0.063796
2010,10,MN,0.061784
2010,10,MO,0.026571
2010,10,MS,0.024132
2010,10,MT,0.049932
2010,10,NC,0.015624
2010,10,ND,0.093531
2010,10,NE,0.059289
2010,10,NH,0.054364
2010,10,NJ,0.04512
2010,10,NM,0.042226
2010,10,NV,0.027398
2010,10,NY,0.044215
2010,10,OH,0.052712
2010,10,OK,0.030921
2010,10,OR,0.022575
2010,10,PA,0.022342
2010,10,RI,0.061914
2010,10,SC,0.006889
2010,10,SD,0.094836
2010,10,TN,0.011601
2010,10,TX,0.034661
2010,10,UT,0.02539
2010,10,VA,0.027762
2010,10,VT,0.016277
2010,10,WA,0.022407
2010,10,WI,0.050461
2010,10,WV,0.010589
2010,10,WY,0.059593
2010,11,AL,0.012185
2010,11,AR,0.030662
2010,11,AZ,0.037585
2010,11,CA,0.027524
2010,11,CO,0.06236
2010,11,CT,0.044592
2010,11,DE,0.045585
2010,11,FL,0.023409
2010,11,GA,0.00809
2010,11,IA,0.083479
2010,11,ID,0.047131
2010,11,IL,0.053454
2010,11,IN,0.05243
2010,11,KS,0.096968
2010,11,KY,0.0205
2010,11,LA,0.05848
2010,11,MA,0.057593
2010,11,MD,0.029941
2010,11,ME,0.040521
2010,11,MI,0.071626
2010,11,MN,0.058552
2010,11,MO,0.04419
2010,11,MS,0.03096
2010,11,MT,0.073761
2010,11,NC,0.012855
2010,11,ND,0.097813
2010,11,NE,0.081448
2010,11,NH,0.057383
2010,11,NJ,0.038579
2010,11,NM,0.065877
2010,11,NV,0.046915
2010,11,NY,0.048359
2010,11,OH,0.05134
2010,11,OK,0.07938
2010,11,OR,0.03313
2010,11,PA,0.023774
2010,11,RI,0.062946
2010,11,SC,0.007014
2010,11,SD,0.092662
2010,11,TN,0.014132
2010,11,TX,0.071265
2010,11,UT,0.042443
2010,11,VA,0.020568
2010,11,VT,0.021226
2010,11,WA,0.036299
2010,11,WI,0.048611
2010,11,WV,0.012432
2010,11,WY,0.084353
2010,12,AL,0.020795
2010,12,AR,0.029813
2010,12,AZ,0.028222
2010,12,CA,0.030125
2010,12,CO,0.05401
2010,12,CT,0.088295
2010,12,DE,0.110302
2010,12,FL,0.041163
2010,12,GA,0.025119
2010,12,IA,0.070347
2010,12,ID,0.045146
2010,12,IL,0.053242
2010,12,IN,0.052025
2010,12,KS,0.064852
2010,12,KY,0.020424
2010,12,LA,0.074418
2010,12,MA,0.086707
2010,12,MD,0.093562
2010,12,ME,0.061716
2010,12,MI,0.068976
2010,12,MN,0.044523
2010,12,MO,0.041203
2010,12,MS,0.04619
2010,12,MT,0.060439
2010,12,NC,0.029497
2010,12,ND,0.087928
2010,12,NE,0.071039
2010,12,NH,0.067485
2010,12,NJ,0.095137
2010,12,NM,0.060067
2010,12,NV,0.032606
2010,12,NY,0.078543
2010,12,OH,0.070382
2010,12,OK,0.048212
2010,12,OR,0.054136
2010,12,PA,0.06024
2010,12,RI,0.092637
2010,12,SC,0.01786
2010,12,SD,0.08262
2010,12,TN,0.022472
2010,12,TX,0.060253
2010,12,UT,0.025487
2010,12,VA,0.058886
2010,12,VT,0.024762
2010,12,WA,0.034571
2010,12,WI,0.04654
2010,12,WV,0.018534
2010,12,WY,0.064049
2011,1,AL,0.016354
2011,1,AR,0.015925
2011,1,AZ,0.019236
2011,1,CA,0.014331
2011,1,CO,0.048427
2011,1,CT,0.034914
2011,1,DE,0.04986
2011,1,FL,0.026505
2011,1,GA,0.013823
2011,1,IA,0.057272
2011,1,ID,0.020209
2011,1,IL,0.036651
2011,1,IN,0.040152
2011,1,KS,0.050404
2011,1,KY,0.015856
2011,1,LA,0.059992
2011,1,MA,0.044846
2011,1,MD,0.0366
2011,1,ME,0.033588
2011,1,MI,0.042153
2011,1,MN,0.037984
2011,1,MO,0.022859
2011,1,MS,0.030129
2011,1,MT,0.108455
2011,1,NC,0.015477
2011,1,ND,0.096055
2011,1,NE,0.068051
2011,1,NH,0.044498
2011,1,NJ,0.037469
2011,1,NM,0.048817
2011,1,NV,0.015374
2011,1,NY,0.032838
2011,1,OH,0.040136
2011,1,OK,0.035768
2011,1,OR,0.028889
2011,1,PA,0.021801
2011,1,RI,0.045766
2011,1,SC,0.011391
2011,1,SD,0.096642
2011,1,TN,0.011584
2011,1,TX,0.043513
2011,1,UT,0.010666
2011,1,VA,0.026544
2011,1,VT,0.008392
2011,1,WA,0.02753
2011,1,WI,0.026985
2011,1,WV,0.013058
2011,1,WY,0.098503
2011,2,AL,0.025524
2011,2,AR,0.041411
2011,2,AZ,0.049139
2011,2,CA,0.038785
2011,2,CO,0.075804
2011,2,CT,0.059758
2011,2,DE,0.078922
2011,2,FL,0.020935
2011,2,GA,0.013243
2011,2,IA,0.078437
2011,2,ID,0.042441
2011,2,IL,0.070746
2011,2,IN,0.07188
2011,2,KS,0.097203
2011,2,KY,0.042537
2011,2,LA,0.070619
2011,2,MA,0.074418
2011,2,MD,0.070643
2011,2,ME,0.044343
2011,2,MI,0.084341
2011,2,MN,0.062647
2011,2,MO,0.04864
2011,2,MS,0.040776
2011,2,MT,0.114462
2011,2,NC,0.030817
2011,2,ND,0.117585
2011,2,NE,0.087279
2011,2,NH,0.065097
2011,2,NJ,0.074304
2011,2,NM,0.092201
2011,2,NV,0.063426
2011,2,NY,0.078148
2011,2,OH,0.083284
2011,2,OK,0.088468
2011,2,OR,0.042423
2011,2,PA,0.060689
2011,2,RI,0.067213
2011,2,SC,0.019682
2011,2,SD,0.100024
2011,2,TN,0.032408
2011,2,TX,0.089442
2011,2,UT,0.05415
2011,2,VA,0.054659
2011,2,VT,0.02911
2011,2,WA,0.046161
2011,2,WI,0.060632
2011,2,WV,0.038802
2011,2,WY,0.113437
2011,3,AL,0.024343
2011,3,AR,0.039526
2011,3,AZ,0.042318
2011,3,CA,0.049201
2011,3,CO,0.084511
2011,3,CT,0.059845
2011,3,DE,0.056191
2011,3,FL,0.036705
2011,3,GA,0.020096
2011,3,IA,0.068163
2011,3,ID,0.052761
2011,3,IL,0.056383
2011,3,IN,0.056064
2011,3,KS,0.087377
2011,3,KY,0.032631
2011,3,LA,0.050785
2011,3,MA,0.059059
2011,3,MD,0.041465
2011,3,ME,0.043566
2011,3,MI,0.044499
2011,3,MN,0.055368
2011,3,MO,0.04766
2011,3,MS,0.042036
2011,3,MT,0.073506
2011,3,NC,0.025672
2011,3,ND,0.096684
2011,3,NE,0.07398
2011,3,NH,0.056101
2011,3,NJ,0.057137
2011,3,NM,0.090348
2011,3,NV,0.070478
2011,3,NY,0.063599
2011,3,OH,0.05258
2011,3,OK,0.08082
2011,3,OR,0.050648
2011,3,PA,0.033219
2011,3,RI,0.067959
2011,3,SC,0.022305
2011,3,SD,0.088622
2011,3,TN,0.02497
2011,3,TX,0.072623
2011,3,UT,0.048485
2011,3,VA,0.032778
2011,3,VT,0.032105
2011,3,WA,0.048809
2011,3,WI,0.039775
2011,3,WV,0.018338
2011,3,WY,0.106058
2011,4,AL,0.032674
2011,4,AR,0.073643
2011,4,AZ,0.07521
2011,4,CA,0.054868
2011,4,CO,0.120046
2011,4,CT,0.051372
2011,4,DE,0.071148
2011,4,FL,0.029501
2011,4,GA,0.020274
2011,4,IA,0.127554
2011,4,ID,0.056827
2011,4,IL,0.1009
2011,4,IN,0.100707
2011,4,KS,0.145435
2011,4,KY,0.05941
2011,4,LA,0.092924
2011,4,MA,0.062952
2011,4,MD,0.062102
2011,4,ME,0.036764
2011,4,MI,0.076631
2011,4,MN,0.070077
2011,4,MO,0.073365
2011,4,MS,0.064732
2011,4,MT,0.087775
2011,4,NC,0.040641
2011,4,ND,0.081166
2011,4,NE,0.135528
2011,4,NH,0.057056
2011,4,NJ,0.06067
2011,4,NM,0.167801
2011,4,NV,0.078702
2011,4,NY,0.06828
2011,4,OH,0.101038
2011,4,OK,0.13168
2011,4,OR,0.036586
2011,4,PA,0.045891
2011,4,RI,0.071493
2011,4,SC,0.030713
2011,4,SD,0.124945
2011,4,TN,0.044392
2011,4,TX,0.127961
2011,4,UT,0.060732
2011,4,VA,0.056656
2011,4,VT,0.032617
2011,4,WA,0.04218
2011,4,WI,0.064355
2011,4,WV,0.036979
2011,4,WY,0.134152
2011,5,AL,0.012445
2011,5,AR,0.04116
2011,5,AZ,0.070866
2011,5,CA,0.056795
2011,5,CO,0.099002
2011,5,CT,0.02238
2011,5,DE,0.020038
2011,5,FL,0.024314
2011,5,GA,0.009335
2011,5,IA,0.098988
2011,5,ID,0.050941
2011,5,IL,0.057601
2011,5,IN,0.041341
2011,5,KS,0.120129
2011,5,KY,0.016463
2011,5,LA,0.064369
2011,5,MA,0.032348
2011,5,MD,0.021957
2011,5,ME,0.026238
2011,5,MI,0.043201
2011,5,MN,0.068661
2011,5,MO,0.042279
2011,5,MS,0.033698
2011,5,MT,0.085496
2011,5,NC,0.010509
2011,5,ND,0.126944
2011,5,NE,0.112406
2011,5,NH,0.045637
2011,5,NJ,0.024867
2011,5,NM,0.132603
2011,5,NV,0.083055
2011,5,NY,0.02584
2011,5,OH,0.034092
2011,5,OK,0.111765
2011,5,OR,0.026432
2011,5,PA,0.012726
2011,5,RI,0.049336
2011,5,SC,0.009954
2011,5,SD,0.119242
2011,5,TN,0.015468
2011,5,TX,0.111117
2011,5,UT,0.052232
2011,5,VA,0.0161
2011,5,VT,0.01607
2011,5,WA,0.025949
2011,5,WI,0.055153
2011,5,WV,0.006399
2011,5,WY,0.088058
2011,6,AL,0.012555
2011,6,AR,0.028828
2011,6,AZ,0.053947
2011,6,CA,0.038013
2011,6,CO,0.078103
2011,6,CT,0.01702
2011,6,DE,0.015954
2011,6,FL,0.021099
2011,6,GA,0.008749
2011,6,IA,0.061107
2011,6,ID,0.03483
2011,6,IL,0.032852
2011,6,IN,0.031383
2011,6,KS,0.117939
2011,6,KY,0.013665
2011,6,LA,0.028929
2011,6,MA,0.018424
2011,6,MD,0.014781
2011,6,ME,0.012841
2011,6,MI,0.034293
2011,6,MN,0.050276
2011,6,MO,0.034643
2011,6,MS,0.020091
2011,6,MT,0.060433
2011,6,NC,0.014224
2011,6,ND,0.081841
2011,6,NE,0.083054
2011,6,NH,0.039136
2011,6,NJ,0.017766
2011,6,NM,0.108555
2011,6,NV,0.066762
2011,6,NY,0.023412
2011,6,OH,0.0298
2011,6,OK,0.124732
2011,6,OR,0.021348
2011,6,PA,0.01126
2011,6,RI,0.026873
2011,6,SC,0.011881
2011,6,SD,0.07458
2011,6,TN,0.011543
2011,6,TX,0.083468
2011,6,UT,0.056275
2011,6,VA,0.013073
2011,6,VT,0.010983
2011,6,WA,0.027398
2011,6,WI,0.033367
2011,6,WV,0.005608
2011,6,WY,0.077683
2011,7,AL,0.00724
2011,7,AR,0.012593
2011,7,AZ,0.034543
2011,7,CA,0.027994
2011,7,CO,0.037728
2011,7,CT,0.011609
2011,7,DE,0.010316
2011,7,FL,0.013012
2011,7,GA,0.005757
2011,7,IA,0.014123
2011,7,ID,0.022163
2011,7,IL,0.011115
2011,7,IN,0.011187
2011,7,KS,0.041998
2011,7,KY,0.004297
2011,7,LA,0.012439
2011,7,MA,0.016793
2011,7,MD,0.010705
2011,7,ME,0.010249
2011,7,MI,0.015808
2011,7,MN,0.017353
2011,7,MO,0.01011
2011,7,MS,0.008521
2011,7,MT,0.046082
2011,7,NC,0.012248
2011,7,ND,0.042954
2011,7,NE,0.028866
2011,7,NH,0.045491
2011,7,NJ,0.016519
2011,7,NM,0.047608
2011,7,NV,0.048259
2011,7,NY,0.016213
2011,7,OH,0.01517
2011,7,OK,0.02761
2011,7,OR,0.023266
2011,7,PA,0.006426
2011,7,RI,0.022317
2011,7,SC,0.010096
2011,7,SD,0.039587
2011,7,TN,0.00401
2011,7,TX,0.036892
2011,7,UT,0.03376
2011,7,VA,0.009491
2011,7,VT,0.005453
2011,7,WA,0.020498
2011,7,WI,0.014984
2011,7,WV,0.002931
2011,7,WY,0.040837
2011,8,AL,0.007335
2011,8,AR,0.011084
2011,8,AZ,0.024127
2011,8,CA,0.023188
2011,8,CO,0.034068
2011,8,CT,0.024069
2011,8,DE,0.037621
2011,8,FL,0.018005
2011,8,GA,0.007402
2011,8,IA,0.010915
2011,8,ID,0.014778
2011,8,IL,0.010729
2011,8,IN,0.016598
2011,8,KS,0.038543
2011,8,KY,0.006523
2011,8,LA,0.012978
2011,8,MA,0.027453
2011,8,MD,0.033589
2011,8,ME,0.014272
2011,8,MI,0.022662
2011,8,MN,0.016305
2011,8,MO,0.01446
2011,8,MS,0.007102
2011,8,MT,0.034516
2011,8,NC,0.019787
2011,8,ND,0.039313
2011,8,NE,0.026517
2011,8,NH,0.039759
2011,8,NJ,0.031103
2011,8,NM,0.033597
2011,8,NV,0.032814
2011,8,NY,0.025216
2011,8,OH,0.021697
2011,8,OK,0.034984
2011,8,OR,0.018626
2011,8,PA,0.01271
2011,8,RI,0.034209
2011,8,SC,0.010991
2011,8,SD,0.034444
2011,8,TN,0.005123
2011,8,TX,0.032497
2011,8,UT,0.034095
2011,8,VA,0.027297
2011,8,VT,0.010233
2011,8,WA,0.017452
2011,8,WI,0.012634
2011,8,WV,0.004896
2011,8,WY,0.040973
2011,9,AL,0.019207
2011,9,AR,0.014405
2011,9,AZ,0.021267
2011,9,CA,0.016903
2011,9,CO,0.030885
2011,9,CT,0.015958
2011,9,DE,0.018598
2011,9,FL,0.015689
2011,9,GA,0.007083
2011,9,IA,0.025491
2011,9,ID,0.012461
2011,9,IL,0.026897
2011,9,IN,0.033231
2011,9,KS,0.042209
2011,9,KY,0.012125
2011,9,LA,0.058585
2011,9,MA,0.015312
2011,9,MD,0.013831
2011,9,ME,0.007291
2011,9,MI,0.03572
2011,9,MN,0.033088
2011,9,MO,0.014174
2011,9,MS,0.029596
2011,9,MT,0.041592
2011,9,NC,0.010715
2011,9,ND,0.070292
2011,9,NE,0.026382
2011,9,NH,0.036366
2011,9,NJ,0.015245
2011,9,NM,0.037705
2011,9,NV,0.018834
2011,9,NY,0.015668
2011,9,OH,0.030337
2011,9,OK,0.037079
2011,9,OR,0.015579
2011,9,PA,0.006093
2011,9,RI,0.02533
2011,9,SC,0.009192
2011,9,SD,0.05856
2011,9,TN,0.012355
2011,9,TX,0.040407
2011,9,UT,0.021305
2011,9,VA,0.011497
2011,9,VT,0.004869
2011,9,WA,0.017992
2011,9,WI,0.032578
2011,9,WV,0.003852
2011,9,WY,0.033948
2011,10,AL,0.020589
2011,10,AR,0.016401
2011,10,AZ,0.022293
2011,10,CA,0.016908
2011,10,CO,0.059631
2011,10,CT,0.040617
2011,10,DE,0.041212
2011,10,FL,0.034065
2011,10,GA,0.014483
2011,10,IA,0.04743
2011,10,ID,0.020603
2011,10,IL,0.036979
2011,10,IN,0.045574
2011,10,KS,0.086719
2011,10,KY,0.014598
2011,10,LA,0.061107
2011,10,MA,0.045369
2011,10,MD,0.0352
2011,10,ME,0.025585
2011,10,MI,0.06183
2011,10,MN,0.049679
2011,10,MO,0.025736
2011,10,MS,0.023444
2011,10,MT,0.054949
2011,10,NC,0.02075
2011,10,ND,0.081943
2011,10,NE,0.06796
2011,10,NH,0.047117
2011,10,NJ,0.034745
2011,10,NM,0.048348
2011,10,NV,0.02667
2011,10,NY,0.039246
2011,10,OH,0.051438
2011,10,OK,0.058648
2011,10,OR,0.014658
2011,10,PA,0.019962
2011,10,RI,0.050759
2011,10,SC,0.017659
2011,10,SD,0.076513
2011,10,TN,0.011003
2011,10,TX,0.053938
2011,10,UT,0.027639
2011,10,VA,0.028232
2011,10,VT,0.01147
2011,10,WA,0.01632
2011,10,WI,0.045302
2011,10,WV,0.014479
2011,10,WY,0.068341
2011,11,AL,0.028919
2011,11,AR,0.048997
2011,11,AZ,0.03277
2011,11,CA,0.022313
2011,11,CO,0.071861
2011,11,CT,0.031795
2011,11,DE,0.038193
2011,11,FL,0.033217
2011,11,GA,0.012901
2011,11,IA,0.08472
2011,11,ID,0.04624
2011,11,IL,0.095375
2011,11,IN,0.088901
2011,11,KS,0.116331
2011,11,KY,0.035341
2011,11,LA,0.07963
2011,11,MA,0.041288
2011,11,MD,0.036927
2011,11,ME,0.019226
2011,11,MI,0.071454
2011,11,MN,0.059594
2011,11,MO,0.064536
2011,11,MS,0.041072
2011,11,MT,0.095486
2011,11,NC,0.023922
2011,11,ND,0.088123
2011,11,NE,0.085846
2011,11,NH,0.050615
2011,11,NJ,0.030259
2011,11,NM,0.076859
2011,11,NV,0.032399
2011,11,NY,0.03812
2011,11,OH,0.078971
2011,11,OK,0.095542
2011,11,OR,0.039385
2011,11,PA,0.020746
2011,11,RI,0.043557
2011,11,SC,0.013507
2011,11,SD,0.08288
2011,11,TN,0.024843
2011,11,TX,0.079377
2011,11,UT,0.038491
2011,11,VA,0.031195
2011,11,VT,0.015766
2011,11,WA,0.042019
2011,11,WI,0.046922
2011,11,WV,0.014569
2011,11,WY,0.112327
2011,12,AL,0.021637
2011,12,AR,0.017482
2011,12,AZ,0.023734
2011,12,CA,0.022174
2011,12,CO,0.051747
2011,12,CT,0.038807
2011,12,DE,0.050549
2011,12,FL,0.025935
2011,12,GA,0.010164
2011,12,IA,0.046819
2011,12,ID,0.022839
2011,12,IL,0.039199
2011,12,IN,0.042288
2011,12,KS,0.065119
2011,12,KY,0.018395
2011,12,LA,0.065338
2011,12,MA,0.043106
2011,12,MD,0.035834
2011,12,ME,0.025693
2011,12,MI,0.057781
2011,12,MN,0.046467
2011,12,MO,0.026432
2011,12,MS,0.029304
2011,12,MT,0.101093
2011,12,NC,0.01857
2011,12,ND,0.090683
2011,12,NE,0.058368
2011,12,NH,0.053096
2011,12,NJ,0.038592
2011,12,NM,0.055838
2011,12,NV,0.032077
2011,12,NY,0.04424
2011,12,OH,0.050268
2011,12,OK,0.046493
2011,12,OR,0.023701
2011,12,PA,0.022118
2011,12,RI,0.047908
2011,12,SC,0.01312
2011,12,SD,0.069379
2011,12,TN,0.011759
2011,12,TX,0.053795
2011,12,UT,0.02448
2011,12,VA,0.026733
2011,12,VT,0.017626
2011,12,WA,0.02057
2011,12,WI,0.031337
2011,12,WV,0.012756
2011,12,WY,0.084378
2012,1,AL,0.028566
2012,1,AR,0.044654
2012,1,AZ,0.026435
2012,1,CA,0.024846
2012,1,CO,0.066936
2012,1,CT,0.05045
2012,1,DE,0.05395
2012,1,FL,0.021626
2012,1,GA,0.015525
2012,1,IA,0.105895
2012,1,ID,0.040092
2012,1,IL,0.084479
2012,1,IN,0.090372
2012,1,KS,0.092156
2012,1,KY,0.043987
2012,1,LA,0.070462
2012,1,MA,0.051599
2012,1,MD,0.05067
2012,1,ME,0.026609
2012,1,MI,0.078752
2012,1,MN,0.074856
2012,1,MO,0.060243
2012,1,MS,0.034235
2012,1,MT,0.11534
2012,1,NC,0.026064
2012,1,ND,0.120471
2012,1,NE,0.102367
2012,1,NH,0.057164
2012,1,NJ,0.050812
2012,1,NM,0.068551
2012,1,NV,0.029992
2012,1,NY,0.069622
2012,1,OH,0.102638
2012,1,OK,0.078926
2012,1,OR,0.046287
2012,1,PA,0.044618
2012,1,RI,0.057983
2012,1,SC,0.017445
2012,1,SD,0.113206
2012,1,TN,0.030465
2012,1,TX,0.064582
2012,1,UT,0.026583
2012,1,VA,0.040767
2012,1,VT,0.022826
2012,1,WA,0.043977
2012,1,WI,0.053402
2012,1,WV,0.030347
2012,1,WY,0.137325
2012,2,AL,0.027163
2012,2,AR,0.032535
2012,2,AZ,0.035022
2012,2,CA,0.034019
2012,2,CO,0.085832
2012,2,CT,0.041366
2012,2,DE,0.04927
2012,2,FL,0.027636
2012,2,GA,0.017277
2012,2,IA,0.074587
2012,2,ID,0.043083
2012,2,IL,0.058725
2012,2,IN,0.053545
2012,2,KS,0.101715
2012,2,KY,0.02548
2012,2,LA,0.080491
2012,2,MA,0.044037
2012,2,MD,0.047136
2012,2,ME,0.024565
2012,2,MI,0.05626
2012,2,MN,0.045556
2012,2,MO,0.047147
2012,2,MS,0.034379
2012,2,MT,0.049712
2012,2,NC,0.028438
2012,2,ND,0.058267
2012,2,NE,0.097215
2012,2,NH,0.051062
2012,2,NJ,0.046456
2012,2,NM,0.091007
2012,2,NV,0.04084
2012,2,NY,0.055626
2012,2,OH,0.064101
2012,2,OK,0.072386
2012,2,OR,0.040162
2012,2,PA,0.036078
2012,2,RI,0.049324
2012,2,SC,0.017381
2012,2,SD,0.086609
2012,2,TN,0.023434
2012,2,TX,0.065047
2012,2,UT,0.036281
2012,2,VA,0.040371
2012,2,VT,0.013351
2012,2,WA,0.039783
2012,2,WI,0.041261
2012,2,WV,0.022512
2012,2,WY,0.097423
2012,3,AL,0.030572
2012,3,AR,0.047379
2012,3,AZ,0.049866
2012,3,CA,0.049053
2012,3,CO,0.077238
2012,3,CT,0.039687
2012,3,DE,0.04073
2012,3,FL,0.038494
2012,3,GA,0.01413
2012,3,IA,0.102793
2012,3,ID,0.0528
2012,3,IL,0.084782
2012,3,IN,0.07512
2012,3,KS,0.114487
2012,3,KY,0.029426
2012,3,LA,0.063721
2012,3,MA,0.049809
2012,3,MD,0.032838
2012,3,ME,0.033994
2012,3,MI,0.068177
2012,3,MN,0.070989
2012,3,MO,0.059551
2012,3,MS,0.041382
2012,3,MT,0.118942
2012,3,NC,0.019247
2012,3,ND,0.103335
2012,3,NE,0.104848
2012,3,NH,0.053375
2012,3,NJ,0.042758
2012,3,NM,0.103802
2012,3,NV,0.089337
2012,3,NY,0.054101
2012,3,OH,0.070645
2012,3,OK,0.086704
2012,3,OR,0.062466
2012,3,PA,0.032324
2012,3,RI,0.054056
2012,3,SC,0.014212
2012,3,SD,0.110881
2012,3,TN,0.025248
2012,3,TX,0.078696
2012,3,UT,0.081795
2012,3,VA,0.028328
2012,3,VT,0.023761
2012,3,WA,0.054234
2012,3,WI,0.054543
2012,3,WV,0.017714
2012,3,WY,0.117267
2012,4,AL,0.021457
2012,4,AR,0.03231
2012,4,AZ,0.045602
2012,4,CA,0.040946
2012,4,CO,0.092411
2012,4,CT,0.048139
2012,4,DE,0.049903
2012,4,FL,0.032647
2012,4,GA,0.014199
2012,4,IA,0.09975
2012,4,ID,0.049372
2012,4,IL,0.06582
2012,4,IN,0.070517
2012,4,KS,0.087881
2012,4,KY,0.024023
2012,4,LA,0.062495
2012,4,MA,0.044023
2012,4,MD,0.038538
2012,4,ME,0.033438
2012,4,MI,0.059199
2012,4,MN,0.072734
2012,4,MO,0.035786
2012,4,MS,0.031714
2012,4,MT,0.083948
2012,4,NC,0.022876
2012,4,ND,0.145762
2012,4,NE,0.103838
2012,4,NH,0.062318
2012,4,NJ,0.051586
2012,4,NM,0.090777
2012,4,NV,0.069444
2012,4,NY,0.054082
2012,4,OH,0.064654
2012,4,OK,0.06393
2012,4,OR,0.025006
2012,4,PA,0.032249
2012,4,RI,0.054399
2012,4,SC,0.013896
2012,4,SD,0.132884
2012,4,TN,0.017543
2012,4,TX,0.077019
2012,4,UT,0.064746
2012,4,VA,0.032864
2012,4,VT,0.022271
2012,4,WA,0.027769
2012,4,WI,0.051197
2012,4,WV,0.01798
2012,4,WY,0.098425
2012,5,AL,0.010088
2012,5,AR,0.021241
2012,5,AZ,0.058897
2012,5,CA,0.046484
2012,5,CO,0.071685
2012,5,CT,0.014944
2012,5,DE,0.022337
2012,5,FL,0.024641
2012,5,GA,0.009449
2012,5,IA,0.083865
2012,5,ID,0.040974
2012,5,IL,0.037444
2012,5,IN,0.030151
2012,5,KS,0.103292
2012,5,KY,0.007219
2012,5,LA,0.023674
2012,5,MA,0.014301
2012,5,MD,0.019408
2012,5,ME,0.011089
2012,5,MI,0.030972
2012,5,MN,0.063344
2012,5,MO,0.026814
2012,5,MS,0.013561
2012,5,MT,0.068009
2012,5,NC,0.013123
2012,5,ND,0.10218
2012,5,NE,0.097207
2012,5,NH,0.039742
2012,5,NJ,0.020821
2012,5,NM,0.096083
2012,5,NV,0.068229
2012,5,NY,0.017724
2012,5,OH,0.021184
2012,5,OK,0.081021
2012,5,OR,0.026494
2012,5,PA,0.009019
2012,5,RI,0.021046
2012,5,SC,0.009451
2012,5,SD,0.094184
2012,5,TN,0.006038
2012,5,TX,0.060203
2012,5,UT,0.069312
2012,5,VA,0.015716
2012,5,VT,0.011447
2012,5,WA,0.030862
2012,5,WI,0.039312
2012,5,WV,0.003354
2012,5,WY,0.075449
2012,6,AL,0.019407
2012,6,AR,0.014698
2012,6,AZ,0.039431
2012,6,CA,0.045399
2012,6,CO,0.074698
2012,6,CT,0.020495
2012,6,DE,0.030377
2012,6,FL,0.041807
2012,6,GA,0.008621
2012,6,IA,0.0548
2012,6,ID,0.041738
2012,6,IL,0.030482
2012,6,IN,0.030742
2012,6,KS,0.108166
2012,6,KY,0.007178
2012,6,LA,0.039786
2012,6,MA,0.020573
2012,6,MD,0.021756
2012,6,ME,0.013113
2012,6,MI,0.032416
2012,6,MN,0.036337
2012,6,MO,0.026561
2012,6,MS,0.021039
2012,6,MT,0.096321
2012,6,NC,0.012905
2012,6,ND,0.079172
2012,6,NE,0.087274
2012,6,NH,0.037532
2012,6,NJ,0.027506
2012,6,NM,0.067764
2012,6,NV,0.082516
2012,6,NY,0.023448
2012,6,OH,0.033107
2012,6,OK,0.056853
2012,6,OR,0.02298
2012,6,PA,0.013178
2012,6,RI,0.032202
2012,6,SC,0.007047
2012,6,SD,0.089818
2012,6,TN,0.00691
2012,6,TX,0.046915
2012,6,UT,0.083256
2012,6,VA,0.016101
2012,6,VT,0.009476
2012,6,WA,0.028576
2012,6,WI,0.028283
2012,6,WV,0.007622
2012,6,WY,0.090556
2012,7,AL,0.009391
2012,7,AR,0.012071
2012,7,AZ,0.030512
2012,7,CA,0.028859
2012,7,CO,0.039221
2012,7,CT,0.011582
2012,7,DE,0.014946
2012,7,FL,0.013121
2012,7,GA,0.006779
2012,7,IA,0.014478
2012,7,ID,0.021226
2012,7,IL,0.015708
2012,7,IN,0.015326
2012,7,KS,0.047364
2012,7,KY,0.008801
2012,7,LA,0.013424
2012,7,MA,0.011812
2012,7,MD,0.011621
2012,7,ME,0.009538
2012,7,MI,0.019124
2012,7,MN,0.013324
2012,7,MO,0.012218
2012,7,MS,0.007773
2012,7,MT,0.0444
2012,7,NC,0.011358
2012,7,ND,0.031937
2012,7,NE,0.031123
2012,7,NH,0.041284
2012,7,NJ,0.016936
2012,7,NM,0.041599
2012,7,NV,0.04113
2012,7,NY,0.015327
2012,7,OH,0.021287
2012,7,OK,0.031624
2012,7,OR,0.020107
2012,7,PA,0.009103
2012,7,RI,0.019357
2012,7,SC,0.009633
2012,7,SD,0.050025
2012,7,TN,0.007056
2012,7,TX,0.033659
2012,7,UT,0.040928
2012,7,VA,0.011941
2012,7,VT,0.005381
2012,7,WA,0.020681
2012,7,WI,0.014703
2012,7,WV,0.006169
2012,7,WY,0.040925
2012,8,AL,0.021402
2012,8,AR,0.020014
2012,8,AZ,0.021567
2012,8,CA,0.022911
2012,8,CO,0.034688
2012,8,CT,0.009687
2012,8,DE,0.010311
2012,8,FL,0.027359
2012,8,GA,0.004698
2012,8,IA,0.017582
2012,8,ID,0.01763
2012,8,IL,0.012365
2012,8,IN,0.012445
2012,8,KS,0.042441
2012,8,KY,0.004656
2012,8,LA,0.056566
2012,8,MA,0.013784
2012,8,MD,0.011765
2012,8,ME,0.00675
2012,8,MI,0.024146
2012,8,MN,0.015782
2012,8,MO,0.013618
2012,8,MS,0.030331
2012,8,MT,0.037815
2012,8,NC,0.006244
2012,8,ND,0.041306
2012,8,NE,0.04092
2012,8,NH,0.030664
2012,8,NJ,0.013794
2012,8,NM,0.035761
2012,8,NV,0.032204
2012,8,NY,0.012807
2012,8,OH,0.01477
2012,8,OK,0.031251
2012,8,OR,0.019722
2012,8,PA,0.005108
2012,8,RI,0.02112
2012,8,SC,0.004019
2012,8,SD,0.050214
2012,8,TN,0.00562
2012,8,TX,0.033444
2012,8,UT,0.028482
2012,8,VA,0.01059
2012,8,VT,0.004749
2012,8,WA,0.017023
2012,8,WI,0.015012
2012,8,WV,0.002318
2012,8,WY,0.042343
2012,9,AL,0.007968
2012,9,AR,0.013055
2012,9,AZ,0.0195
2012,9,CA,0.016083
2012,9,CO,0.028802
2012,9,CT,0.029382
2012,9,DE,0.02066
2012,9,FL,0.014728
2012,9,GA,0.004168
2012,9,IA,0.027256
2012,9,ID,0.013828
2012,9,IL,0.026329
2012,9,IN,0.020706
2012,9,KS,0.044018
2012,9,KY,0.009091
2012,9,LA,0.023772
2012,9,MA,0.025303
2012,9,MD,0.018787
2012,9,ME,0.014782
2012,9,MI,0.032314
2012,9,MN,0.031651
2012,9,MO,0.01841
2012,9,MS,0.00981
2012,9,MT,0.035064
2012,9,NC,0.008005
2012,9,ND,0.064714
2012,9,NE,0.038911
2012,9,NH,0.04086
2012,9,NJ,0.024066
2012,9,NM,0.033064
2012,9,NV,0.016498
2012,9,NY,0.022207
2012,9,OH,0.021199
2012,9,OK,0.038721
2012,9,OR,0.013618
2012,9,PA,0.008469
2012,9,RI,0.032134
2012,9,SC,0.00542
2012,9,SD,0.055126
2012,9,TN,0.006681
2012,9,TX,0.03262
2012,9,UT,0.019213
2012,9,VA,0.012421
2012,9,VT,0.011954
2012,9,WA,0.01314
2012,9,WI,0.024704
2012,9,WV,0.004465
2012,9,WY,0.036138
2012,10,AL,0.018933
2012,10,AR,0.025731
2012,10,AZ,0.019045
2012,10,CA,0.02046
2012,10,CO,0.065893
2012,10,CT,0.036241
2012,10,DE,0.052151
2012,10,FL,0.038289
2012,10,GA,0.014413
2012,10,IA,0.063981
2012,10,ID,0.02584
2012,10,IL,0.060384
2012,10,IN,0.073478
2012,10,KS,0.076653
2012,10,KY,0.023945
2012,10,LA,0.044911
2012,10,MA,0.044541
2012,10,MD,0.040354
2012,10,ME,0.023721
2012,10,MI,0.076554
2012,10,MN,0.059521
2012,10,MO,0.033777
2012,10,MS,0.01897
2012,10,MT,0.088412
2012,10,NC,0.024151
2012,10,ND,0.126457
2012,10,NE,0.092606
2012,10,NH,0.05439
2012,10,NJ,0.050838
2012,10,NM,0.052308
2012,10,NV,0.028869
2012,10,NY,0.043217
2012,10,OH,0.077873
2012,10,OK,0.062134
2012,10,OR,0.023926
2012,10,PA,0.024069
2012,10,RI,0.046545
2012,10,SC,0.013763
2012,10,SD,0.124167
2012,10,TN,0.017306
2012,10,TX,0.047517
2012,10,UT,0.029475
2012,10,VA,0.034015
2012,10,VT,0.014212
2012,10,WA,0.029237
2012,10,WI,0.044597
2012,10,WV,0.01192
2012,10,WY,0.076242
2012,11,AL,0.012773
2012,11,AR,0.017127
2012,11,AZ,0.017826
2012,11,CA,0.022335
2012,11,CO,0.041583
2012,11,CT,0.039891
2012,11,DE,0.052743
2012,11,FL,0.017376
2012,11,GA,0.005956
2012,11,IA,0.058221
2012,11,ID,0.023822
2012,11,IL,0.035922
2012,11,IN,0.033674
2012,11,KS,0.07073
2012,11,KY,0.009553
2012,11,LA,0.041512
2012,11,MA,0.052844
2012,11,MD,0.034938
2012,11,ME,0.022996
2012,11,MI,0.050056
2012,11,MN,0.048638
2012,11,MO,0.026854
2012,11,MS,0.018404
2012,11,MT,0.086467
2012,11,NC,0.020381
2012,11,ND,0.086551
2012,11,NE,0.05648
2012,11,NH,0.043317
2012,11,NJ,0.036364
2012,11,NM,0.037643
2012,11,NV,0.030496
2012,11,NY,0.037518
2012,11,OH,0.037628
2012,11,OK,0.059578
2012,11,OR,0.03926
2012,11,PA,0.018757
2012,11,RI,0.063079
2012,11,SC,0.010426
2012,11,SD,0.072219
2012,11,TN,0.007372
2012,11,TX,0.041119
2012,11,UT,0.024025
2012,11,VA,0.024609
2012,11,VT,0.011552
2012,11,WA,0.027042
2012,11,WI,0.035638
2012,11,WV,0.008993
2012,11,WY,0.062655
2012,12,AL,0.02886
2012,12,AR,0.038393
2012,12,AZ,0.022609
2012,12,CA,0.030505
2012,12,CO,0.050371
2012,12,CT,0.052954
2012,12,DE,0.061467
2012,12,FL,0.024082
2012,12,GA,0.01682
2012,12,IA,0.064702
2012,12,ID,0.042151
2012,12,IL,0.065953
2012,12,IN,0.060293
2012,12,KS,0.075934
2012,12,KY,0.032077
2012,12,LA,0.067126
2012,12,MA,0.056936
2012,12,MD,0.049529
2012,12,ME,0.041475
2012,12,MI,0.051902
2012,12,MN,0.033571
2012,12,MO,0.041922
2012,12,MS,0.03591
2012,12,MT,0.084685
2012,12,NC,0.024276
2012,12,ND,0.04903
2012,12,NE,0.065193
2012,12,NH,0.05399
2012,12,NJ,0.057572
2012,12,NM,0.071251
2012,12,NV,0.037414
2012,12,NY,0.053199
2012,12,OH,0.063453
2012,12,OK,0.07061
2012,12,OR,0.046465
2012,12,PA,0.033657
2012,12,RI,0.054247
2012,12,SC,0.019826
2012,12,SD,0.05444
2012,12,TN,0.025452
2012,12,TX,0.063866
2012,12,UT,0.03781
2012,12,VA,0.0349
2012,12,VT,0.020587
2012,12,WA,0.044217
2012,12,WI,0.034499
2012,12,WV,0.021758
2012,12,WY,0.087167
2013,1,AL,0.027264
2013,1,AR,0.030797
2013,1,AZ,0.026796
2013,1,CA,0.018814
2013,1,CO,0.036888
2013,1,CT,0.038248
2013,1,DE,0.045911
2013,1,FL,0.024126
2013,1,GA,0.013652
2013,1,IA,0.081136
2013,1,ID,0.02263
2013,1,IL,0.067748
2013,1,IN,0.074219
2013,1,KS,0.058413
2013,1,KY,0.02828
2013,1,LA,0.073615
2013,1,MA,0.064695
2013,1,MD,0.037605
2013,1,ME,0.037028
2013,1,MI,0.076484
2013,1,MN,0.062854
2013,1,MO,0.036463
2013,1,MS,0.035649
2013,1,MT,0.120871
2013,1,NC,0.022272
2013,1,ND,0.137877
2013,1,NE,0.052731
2013,1,NH,0.049692
2013,1,NJ,0.045406
2013,1,NM,0.055945
2013,1,NV,0.022673
2013,1,NY,0.061563
2013,1,OH,0.086766
2013,1,OK,0.046585
2013,1,OR,0.025507
2013,1,PA,0.036551
2013,1,RI,0.055088
2013,1,SC,0.018957
2013,1,SD,0.095699
2013,1,TN,0.020488
2013,1,TX,0.055913
2013,1,UT,0.013867
2013,1,VA,0.030398
2013,1,VT,0.026915
2013,1,WA,0.017543
2013,1,WI,0.048155
2013,1,WV,0.026155
2013,1,WY,0.077284
2013,2,AL,0.03141
2013,2,AR,0.032903
2013,2,AZ,0.033122
2013,2,CA,0.024359
2013,2,CO,0.062659
2013,2,CT,0.064221
2013,2,DE,0.076466
2013,2,FL,0.027527
2013,2,GA,0.015837
2013,2,IA,0.107483
2013,2,ID,0.029291
2013,2,IL,0.083001
2013,2,IN,0.07994
2013,2,KS,0.095145
2013,2,KY,0.0345
2013,2,LA,0.07406
2013,2,MA,0.091293
2013,2,MD,0.057066
2013,2,ME,0.06285
2013,2,MI,0.066828
2013,2,MN,0.05362
2013,2,MO,0.051353
2013,2,MS,0.033918
2013,2,MT,0.110212
2013,2,NC,0.026561
2013,2,ND,0.091909
2013,2,NE,0.097035
2013,2,NH,0.060098
2013,2,NJ,0.067457
2013,2,NM,0.09212
2013,2,NV,0.03119
2013,2,NY,0.063165
2013,2,OH,0.080759
2013,2,OK,0.068623
2013,2,OR,0.020539
2013,2,PA,0.042626
2013,2,RI,0.079663
2013,2,SC,0.018901
2013,2,SD,0.107475
2013,2,TN,0.026552
2013,2,TX,0.074544
2013,2,UT,0.020579
2013,2,VA,0.040816
2013,2,VT,0.021999
2013,2,WA,0.030242
2013,2,WI,0.04656
2013,2,WV,0.031092
2013,2,WY,0.080003
2013,3,AL,0.034302
2013,3,AR,0.037274
2013,3,AZ,0.029351
2013,3,CA,0.027542
2013,3,CO,0.077409
2013,3,CT,0.060204
2013,3,DE,0.080358
2013,3,FL,0.034749
2013,3,GA,0.027914
2013,3,IA,0.081709
2013,3,ID,0.038024
2013,3,IL,0.062598
2013,3,IN,0.061635
2013,3,KS,0.088048
2013,3,KY,0.030903
2013,3,LA,0.06393
2013,3,MA,0.075296
2013,3,MD,0.064049
2013,3,ME,0.039233
2013,3,MI,0.049397
2013,3,MN,0.053741
2013,3,MO,0.042036
2013,3,MS,0.036657
2013,3,MT,0.098746
2013,3,NC,0.030799
2013,3,ND,0.100764
2013,3,NE,0.103009
2013,3,NH,0.063745
2013,3,NJ,0.06414
2013,3,NM,0.092753
2013,3,NV,0.039143
2013,3,NY,0.054086
2013,3,OH,0.067383
2013,3,OK,0.07719
2013,3,OR,0.023328
2013,3,PA,0.038537
2013,3,RI,0.089649
2013,3,SC,0.026912
2013,3,SD,0.120382
2013,3,TN,0.028489
2013,3,TX,0.081022
2013,3,UT,0.028519
2013,3,VA,0.045278
2013,3,VT,0.015521
2013,3,WA,0.033128
2013,3,WI,0.034997
2013,3,WV,0.025819
2013,3,WY,0.097536
2013,4,AL,0.024561
2013,4,AR,0.039831
2013,4,AZ,0.065642
2013,4,CA,0.056205
2013,4,CO,0.095712
2013,4,CT,0.041992
2013,4,DE,0.05287
2013,4,FL,0.030448
2013,4,GA,0.012092
2013,4,IA,0.102254
2013,4,ID,0.05699
2013,4,IL,0.076082
2013,4,IN,0.067748
2013,4,KS,0.121273
2013,4,KY,0.027081
2013,4,LA,0.06229
2013,4,MA,0.063062
2013,4,MD,0.038199
2013,4,ME,0.032145
2013,4,MI,0.067466
2013,4,MN,0.0654
2013,4,MO,0.046351
2013,4,MS,0.037758
2013,4,MT,0.103854
2013,4,NC,0.022682
2013,4,ND,0.113548
2013,4,NE,0.122799
2013,4,NH,0.053114
2013,4,NJ,0.041862
2013,4,NM,0.121067
2013,4,NV,0.065956
2013,4,NY,0.066015
2013,4,OH,0.074547
2013,4,OK,0.097995
2013,4,OR,0.038877
2013,4,PA,0.035937
2013,4,RI,0.070861
2013,4,SC,0.018037
2013,4,SD,0.123232
2013,4,TN,0.019075
2013,4,TX,0.085708
2013,4,UT,0.052942
2013,4,VA,0.031753
2013,4,VT,0.036115
2013,4,WA,0.044853
2013,4,WI,0.056604
2013,4,WV,0.024163
2013,4,WY,0.105015
2013,5,AL,0.02109
2013,5,AR,0.028801
2013,5,AZ,0.052331
2013,5,CA,0.053668
2013,5,CO,0.068063
2013,5,CT,0.016329
2013,5,DE,0.044341
2013,5,FL,0.023069
2013,5,GA,0.011924
2013,5,IA,0.089777
2013,5,ID,0.032431
2013,5,IL,0.04932
2013,5,IN,0.042653
2013,5,KS,0.110918
2013,5,KY,0.016828
2013,5,LA,0.033561
2013,5,MA,0.032438
2013,5,MD,0.032396
2013,5,ME,0.017749
2013,5,MI,0.039814
2013,5,MN,0.06024
2013,5,MO,0.03567
2013,5,MS,0.025594
2013,5,MT,0.069919
2013,5,NC,0.018462
2013,5,ND,0.12146
2013,5,NE,0.098649
2013,5,NH,0.043497
2013,5,NJ,0.023819
2013,5,NM,0.096171
2013,5,NV,0.063963
2013,5,NY,0.031926
2013,5,OH,0.043447
2013,5,OK,0.090189
2013,5,OR,0.024673
2013,5,PA,0.020032
2013,5,RI,0.045547
2013,5,SC,0.017816
2013,5,SD,0.092359
2013,5,TN,0.012866
2013,5,TX,0.085692
2013,5,UT,0.050872
2013,5,VA,0.029239
2013,5,VT,0.015998
2013,5,WA,0.017356
2013,5,WI,0.03988
2013,5,WV,0.014326
2013,5,WY,0.090285
2013,6,AL,0.012322
2013,6,AR,0.015045
2013,6,AZ,0.037687
2013,6,CA,0.041608
2013,6,CO,0.069111
2013,6,CT,0.021818
2013,6,DE,0.022954
2013,6,FL,0.016042
2013,6,GA,0.008196
2013,6,IA,0.052328
2013,6,ID,0.023818
2013,6,IL,0.027131
2013,6,IN,0.022083
2013,6,KS,0.102719
2013,6,KY,0.011254
2013,6,LA,0.013769
2013,6,MA,0.033527
2013,6,MD,0.019772
2013,6,ME,0.012817
2013,6,MI,0.018695
2013,6,MN,0.033651
2013,6,MO,0.025165
2013,6,MS,0.011013
2013,6,MT,0.054653
2013,6,NC,0.020729
2013,6,ND,0.063447
2013,6,NE,0.079152
2013,6,NH,0.048948
2013,6,NJ,0.01986
2013,6,NM,0.086479
2013,6,NV,0.053512
2013,6,NY,0.0227
2013,6,OH,0.022325
2013,6,OK,0.068589
2013,6,OR,0.023305
2013,6,PA,0.011298
2013,6,RI,0.041608
2013,6,SC,0.014873
2013,6,SD,0.074017
2013,6,TN,0.009105
2013,6,TX,0.053059
2013,6,UT,0.053483
2013,6,VA,0.021054
2013,6,VT,0.007449
2013,6,WA,0.018108
2013,6,WI,0.01748
2013,6,WV,0.005583
2013,6,WY,0.078188
2013,7,AL,0.011942
2013,7,AR,0.008355
2013,7,AZ,0.032647
2013,7,CA,0.031492
2013,7,CO,0.043539
2013,7,CT,0.013693
2013,7,DE,0.012894
2013,7,FL,0.016759
2013,7,GA,0.005271
2013,7,IA,0.020508
2013,7,ID,0.017062
2013,7,IL,0.012509
2013,7,IN,0.016537
2013,7,KS,0.04898
2013,7,KY,0.004501
2013,7,LA,0.023084
2013,7,MA,0.019366
2013,7,MD,0.01276
2013,7,ME,0.007125
2013,7,MI,0.019568
2013,7,MN,0.022352
2013,7,MO,0.008042
2013,7,MS,0.009344
2013,7,MT,0.034539
2013,7,NC,0.010994
2013,7,ND,0.03659
2013,7,NE,0.032003
2013,7,NH,0.034417
2013,7,NJ,0.012877
2013,7,NM,0.04885
2013,7,NV,0.043051
2013,7,NY,0.014998
2013,7,OH,0.017426
2013,7,OK,0.033106
2013,7,OR,0.027243
2013,7,PA,0.006085
2013,7,RI,0.029055
2013,7,SC,0.009266
2013,7,SD,0.038094
2013,7,TN,0.004246
2013,7,TX,0.037074
2013,7,UT,0.03403
2013,7,VA,0.011752
2013,7,VT,0.004187
2013,7,WA,0.018741
2013,7,WI,0.015937
2013,7,WV,0.003077
2013,7,WY,0.045506
2013,8,AL,0.007905
2013,8,AR,0.004361
2013,8,AZ,0.02197
2013,8,CA,0.028073
2013,8,CO,0.029547
2013,8,CT,0.01225
2013,8,DE,0.013279
2013,8,FL,0.010386
2013,8,GA,0.003504
2013,8,IA,0.011788
2013,8,ID,0.0151
2013,8,IL,0.007595
2013,8,IN,0.009239
2013,8,KS,0.030252
2013,8,KY,0.002953
2013,8,LA,0.016272
2013,8,MA,0.016362
2013,8,MD,0.011675
2013,8,ME,0.007676
2013,8,MI,0.014889
2013,8,MN,0.012215
2013,8,MO,0.004088
2013,8,MS,0.008028
2013,8,MT,0.032577
2013,8,NC,0.008311
2013,8,ND,0.027433
2013,8,NE,0.026881
2013,8,NH,0.038133
2013,8,NJ,0.009837
2013,8,NM,0.030382
2013,8,NV,0.040668
2013,8,NY,0.014477
2013,8,OH,0.010201
2013,8,OK,0.018
2013,8,OR,0.014028
2013,8,PA,0.004488
2013,8,RI,0.019728
2013,8,SC,0.006122
2013,8,SD,0.028896
2013,8,TN,0.002069
2013,8,TX,0.026464
2013,8,UT,0.034273
2013,8,VA,0.010312
2013,8,VT,0.004972
2013,8,WA,0.011197
2013,8,WI,0.011485
2013,8,WV,0.001662
2013,8,WY,0.034865
2013,9,AL,0.00818
2013,9,AR,0.004751
2013,9,AZ,0.025087
2013,9,CA,0.031858
2013,9,CO,0.047864
2013,9,CT,0.011484
2013,9,DE,0.021496
2013,9,FL,0.011169
2013,9,GA,0.004257
2013,9,IA,0.032664
2013,9,ID,0.029407
2013,9,IL,0.013746
2013,9,IN,0.013122
2013,9,KS,0.06319
2013,9,KY,0.004097
2013,9,LA,0.02902
2013,9,MA,0.018568
2013,9,MD,0.011711
2013,9,ME,0.012368
2013,9,MI,0.022219
2013,9,MN,0.028623
2013,9,MO,0.010089
2013,9,MS,0.010565
2013,9,MT,0.054889
2013,9,NC,0.00927
2013,9,ND,0.051258
2013,9,NE,0.055729
2013,9,NH,0.041692
2013,9,NJ,0.011274
2013,9,NM,0.038045
2013,9,NV,0.050393
2013,9,NY,0.017363
2013,9,OH,0.01518
2013,9,OK,0.02918
2013,9,OR,0.028117
2013,9,PA,0.005525
2013,9,RI,0.021274
2013,9,SC,0.007976
2013,9,SD,0.057061
2013,9,TN,0.003075
2013,9,TX,0.033752
2013,9,UT,0.043836
2013,9,VA,0.010963
2013,9,VT,0.007791
2013,9,WA,0.021894
2013,9,WI,0.019899
2013,9,WV,0.001924
2013,9,WY,0.059709
2013,10,AL,0.011041
2013,10,AR,0.010182
2013,10,AZ,0.031065
2013,10,CA,0.023449
2013,10,CO,0.056489
2013,10,CT,0.019739
2013,10,DE,0.051655
2013,10,FL,0.011018
2013,10,GA,0.003738
2013,10,IA,0.046828
2013,10,ID,0.020061
2013,10,IL,0.022672
2013,10,IN,0.026192
2013,10,KS,0.074888
2013,10,KY,0.009469
2013,10,LA,0.035742
2013,10,MA,0.024187
2013,10,MD,0.022398
2013,10,ME,0.011655
2013,10,MI,0.039498
2013,10,MN,0.042221
2013,10,MO,0.017579
2013,10,MS,0.015077
2013,10,MT,0.062086
2013,10,NC,0.012345
2013,10,ND,0.084824
2013,10,NE,0.087601
2013,10,NH,0.038131
2013,10,NJ,0.026482
2013,10,NM,0.052957
2013,10,NV,0.030675
2013,10,NY,0.026745
2013,10,OH,0.029487
2013,10,OK,0.0535
2013,10,OR,0.011186
2013,10,PA,0.012841
2013,10,RI,0.028785
2013,10,SC,0.00649
2013,10,SD,0.101654
2013,10,TN,0.006597
2013,10,TX,0.040756
2013,10,UT,0.029794
2013,10,VA,0.021038
2013,10,VT,0.010432
2013,10,WA,0.011812
2013,10,WI,0.027964
2013,10,WV,0.005126
2013,10,WY,0.072483
2013,11,AL,0.036042
2013,11,AR,0.025342
2013,11,AZ,0.024571
2013,11,CA,0.016923
2013,11,CO,0.052491
2013,11,CT,0.045142
2013,11,DE,0.06857
2013,11,FL,0.03705
2013,11,GA,0.01455
2013,11,IA,0.087549
2013,11,ID,0.022337
2013,11,IL,0.064781
2013,11,IN,0.069479
2013,11,KS,0.100403
2013,11,KY,0.022457
2013,11,LA,0.08603
2013,11,MA,0.068515
2013,11,MD,0.052643
2013,11,ME,0.042198
2013,11,MI,0.095043
2013,11,MN,0.069828
2013,11,MO,0.045078
2013,11,MS,0.042082
2013,11,MT,0.070561
2013,11,NC,0.022409
2013,11,ND,0.082396
2013,11,NE,0.075853
2013,11,NH,0.053362
2013,11,NJ,0.053517
2013,11,NM,0.056886
2013,11,NV,0.018577
2013,11,NY,0.071973
2013,11,OH,0.08027
2013,11,OK,0.076246
2013,11,OR,0.025366
2013,11,PA,0.040285
2013,11,RI,0.062106
2013,11,SC,0.014589
2013,11,SD,0.07658
2013,11,TN,0.021323
2013,11,TX,0.0619
2013,11,UT,0.022015
2013,11,VA,0.036996
2013,11,VT,0.02864
2013,11,WA,0.025272
2013,11,WI,0.063527
2013,11,WV,0.020598
2013,11,WY,0.067432
2013,12,AL,0.019448
2013,12,AR,0.017854
2013,12,AZ,0.028519
2013,12,CA,0.018702
2013,12,CO,0.05451
2013,12,CT,0.026686
2013,12,DE,0.037623
2013,12,FL,0.018229
2013,12,GA,0.008589
2013,12,IA,0.065004
2013,12,ID,0.025746
2013,12,IL,0.040077
2013,12,IN,0.046037
2013,12,KS,0.059714
2013,12,KY,0.019352
2013,12,LA,0.063311
2013,12,MA,0.038925
2013,12,MD,0.02562
2013,12,ME,0.018796
2013,12,MI,0.052954
2013,12,MN,0.044598
2013,12,MO,0.02367
2013,12,MS,0.030542
2013,12,MT,0.127324
2013,12,NC,0.017414
2013,12,ND,0.110282
2013,12,NE,0.07408
2013,12,NH,0.042221
2013,12,NJ,0.028122
2013,12,NM,0.055677
2013,12,NV,0.022214
2013,12,NY,0.040684
2013,12,OH,0.055668
2013,12,OK,0.045796
2013,12,OR,0.019594
2013,12,PA,0.025086
2013,12,RI,0.036446
2013,12,SC,0.00961
2013,12,SD,0.086072
2013,12,TN,0.015609
2013,12,TX,0.046607
2013,12,UT,0.01666
2013,12,VA,0.024531
2013,12,VT,0.010469
2013,12,WA,0.023186
2013,12,WI,0.03692
2013,12,WV,0.015711
2013,12,WY,0.109981
2014,1,AL,0.034423
2014,1,AR,0.049021
2014,1,AZ,0.022059
2014,1,CA,0.013514
2014,1,CO,0.067134
2014,1,CT,0.051364
2014,1,DE,0.07529
2014,1,FL,0.024615
2014,1,GA,0.020915
2014,1,IA,0.166548
2014,1,ID,0.034056
2014,1,IL,0.119609
2014,1,IN,0.105427
2014,1,KS,0.11535
2014,1,KY,0.044511
2014,1,LA,0.08113
2014,1,MA,0.074493
2014,1,MD,0.052049
2014,1,ME,0.037901
2014,1,MI,0.082351
2014,1,MN,0.098242
2014,1,MO,0.080563
2014,1,MS,0.044044
2014,1,MT,0.143051
2014,1,NC,0.029779
2014,1,ND,0.231412
2014,1,NE,0.143045
2014,1,NH,0.051113
2014,1,NJ,0.054447
2014,1,NM,0.072885
2014,1,NV,0.018519
2014,1,NY,0.072728
2014,1,OH,0.103033
2014,1,OK,0.090805
2014,1,OR,0.032612
2014,1,PA,0.042152
2014,1,RI,0.073906
2014,1,SC,0.021478
2014,1,SD,0.194945
2014,1,TN,0.037199
2014,1,TX,0.071156
2014,1,UT,0.018398
2014,1,VA,0.043403
2014,1,VT,0.022975
2014,1,WA,0.033554
2014,1,WI,0.066323
2014,1,WV,0.028764
2014,1,WY,0.140082
2014,2,AL,0.023183
2014,2,AR,0.035918
2014,2,AZ,0.019632
2014,2,CA,0.029385
2014,2,CO,0.081024
2014,2,CT,0.039208
2014,2,DE,0.062858
2014,2,FL,0.016302
2014,2,GA,0.012922
2014,2,IA,0.079493
2014,2,ID,0.057569
2014,2,IL,0.056632
2014,2,IN,0.058009
2014,2,KS,0.074234
2014,2,KY,0.027371
2014,2,LA,0.0624
2014,2,MA,0.054662
2014,2,MD,0.036076
2014,2,ME,0.029332
2014,2,MI,0.060929
2014,2,MN,0.070439
2014,2,MO,0.038877
2014,2,MS,0.0311
2014,2,MT,0.118001
2014,2,NC,0.025926
2014,2,ND,0.127618
2014,2,NE,0.079508
2014,2,NH,0.052301
2014,2,NJ,0.045093
2014,2,NM,0.07954
2014,2,NV,0.032863
2014,2,NY,0.054747
2014,2,OH,0.065107
2014,2,OK,0.064671
2014,2,OR,0.047403
2014,2,PA,0.034972
2014,2,RI,0.050403
2014,2,SC,0.017092
2014,2,SD,0.106403
2014,2,TN,0.026333
2014,2,TX,0.062804
2014,2,UT,0.03272
2014,2,VA,0.035591
2014,2,VT,0.018067
2014,2,WA,0.048307
2014,2,WI,0.054291
2014,2,WV,0.028542
2014,2,WY,0.148405
2014,3,AL,0.026185
2014,3,AR,0.042992
2014,3,AZ,0.043587
2014,3,CA,0.034919
2014,3,CO,0.1003
2014,3,CT,0.055522
2014,3,DE,0.088597
2014,3,FL,0.027666
2014,3,GA,0.021472
2014,3,IA,0.117034
2014,3,ID,0.057029
2014,3,IL,0.079155
2014,3,IN,0.065159
2014,3,KS,0.158531
2014,3,KY,0.040172
2014,3,LA,0.063009
2014,3,MA,0.072745
2014,3,MD,0.059616
2014,3,ME,0.049168
2014,3,MI,0.040866
2014,3,MN,0.064333
2014,3,MO,0.071399
2014,3,MS,0.031779
2014,3,MT,0.092389
2014,3,NC,0.044105
2014,3,ND,0.109176
2014,3,NE,0.138376
2014,3,NH,0.062499
2014,3,NJ,0.059981
2014,3,NM,0.110284
2014,3,NV,0.054754
2014,3,NY,0.066106
2014,3,OH,0.074006
2014,3,OK,0.118818
2014,3,OR,0.044753
2014,3,PA,0.044052
2014,3,RI,0.068882
2014,3,SC,0.028056
2014,3,SD,0.10734
2014,3,TN,0.030713
2014,3,TX,0.084464
2014,3,UT,0.055565
2014,3,VA,0.06238
2014,3,VT,0.02912
2014,3,WA,0.043596
2014,3,WI,0.040781
2014,3,WV,0.033767
2014,3,WY,0.126661
2014,4,AL,0.029867
2014,4,AR,0.043455
2014,4,AZ,0.058574
2014,4,CA,0.040084
2014,4,CO,0.118988
2014,4,CT,0.057109
2014,4,DE,0.069193
2014,4,FL,0.02687
2014,4,GA,0.014635
2014,4,IA,0.149835
2014,4,ID,0.052397
2014,4,IL,0.080874
2014,4,IN,0.081426
2014,4,KS,0.1763
2014,4,KY,0.03579
2014,4,LA,0.069011
2014,4,MA,0.069431
2014,4,MD,0.047626
2014,4,ME,0.04126
2014,4,MI,0.065242
2014,4,MN,0.100512
2014,4,MO,0.060792
2014,4,MS,0.03411
2014,4,MT,0.120774
2014,4,NC,0.03293
2014,4,ND,0.143909
2014,4,NE,0.17924
2014,4,NH,0.069945
2014,4,NJ,0.060122
2014,4,NM,0.139549
2014,4,NV,0.061022
2014,4,NY,0.060269
2014,4,OH,0.077721
2014,4,OK,0.116716
2014,4,OR,0.028522
2014,4,PA,0.042767
2014,4,RI,0.065678
2014,4,SC,0.024249
2014,4,SD,0.171783
2014,4,TN,0.028213
2014,4,TX,0.089919
2014,4,UT,0.064469
2014,4,VA,0.039045
2014,4,VT,0.034111
2014,4,WA,0.038729
2014,4,WI,0.065095
2014,4,WV,0.026472
2014,4,WY,0.124705
2014,5,AL,0.012453
2014,5,AR,0.029877
2014,5,AZ,0.061369
2014,5,CA,0.052653
2014,5,CO,0.074258
2014,5,CT,0.032672
2014,5,DE,0.026659
2014,5,FL,0.022164
2014,5,GA,0.006958
2014,5,IA,0.069665
2014,5,ID,0.037884
2014,5,IL,0.044294
2014,5,IN,0.042966
2014,5,KS,0.087608
2014,5,KY,0.019103
2014,5,LA,0.043542
2014,5,MA,0.037484
2014,5,MD,0.020257
2014,5,ME,0.015188
2014,5,MI,0.031292
2014,5,MN,0.046108
2014,5,MO,0.034276
2014,5,MS,0.020052
2014,5,MT,0.046229
2014,5,NC,0.01523
2014,5,ND,0.09496
2014,5,NE,0.083443
2014,5,NH,0.048515
2014,5,NJ,0.026959
2014,5,NM,0.085728
2014,5,NV,0.077684
2014,5,NY,0.030985
2014,5,OH,0.036949
2014,5,OK,0.080094
2014,5,OR,0.025127
2014,5,PA,0.016266
2014,5,RI,0.046494
2014,5,SC,0.011325
2014,5,SD,0.090507
2014,5,TN,0.013394
2014,5,TX,0.076803
2014,5,UT,0.060929
2014,5,VA,0.017368
2014,5,VT,0.019606
2014,5,WA,0.029457
2014,5,WI,0.028135
2014,5,WV,0.013856
2014,5,WY,0.082583
2014,6,AL,0.011322
2014,6,AR,0.01921
2014,6,AZ,0.052172
2014,6,CA,0.045111
2014,6,CO,0.081856
2014,6,CT,0.01638
2014,6,DE,0.020584
2014,6,FL,0.01503
2014,6,GA,0.007083
2014,6,IA,0.053415
2014,6,ID,0.03236
2014,6,IL,0.03364
2014,6,IN,0.025489
2014,6,KS,0.116499
2014,6,KY,0.010812
2014,6,LA,0.025487
2014,6,MA,0.021792
2014,6,MD,0.013829
2014,6,ME,0.014637
2014,6,MI,0.024774
2014,6,MN,0.046062
2014,6,MO,0.030349
2014,6,MS,0.010819
2014,6,MT,0.065937
2014,6,NC,0.010556
2014,6,ND,0.087416
2014,6,NE,0.078096
2014,6,NH,0.036291
2014,6,NJ,0.017582
2014,6,NM,0.088097
2014,6,NV,0.060488
2014,6,NY,0.015939
2014,6,OH,0.024573
2014,6,OK,0.082766
2014,6,OR,0.02832
2014,6,PA,0.008552
2014,6,RI,0.026379
2014,6,SC,0.009541
2014,6,SD,0.065668
2014,6,TN,0.009304
2014,6,TX,0.078883
2014,6,UT,0.054452
2014,6,VA,0.01005
2014,6,VT,0.008759
2014,6,WA,0.033939
2014,6,WI,0.029435
2014,6,WV,0.005298
2014,6,WY,0.073519
2014,7,AL,0.009116
2014,7,AR,0.009123
2014,7,AZ,0.033938
2014,7,CA,0.032525
2014,7,CO,0.038355
2014,7,CT,0.018494
2014,7,DE,0.030798
2014,7,FL,0.011758
2014,7,GA,0.005308
2014,7,IA,0.031722
2014,7,ID,0.021922
2014,7,IL,0.021152
2014,7,IN,0.02192
2014,7,KS,0.050723
2014,7,KY,0.01052
2014,7,LA,0.015223
2014,7,MA,0.037489
2014,7,MD,0.022111
2014,7,ME,0.013383
2014,7,MI,0.026621
2014,7,MN,0.034736
2014,7,MO,0.015332
2014,7,MS,0.005767
2014,7,MT,0.049443
2014,7,NC,0.014614
2014,7,ND,0.05723
2014,7,NE,0.04025
2014,7,NH,0.042219
2014,7,NJ,0.024316
2014,7,NM,0.048746
2014,7,NV,0.042244
2014,7,NY,0.024189
2014,7,OH,0.027764
2014,7,OK,0.029855
2014,7,OR,0.025009
2014,7,PA,0.012736
2014,7,RI,0.041218
2014,7,SC,0.01053
2014,7,SD,0.055465
2014,7,TN,0.00806
2014,7,TX,0.033083
2014,7,UT,0.042368
2014,7,VA,0.019111
2014,7,VT,0.008647
2014,7,WA,0.027177
2014,7,WI,0.020715
2014,7,WV,0.008885
2014,7,WY,0.049688
2014,8,AL,0.007598
2014,8,AR,0.007103
2014,8,AZ,0.022035
2014,8,CA,0.028016
2014,8,CO,0.031912
2014,8,CT,0.012413
2014,8,DE,0.018838
2014,8,FL,0.013403
2014,8,GA,0.005754
2014,8,IA,0.011226
2014,8,ID,0.016903
2014,8,IL,0.012015
2014,8,IN,0.011021
2014,8,KS,0.045283
2014,8,KY,0.004411
2014,8,LA,0.015791
2014,8,MA,0.01522
2014,8,MD,0.010276
2014,8,ME,0.00749
2014,8,MI,0.014858
2014,8,MN,0.010088
2014,8,MO,0.008728
2014,8,MS,0.00661
2014,8,MT,0.03607
2014,8,NC,0.008094
2014,8,ND,0.029994
2014,8,NE,0.023656
2014,8,NH,0.033461
2014,8,NJ,0.014591
2014,8,NM,0.030879
2014,8,NV,0.035501
2014,8,NY,0.015112
2014,8,OH,0.013861
2014,8,OK,0.030842
2014,8,OR,0.018739
2014,8,PA,0.005887
2014,8,RI,0.02156
2014,8,SC,0.005656
2014,8,SD,0.032843
2014,8,TN,0.003976
2014,8,TX,0.034767
2014,8,UT,0.033927
2014,8,VA,0.008111
2014,8,VT,0.006038
2014,8,WA,0.019967
2014,8,WI,0.010344
2014,8,WV,0.003358
2014,8,WY,0.039835
2014,9,AL,0.009519
2014,9,AR,0.009115
2014,9,AZ,0.018966
2014,9,CA,0.023672
2014,9,CO,0.040552
2014,9,CT,0.01298
2014,9,DE,0.039971
2014,9,FL,0.00986
2014,9,GA,0.004126
2014,9,IA,0.027648
2014,9,ID,0.023485
2014,9,IL,0.019209
2014,9,IN,0.018621
2014,9,KS,0.063039
2014,9,KY,0.006668
2014,9,LA,0.028209
2014,9,MA,0.019401
2014,9,MD,0.016384
2014,9,ME,0.011664
2014,9,MI,0.032558
2014,9,MN,0.025449
2014,9,MO,0.014249
2014,9,MS,0.008559
2014,9,MT,0.044306
2014,9,NC,0.01021
2014,9,ND,0.063199
2014,9,NE,0.040571
2014,9,NH,0.037529
2014,9,NJ,0.01684
2014,9,NM,0.042735
2014,9,NV,0.035315
2014,9,NY,0.01951
2014,9,OH,0.024019
2014,9,OK,0.044004
2014,9,OR,0.019938
2014,9,PA,0.008692
2014,9,RI,0.02605
2014,9,SC,0.007455
2014,9,SD,0.056733
2014,9,TN,0.004733
2014,9,TX,0.034941
2014,9,UT,0.026132
2014,9,VA,0.014555
2014,9,VT,0.009881
2014,9,WA,0.019775
2014,9,WI,0.023649
2014,9,WV,0.004525
2014,9,WY,0.053027
2014,10,AL,0.014055
2014,10,AR,0.01951
2014,10,AZ,0.012886
2014,10,CA,0.017715
2014,10,CO,0.048528
2014,10,CT,0.042634
2014,10,DE,0.044853
2014,10,FL,0.012552
2014,10,GA,0.005011
2014,10,IA,0.060464
2014,10,ID,0.027974
2014,10,IL,0.04021
2014,10,IN,0.040788
2014,10,KS,0.058745
2014,10,KY,0.017889
2014,10,LA,0.029528
2014,10,MA,0.042236
2014,10,MD,0.035367
2014,10,ME,0.024557
2014,10,MI,0.057884
2014,10,MN,0.059088
2014,10,MO,0.027986
2014,10,MS,0.014544
2014,10,MT,0.088774
2014,10,NC,0.013631
2014,10,ND,0.118122
2014,10,NE,0.063855
2014,10,NH,0.053062
2014,10,NJ,0.034157
2014,10,NM,0.037627
2014,10,NV,0.030319
2014,10,NY,0.038846
2014,10,OH,0.046822
2014,10,OK,0.044026
2014,10,OR,0.026683
2014,10,PA,0.023798
2014,10,RI,0.057365
2014,10,SC,0.006959
2014,10,SD,0.103685
2014,10,TN,0.015184
2014,10,TX,0.03788
2014,10,UT,0.025911
2014,10,VA,0.024874
2014,10,VT,0.01315
2014,10,WA,0.025822
2014,10,WI,0.039906
2014,10,WV,0.014188
2014,10,WY,0.072532
2014,11,AL,0.024457
2014,11,AR,0.034102
2014,11,AZ,0.031581
2014,11,CA,0.018869
2014,11,CO,0.073995
2014,11,CT,0.053781
2014,11,DE,0.069387
2014,11,FL,0.027827
2014,11,GA,0.015134
2014,11,IA,0.115757
2014,11,ID,0.047373
2014,11,IL,0.07639
2014,11,IN,0.07903
2014,11,KS,0.105721
2014,11,KY,0.030938
2014,11,LA,0.070794
2014,11,MA,0.068177
2014,11,MD,0.052443
2014,11,ME,0.04002
2014,11,MI,0.086951
2014,11,MN,0.078184
2014,11,MO,0.049832
2014,11,MS,0.028662
2014,11,MT,0.122977
2014,11,NC,0.022603
2014,11,ND,0.148739
2014,11,NE,0.12034
2014,11,NH,0.058307
2014,11,NJ,0.047844
2014,11,NM,0.066272
2014,11,NV,0.031839
2014,11,NY,0.058834
2014,11,OH,0.093039
2014,11,OK,0.077693
2014,11,OR,0.043003
2014,11,PA,0.038143
2014,11,RI,0.06659
2014,11,SC,0.013621
2014,11,SD,0.148417
2014,11,TN,0.026138
2014,11,TX,0.067006
2014,11,UT,0.042274
2014,11,VA,0.036572
2014,11,VT,0.021413
2014,11,WA,0.039007
2014,11,WI,0.045151
2014,11,WV,0.025572
2014,11,WY,0.137519
2014,12,AL,0.013847
2014,12,AR,0.016813
2014,12,AZ,0.019509
2014,12,CA,0.028284
2014,12,CO,0.047976
2014,12,CT,0.03538
2014,12,DE,0.055177
2014,12,FL,0.013269
2014,12,GA,0.006606
2014,12,IA,0.053096
2014,12,ID,0.039311
2014,12,IL,0.031797
2014,12,IN,0.029976
2014,12,KS,0.063944
2014,12,KY,0.011907
2014,12,LA,0.040674
2014,12,MA,0.046045
2014,12,MD,0.030875
2014,12,ME,0.029247
2014,12,MI,0.048885
2014,12,MN,0.040563
2014,12,MO,0.02195
2014,12,MS,0.013733
2014,12,MT,0.082315
2014,12,NC,0.016729
2014,12,ND,0.069779
2014,12,NE,0.08224
2014,12,NH,0.043224
2014,12,NJ,0.036189
2014,12,NM,0.051968
2014,12,NV,0.041305
2014,12,NY,0.04248
2014,12,OH,0.045236
2014,12,OK,0.049211
2014,12,OR,0.045962
2014,12,PA,0.027875
2014,12,RI,0.044336
2014,12,SC,0.007864
2014,12,SD,0.088059
2014,12,TN,0.010896
2014,12,TX,0.04746
2014,12,UT,0.031843
2014,12,VA,0.024747
2014,12,VT,0.014482
2014,12,WA,0.03137
2014,12,WI,0.025167
2014,12,WV,0.014446
2014,12,WY,0.088113
2015,1,AL,0.024212
2015,1,AR,0.022777
2015,1,AZ,0.019182
2015,1,CA,0.008504
2015,1,CO,0.052836
2015,1,CT,0.060949
2015,1,DE,0.072533
2015,1,FL,0.025276
2015,1,GA,0.015673
2015,1,IA,0.088761
2015,1,ID,0.013361
2015,1,IL,0.062129
2015,1,IN,0.057652
2015,1,KS,0.075491
2015,1,KY,0.024862
2015,1,LA,0.066126
2015,1,MA,0.084139
2015,1,MD,0.050057
2015,1,ME,0.0521
2015,1,MI,0.071409
2015,1,MN,0.059853
2015,1,MO,0.038342
2015,1,MS,0.026493
2015,1,MT,0.133383
2015,1,NC,0.023831
2015,1,ND,0.129936
2015,1,NE,0.109852
2015,1,NH,0.055052
2015,1,NJ,0.053617
2015,1,NM,0.038813
2015,1,NV,0.010725
2015,1,NY,0.068806
2015,1,OH,0.068599
2015,1,OK,0.053513
2015,1,OR,0.021227
2015,1,PA,0.044229
2015,1,RI,0.075115
2015,1,SC,0.014535
2015,1,SD,0.119715
2015,1,TN,0.021488
2015,1,TX,0.04607
2015,1,UT,0.008699
2015,1,VA,0.035662
2015,1,VT,0.028465
2015,1,WA,0.01477
2015,1,WI,0.041596
2015,1,WV,0.02666
2015,1,WY,0.08976
2015,2,AL,0.034519
2015,2,AR,0.038517
2015,2,AZ,0.028178
2015,2,CA,0.027253
2015,2,CO,0.062415
2015,2,CT,0.059553
2015,2,DE,0.087965
2015,2,FL,0.031422
2015,2,GA,0.021997
2015,2,IA,0.091959
2015,2,ID,0.03179
2015,2,IL,0.069182
2015,2,IN,0.058136
2015,2,KS,0.084235
2015,2,KY,0.032705
2015,2,LA,0.07168
2015,2,MA,0.083524
2015,2,MD,0.067815
2015,2,ME,0.053293
2015,2,MI,0.059201
2015,2,MN,0.066416
2015,2,MO,0.04508
2015,2,MS,0.042399
2015,2,MT,0.093712
2015,2,NC,0.040851
2015,2,ND,0.099988
2015,2,NE,0.096671
2015,2,NH,0.059656
2015,2,NJ,0.065295
2015,2,NM,0.0614
2015,2,NV,0.033427
2015,2,NY,0.060633
2015,2,OH,0.056132
2015,2,OK,0.070276
2015,2,OR,0.036388
2015,2,PA,0.043267
2015,2,RI,0.075382
2015,2,SC,0.027795
2015,2,SD,0.093866
2015,2,TN,0.033182
2015,2,TX,0.063818
2015,2,UT,0.031368
2015,2,VA,0.057709
2015,2,VT,0.019706
2015,2,WA,0.024099
2015,2,WI,0.048571
2015,2,WV,0.030469
2015,2,WY,0.101089
2015,3,AL,0.020313
2015,3,AR,0.021085
2015,3,AZ,0.025967
2015,3,CA,0.019767
2015,3,CO,0.048583
2015,3,CT,0.044867
2015,3,DE,0.046594
2015,3,FL,0.020702
2015,3,GA,0.011785
2015,3,IA,0.072018
2015,3,ID,0.032651
2015,3,IL,0.044029
2015,3,IN,0.038538
2015,3,KS,0.062239
2015,3,KY,0.017688
2015,3,LA,0.041673
2015,3,MA,0.065594
2015,3,MD,0.035515
2015,3,ME,0.055412
2015,3,MI,0.047972
2015,3,MN,0.064957
2015,3,MO,0.02718
2015,3,MS,0.023752
2015,3,MT,0.116695
2015,3,NC,0.024793
2015,3,ND,0.117057
2015,3,NE,0.086308
2015,3,NH,0.065808
2015,3,NJ,0.040769
2015,3,NM,0.045136
2015,3,NV,0.025429
2015,3,NY,0.050334
2015,3,OH,0.043003
2015,3,OK,0.044148
2015,3,OR,0.023467
2015,3,PA,0.031535
2015,3,RI,0.053373
2015,3,SC,0.016378
2015,3,SD,0.110839
2015,3,TN,0.016095
2015,3,TX,0.039674
2015,3,UT,0.022678
2015,3,VA,0.032549
2015,3,VT,0.033454
2015,3,WA,0.02897
2015,3,WI,0.036695
2015,3,WV,0.022999
2015,3,WY,0.071083
2015,4,AL,0.016956
2015,4,AR,0.032558
2015,4,AZ,0.046308
2015,4,CA,0.042995
2015,4,CO,0.083067
2015,4,CT,0.046193
2015,4,DE,0.063252
2015,4,FL,0.017118
2015,4,GA,0.009452
2015,4,IA,0.101287
2015,4,ID,0.047621
2015,4,IL,0.073031
2015,4,IN,0.067089
2015,4,KS,0.096518
2015,4,KY,0.027752
2015,4,LA,0.039597
2015,4,MA,0.057416
2015,4,MD,0.045257
2015,4,ME,0.03466
2015,4,MI,0.05287
2015,4,MN,0.08586
2015,4,MO,0.044468
2015,4,MS,0.022161
2015,4,MT,0.090911
2015,4,NC,0.02189
2015,4,ND,0.138812
2015,4,NE,0.100646
2015,4,NH,0.061465
2015,4,NJ,0.056202
2015,4,NM,0.097171
2015,4,NV,0.06616
2015,4,NY,0.054105
2015,4,OH,0.071591
2015,4,OK,0.071536
2015,4,OR,0.026681
2015,4,PA,0.037173
2015,4,RI,0.056989
2015,4,SC,0.014728
2015,4,SD,0.121817
2015,4,TN,0.023527
2015,4,TX,0.054591
2015,4,UT,0.070798
2015,4,VA,0.034907
2015,4,VT,0.027763
2015,4,WA,0.03423
2015,4,WI,0.051866
2015,4,WV,0.025724
2015,4,WY,0.086268
2015,5,AL,0.011926
2015,5,AR,0.018625
2015,5,AZ,0.041806
2015,5,CA,0.040522
2015,5,CO,0.055988
2015,5,CT,0.024146
2015,5,DE,0.027879
2015,5,FL,0.021494
2015,5,GA,0.007359
2015,5,IA,0.081007
2015,5,ID,0.024908
2015,5,IL,0.051967
2015,5,IN,0.038337
2015,5,KS,0.076087
2015,5,KY,0.01226
2015,5,LA,0.03657
2015,5,MA,0.043175
2015,5,MD,0.023148
2015,5,ME,0.024588
2015,5,MI,0.035865
2015,5,MN,0.060214
2015,5,MO,0.028135
2015,5,MS,0.017143
2015,5,MT,0.054145
2015,5,NC,0.017044
2015,5,ND,0.11244
2015,5,NE,0.085821
2015,5,NH,0.051659
2015,5,NJ,0.028033
2015,5,NM,0.073319
2015,5,NV,0.05235
2015,5,NY,0.029361
2015,5,OH,0.035335
2015,5,OK,0.046438
2015,5,OR,0.01942
2015,5,PA,0.015902
2015,5,RI,0.040135
2015,5,SC,0.012372
2015,5,SD,0.108611
2015,5,TN,0.008917
2015,5,TX,0.066137
2015,5,UT,0.040426
2015,5,VA,0.017441
2015,5,VT,0.017187
2015,5,WA,0.023723
2015,5,WI,0.038935
2015,5,WV,0.007102
2015,5,WY,0.059718
2015,6,AL,0.012333
2015,6,AR,0.015451
2015,6,AZ,0.03369
2015,6,CA,0.035163
2015,6,CO,0.039881
2015,6,CT,0.019011
2015,6,DE,0.034229
2015,6,FL,0.014369
2015,6,GA,0.005651
2015,6,IA,0.028656
2015,6,ID,0.020102
2015,6,IL,0.023252
2015,6,IN,0.024989
2015,6,KS,0.061175
2015,6,KY,0.012007
2015,6,LA,0.027098
2015,6,MA,0.030692
2015,6,MD,0.024042
2015,6,ME,0.01646
2015,6,MI,0.020953
2015,6,MN,0.021898
2015,6,MO,0.019079
2015,6,MS,0.011198
2015,6,MT,0.037124
2015,6,NC,0.013076
2015,6,ND,0.051056
2015,6,NE,0.04544
2015,6,NH,0.043227
2015,6,NJ,0.027076
2015,6,NM,0.041335
2015,6,NV,0.04256
2015,6,NY,0.022233
2015,6,OH,0.033005
2015,6,OK,0.03812
2015,6,OR,0.026492
2015,6,PA,0.015192
2015,6,RI,0.036638
2015,6,SC,0.01168
2015,6,SD,0.046456
2015,6,TN,0.008783
2015,6,TX,0.037352
2015,6,UT,0.03816
2015,6,VA,0.018498
2015,6,VT,0.009952
2015,6,WA,0.033352
2015,6,WI,0.015696
2015,6,WV,0.010331
2015,6,WY,0.041933
2015,7,AL,0.012757
2015,7,AR,0.011562
2015,7,AZ,0.031624
2015,7,CA,0.033592
2015,7,CO,0.038708
2015,7,CT,0.011783
2015,7,DE,0.01126
2015,7,FL,0.015112
2015,7,GA,0.007779
2015,7,IA,0.015846
2015,7,ID,0.02125
2015,7,IL,0.013356
2015,7,IN,0.014009
2015,7,KS,0.046559
2015,7,KY,0.007833
2015,7,LA,0.016236
2015,7,MA,0.016131
2015,7,MD,0.01139
2015,7,ME,0.007178
2015,7,MI,0.02003
2015,7,MN,0.025518
2015,7,MO,0.01184
2015,7,MS,0.00914
2015,7,MT,0.063765
2015,7,NC,0.011023
2015,7,ND,0.072553
2015,7,NE,0.036333
2015,7,NH,0.042454
2015,7,NJ,0.014223
2015,7,NM,0.03412
2015,7,NV,0.047917
2015,7,NY,0.013585
2015,7,OH,0.015382
2015,7,OK,0.034389
2015,7,OR,0.021909
2015,7,PA,0.006681
2015,7,RI,0.021446
2015,7,SC,0.010787
2015,7,SD,0.050108
2015,7,TN,0.007908
2015,7,TX,0.041313
2015,7,UT,0.044785
2015,7,VA,0.010518
2015,7,VT,0.005712
2015,7,WA,0.032094
2015,7,WI,0.019543
2015,7,WV,0.004489
2015,7,WY,0.048821
2015,8,AL,0.009629
2015,8,AR,0.005566
2015,8,AZ,0.025881
2015,8,CA,0.030314
2015,8,CO,0.042207
2015,8,CT,0.01203
2015,8,DE,0.013071
2015,8,FL,0.012765
2015,8,GA,0.004854
2015,8,IA,0.023862
2015,8,ID,0.021408
2015,8,IL,0.015702
2015,8,IN,0.016451
2015,8,KS,0.035606
2015,8,KY,0.003992
2015,8,LA,0.018211
2015,8,MA,0.015568
2015,8,MD,0.011028
2015,8,ME,0.007332
2015,8,MI,0.025911
2015,8,MN,0.033103
2015,8,MO,0.008136
2015,8,MS,0.00878
2015,8,MT,0.057262
2015,8,NC,0.006545
2015,8,ND,0.053655
2015,8,NE,0.045105
2015,8,NH,0.031643
2015,8,NJ,0.016228
2015,8,NM,0.03527
2015,8,NV,0.039355
2015,8,NY,0.015433
2015,8,OH,0.017233
2015,8,OK,0.022014
2015,8,OR,0.023642
2015,8,PA,0.006027
2015,8,RI,0.020595
2015,8,SC,0.006355
2015,8,SD,0.057141
2015,8,TN,0.003965
2015,8,TX,0.027027
2015,8,UT,0.035166
2015,8,VA,0.008399
2015,8,VT,0.005651
2015,8,WA,0.035823
2015,8,WI,0.021515
2015,8,WV,0.002711
2015,8,WY,0.051908
2015,9,AL,0.009163
2015,9,AR,0.005387
2015,9,AZ,0.022629
2015,9,CA,0.021294
2015,9,CO,0.036227
2015,9,CT,0.018149
2015,9,DE,0.037249
2015,9,FL,0.010041
2015,9,GA,0.004296
2015,9,IA,0.029777
2015,9,ID,0.016416
2015,9,IL,0.019729
2015,9,IN,0.016664
2015,9,KS,0.072071
2015,9,KY,0.004355
2015,9,LA,0.028349
2015,9,MA,0.022922
2015,9,MD,0.017776
2015,9,ME,0.010482
2015,9,MI,0.021812
2015,9,MN,0.024955
2015,9,MO,0.014248
2015,9,MS,0.006812
2015,9,MT,0.055901
2015,9,NC,0.0164
2015,9,ND,0.059466
2015,9,NE,0.043278
2015,9,NH,0.031216
2015,9,NJ,0.020089
2015,9,NM,0.033338
2015,9,NV,0.032992
2015,9,NY,0.015944
2015,9,OH,0.022558
2015,9,OK,0.042074
2015,9,OR,0.014148
2015,9,PA,0.00702
2015,9,RI,0.027362
2015,9,SC,0.009652
2015,9,SD,0.045468
2015,9,TN,0.003259
2015,9,TX,0.027519
2015,9,UT,0.048871
2015,9,VA,0.020323
2015,9,VT,0.005748
2015,9,WA,0.019405
2015,9,WI,0.016912
2015,9,WV,0.003647
2015,9,WY,0.051198
2015,10,AL,0.021936
2015,10,AR,0.013619
2015,10,AZ,0.025635
2015,10,CA,0.018109
2015,10,CO,0.04102
2015,10,CT,0.035424
2015,10,DE,0.071938
2015,10,FL,0.024099
2015,10,GA,0.007711
2015,10,IA,0.056306
2015,10,ID,0.020915
2015,10,IL,0.054585
2015,10,IN,0.051137
2015,10,KS,0.050327
2015,10,KY,0.012954
2015,10,LA,0.070782
2015,10,MA,0.057695
2015,10,MD,0.037522
2015,10,ME,0.025569
2015,10,MI,0.06353
2015,10,MN,0.054974
2015,10,MO,0.018176
2015,10,MS,0.024674
2015,10,MT,0.074829
2015,10,NC,0.026907
2015,10,ND,0.116012
2015,10,NE,0.057992
2015,10,NH,0.051252
2015,10,NJ,0.042167
2015,10,NM,0.035649
2015,10,NV,0.022106
2015,10,NY,0.042288
2015,10,OH,0.062775
2015,10,OK,0.030697
2015,10,OR,0.019626
2015,10,PA,0.021035
2015,10,RI,0.064494
2015,10,SC,0.02022
2015,10,SD,0.083459
2015,10,TN,0.009742
2015,10,TX,0.046108
2015,10,UT,0.023607
2015,10,VA,0.03273
2015,10,VT,0.015766
2015,10,WA,0.025779
2015,10,WI,0.043508
2015,10,WV,0.011383
2015,10,WY,0.054173
2015,11,AL,0.024163
2015,11,AR,0.023437
2015,11,AZ,0.037052
2015,11,CA,0.02816
2015,11,CO,0.07183
2015,11,CT,0.03268
2015,11,DE,0.03952
2015,11,FL,0.027055
2015,11,GA,0.008415
2015,11,IA,0.098469
2015,11,ID,0.041119
2015,11,IL,0.08754
2015,11,IN,0.070643
2015,11,KS,0.103961
2015,11,KY,0.018554
2015,11,LA,0.072533
2015,11,MA,0.042697
2015,11,MD,0.02845
2015,11,ME,0.022832
2015,11,MI,0.077187
2015,11,MN,0.065099
2015,11,MO,0.048183
2015,11,MS,0.026723
2015,11,MT,0.123989
2015,11,NC,0.013809
2015,11,ND,0.099117
2015,11,NE,0.092424
2015,11,NH,0.047781
2015,11,NJ,0.028257
2015,11,NM,0.074041
2015,11,NV,0.043446
2015,11,NY,0.043171
2015,11,OH,0.073152
2015,11,OK,0.074577
2015,11,OR,0.037264
2015,11,PA,0.027275
2015,11,RI,0.041487
2015,11,SC,0.007612
2015,11,SD,0.08994
2015,11,TN,0.017355
2015,11,TX,0.055206
2015,11,UT,0.04803
2015,11,VA,0.018426
2015,11,VT,0.018922
2015,11,WA,0.040781
2015,11,WI,0.056158
2015,11,WV,0.020624
2015,11,WY,0.093951
2015,12,AL,0.021661
2015,12,AR,0.033775
2015,12,AZ,0.031186
2015,12,CA,0.037575
2015,12,CO,0.067193
2015,12,CT,0.015798
2015,12,DE,0.037704
2015,12,FL,0.025056
2015,12,GA,0.005923
2015,12,IA,0.08572
2015,12,ID,0.048491
2015,12,IL,0.078462
2015,12,IN,0.067934
2015,12,KS,0.094211
2015,12,KY,0.025265
2015,12,LA,0.068379
2015,12,MA,0.038042
2015,12,MD,0.024774
2015,12,ME,0.01795
2015,12,MI,0.072625
2015,12,MN,0.043974
2015,12,MO,0.048297
2015,12,MS,0.029259
2015,12,MT,0.094075
2015,12,NC,0.013196
2015,12,ND,0.063604
2015,12,NE,0.085672
2015,12,NH,0.049862
2015,12,NJ,0.027708
2015,12,NM,0.083899
2015,12,NV,0.044924
2015,12,NY,0.033293
2015,12,OH,0.062233
2015,12,OK,0.06869
2015,12,OR,0.064252
2015,12,PA,0.020681
2015,12,RI,0.035267
2015,12,SC,0.007531
2015,12,SD,0.074006
2015,12,TN,0.021979
2015,12,TX,0.064348
2015,12,UT,0.03629
2015,12,VA,0.01973
2015,12,VT,0.013449
2015,12,WA,0.045411
2015,12,WI,0.052086
2015,12,WV,0.015705
2015,12,WY,0.098921
2016,1,AL,0.021112
2016,1,AR,0.027614
2016,1,AZ,0.025184
2016,1,CA,0.029004
2016,1,CO,0.04565
2016,1,CT,0.04527
2016,1,DE,0.083276
2016,1,FL,0.034657
2016,1,GA,0.014065
2016,1,IA,0.067737
2016,1,ID,0.027079
2016,1,IL,0.054638
2016,1,IN,0.053005
2016,1,KS,0.049661
2016,1,KY,0.02999
2016,1,LA,0.077125
2016,1,MA,0.081091
2016,1,MD,0.046523
2016,1,ME,0.029059
2016,1,MI,0.044323
2016,1,MN,0.047117
2016,1,MO,0.033223
2016,1,MS,0.027325
2016,1,MT,0.086498
2016,1,NC,0.020896
2016,1,ND,0.09043
2016,1,NE,0.065773
2016,1,NH,0.054154
2016,1,NJ,0.048157
2016,1,NM,0.058013
2016,1,NV,0.02571
2016,1,NY,0.063802
2016,1,OH,0.06521
2016,1,OK,0.044473
2016,1,OR,0.036186
2016,1,PA,0.045726
2016,1,RI,0.062285
2016,1,SC,0.013647
2016,1,SD,0.067022
2016,1,TN,0.019625
2016,1,TX,0.052317
2016,1,UT,0.02107
2016,1,VA,0.034775
2016,1,VT,0.019475
2016,1,WA,0.016168
2016,1,WI,0.026918
2016,1,WV,0.026338
2016,1,WY,0.078491
2016,2,AL,0.030005
2016,2,AR,0.05172
2016,2,AZ,0.033817
2016,2,CA,0.027015
2016,2,CO,0.089864
2016,2,CT,0.050262
2016,2,DE,0.074022
2016,2,FL,0.044517
2016,2,GA,0.023952
2016,2,IA,0.117659
2016,2,ID,0.034971
2016,2,IL,0.08243
2016,2,IN,0.08085
2016,2,KS,0.117331
2016,2,KY,0.04139
2016,2,LA,0.077827
2016,2,MA,0.086328
2016,2,MD,0.045788
2016,2,ME,0.033175
2016,2,MI,0.064666
2016,2,MN,0.072407
2016,2,MO,0.071291
2016,2,MS,0.032866
2016,2,MT,0.145053
2016,2,NC,0.035821
2016,2,ND,0.112331
2016,2,NE,0.142895
2016,2,NH,0.059726
2016,2,NJ,0.047112
2016,2,NM,0.061057
2016,2,NV,0.033431
2016,2,NY,0.068469
2016,2,OH,0.076997
2016,2,OK,0.078592
2016,2,OR,0.029303
2016,2,PA,0.04529
2016,2,RI,0.069289
2016,2,SC,0.028605
2016,2,SD,0.125699
2016,2,TN,0.030052
2016,2,TX,0.059837
2016,2,UT,0.02664
2016,2,VA,0.040758
2016,2,VT,0.026521
2016,2,WA,0.025081
2016,2,WI,0.044564
2016,2,WV,0.034191
2016,2,WY,0.145987
2016,3,AL,0.027988
2016,3,AR,0.047284
2016,3,AZ,0.045467
2016,3,CA,0.047972
2016,3,CO,0.103843
2016,3,CT,0.038305
2016,3,DE,0.060218
2016,3,FL,0.035698
2016,3,GA,0.012209
2016,3,IA,0.088793
2016,3,ID,0.045354
2016,3,IL,0.068623
2016,3,IN,0.060436
2016,3,KS,0.136896
2016,3,KY,0.034543
2016,3,LA,0.079728
2016,3,MA,0.065617
2016,3,MD,0.037367
2016,3,ME,0.030128
2016,3,MI,0.038502
2016,3,MN,0.041171
2016,3,MO,0.05652
2016,3,MS,0.042315
2016,3,MT,0.108176
2016,3,NC,0.020017
2016,3,ND,0.099475
2016,3,NE,0.123643
2016,3,NH,0.055185
2016,3,NJ,0.040346
2016,3,NM,0.10969
2016,3,NV,0.071034
2016,3,NY,0.054325
2016,3,OH,0.060956
2016,3,OK,0.103612
2016,3,OR,0.050307
2016,3,PA,0.041543
2016,3,RI,0.054741
2016,3,SC,0.014715
2016,3,SD,0.098707
2016,3,TN,0.028674
2016,3,TX,0.080147
2016,3,UT,0.051445
2016,3,VA,0.029867
2016,3,VT,0.023309
2016,3,WA,0.042641
2016,3,WI,0.032807
2016,3,WV,0.02806
2016,3,WY,0.104181
2016,4,AL,0.01843
2016,4,AR,0.033012
2016,4,AZ,0.050641
2016,4,CA,0.047697
2016,4,CO,0.082594
2016,4,CT,0.036372
2016,4,DE,0.073134
2016,4,FL,0.032432
2016,4,GA,0.013873
2016,4,IA,0.131427
2016,4,ID,0.036628
2016,4,IL,0.063331
2016,4,IN,0.055939
2016,4,KS,0.116948
2016,4,KY,0.033481
2016,4,LA,0.061481
2016,4,MA,0.061961
2016,4,MD,0.043239
2016,4,ME,0.03235
2016,4,MI,0.029766
2016,4,MN,0.089838
2016,4,MO,0.053245
2016,4,MS,0.025944
2016,4,MT,0.09427
2016,4,NC,0.029589
2016,4,ND,0.16208
2016,4,NE,0.145177
2016,4,NH,0.062361
2016,4,NJ,0.037551
2016,4,NM,0.081732
2016,4,NV,0.056484
2016,4,NY,0.040428
2016,4,OH,0.055194
2016,4,OK,0.069744
2016,4,OR,0.025147
2016,4,PA,0.03488
2016,4,RI,0.057819
2016,4,SC,0.0196
2016,4,SD,0.144007
2016,4,TN,0.021503
2016,4,TX,0.056023
2016,4,UT,0.057373
2016,4,VA,0.039746
2016,4,VT,0.020474
2016,4,WA,0.028297
2016,4,WI,0.043329
2016,4,WV,0.031657
2016,4,WY,0.094449
2016,5,AL,0.009474
2016,5,AR,0.019023
2016,5,AZ,0.050922
2016,5,CA,0.037435
2016,5,CO,0.067268
2016,5,CT,0.018057
2016,5,DE,0.023097
2016,5,FL,0.021809
2016,5,GA,0.009195
2016,5,IA,0.053995
2016,5,ID,0.031053
2016,5,IL,0.032572
2016,5,IN,0.030608
2016,5,KS,0.07084
2016,5,KY,0.013011
2016,5,LA,0.032144
2016,5,MA,0.039434
2016,5,MD,0.013062
2016,5,ME,0.018744
2016,5,MI,0.023531
2016,5,MN,0.045183
2016,5,MO,0.023446
2016,5,MS,0.015345
2016,5,MT,0.078052
2016,5,NC,0.009551
2016,5,ND,0.108721
2016,5,NE,0.084579
2016,5,NH,0.041385
2016,5,NJ,0.018228
2016,5,NM,0.089067
2016,5,NV,0.047476
2016,5,NY,0.026806
2016,5,OH,0.022107
2016,5,OK,0.050861
2016,5,OR,0.023744
2016,5,PA,0.013668
2016,5,RI,0.042592
2016,5,SC,0.010391
2016,5,SD,0.079281
2016,5,TN,0.01265
2016,5,TX,0.05642
2016,5,UT,0.056029
2016,5,VA,0.010386
2016,5,VT,0.010605
2016,5,WA,0.034887
2016,5,WI,0.027719
2016,5,WV,0.009071
2016,5,WY,0.070856
2016,6,AL,0.007193
2016,6,AR,0.006982
2016,6,AZ,0.034113
2016,6,CA,0.038086
2016,6,CO,0.041856
2016,6,CT,0.020943
2016,6,DE,0.033548
2016,6,FL,0.023342
2016,6,GA,0.007394
2016,6,IA,0.042874
2016,6,ID,0.028665
2016,6,IL,0.017465
2016,6,IN,0.020804
2016,6,KS,0.053331
2016,6,KY,0.010605
2016,6,LA,0.0146
2016,6,MA,0.033197
2016,6,MD,0.017462
2016,6,ME,0.019103
2016,6,MI,0.022177
2016,6,MN,0.044723
2016,6,MO,0.01383
2016,6,MS,0.006693
2016,6,MT,0.076204
2016,6,NC,0.011303
2016,6,ND,0.102415
2016,6,NE,0.058428
2016,6,NH,0.04789
2016,6,NJ,0.021821
2016,6,NM,0.048809
2016,6,NV,0.052872
2016,6,NY,0.031041
2016,6,OH,0.02409
2016,6,OK,0.02899
2016,6,OR,0.022206
2016,6,PA,0.017498
2016,6,RI,0.032691
2016,6,SC,0.009624
2016,6,SD,0.079677
2016,6,TN,0.006473
2016,6,TX,0.028856
2016,6,UT,0.052001
2016,6,VA,0.012792
2016,6,VT,0.01236
2016,6,WA,0.029359
2016,6,WI,0.022956
2016,6,WV,0.009894
2016,6,WY,0.055537
2016,7,AL,0.008262
2016,7,AR,0.014767
2016,7,AZ,0.037617
2016,7,CA,0.034956
2016,7,CO,0.048392
2016,7,CT,0.011945
2016,7,DE,0.019315
2016,7,FL,0.015162
2016,7,GA,0.007453
2016,7,IA,0.024023
2016,7,ID,0.024852
2016,7,IL,0.012855
2016,7,IN,0.012112
2016,7,KS,0.057792
2016,7,KY,0.008001
2016,7,LA,0.015599
2016,7,MA,0.026239
2016,7,MD,0.00752
2016,7,ME,0.010174
2016,7,MI,0.01774
2016,7,MN,0.024572
2016,7,MO,0.015401
2016,7,MS,0.009252
2016,7,MT,0.063567
2016,7,NC,0.010117
2016,7,ND,0.05658
2016,7,NE,0.050356
2016,7,NH,0.043415
2016,7,NJ,0.011197
2016,7,NM,0.055913
2016,7,NV,0.051399
2016,7,NY,0.020585
2016,7,OH,0.01278
2016,7,OK,0.051215
2016,7,OR,0.024895
2016,7,PA,0.009029
2016,7,RI,0.027715
2016,7,SC,0.012169
2016,7,SD,0.060265
2016,7,TN,0.008968
2016,7,TX,0.054905
2016,7,UT,0.053901
2016,7,VA,0.006806
2016,7,VT,0.00703
2016,7,WA,0.027208
2016,7,WI,0.017675
2016,7,WV,0.004585
2016,7,WY,0.066449
2016,8,AL,0.008262
2016,8,AR,0.006089
2016,8,AZ,0.02642
2016,8,CA,0.02574
2016,8,CO,0.034629
2016,8,CT,0.011131
2016,8,DE,0.01583
2016,8,FL,0.02108
2016,8,GA,0.005279
2016,8,IA,0.015713
2016,8,ID,0.020413
2016,8,IL,0.007317
2016,8,IN,0.008516
2016,8,KS,0.037429
2016,8,KY,0.006285
2016,8,LA,0.024252
2016,8,MA,0.023351
2016,8,MD,0.006718
2016,8,ME,0.010317
2016,8,MI,0.011752
2016,8,MN,0.017128
2016,8,MO,0.00787
2016,8,MS,0.009217
2016,8,MT,0.060403
2016,8,NC,0.004808
2016,8,ND,0.056354
2016,8,NE,0.039124
2016,8,NH,0.04793
2016,8,NJ,0.009391
2016,8,NM,0.037468
2016,8,NV,0.036126
2016,8,NY,0.016812
2016,8,OH,0.013665
2016,8,OK,0.025619
2016,8,OR,0.020279
2016,8,PA,0.006745
2016,8,RI,0.024786
2016,8,SC,0.005643
2016,8,SD,0.055248
2016,8,TN,0.008656
2016,8,TX,0.026489
2016,8,UT,0.036753
2016,8,VA,0.005491
2016,8,VT,0.008658
2016,8,WA,0.020655
2016,8,WI,0.010025
2016,8,WV,0.003522
2016,8,WY,0.046281
2016,9,AL,0.004102
2016,9,AR,0.008547
2016,9,AZ,0.029728
2016,9,CA,0.026576
2016,9,CO,0.052627
2016,9,CT,0.024369
2016,9,DE,0.041267
2016,9,FL,0.018355
2016,9,GA,0.005422
2016,9,IA,0.033415
2016,9,ID,0.024176
2016,9,IL,0.016241
2016,9,IN,0.011596
2016,9,KS,0.062236
2016,9,KY,0.006894
2016,9,LA,0.01524
2016,9,MA,0.034153
2016,9,MD,0.016222
2016,9,ME,0.008408
2016,9,MI,0.016228
2016,9,MN,0.033341
2016,9,MO,0.011935
2016,9,MS,0.006175
2016,9,MT,0.072331
2016,9,NC,0.01049
2016,9,ND,0.077777
2016,9,NE,0.057189
2016,9,NH,0.035901
2016,9,NJ,0.021672
2016,9,NM,0.044738
2016,9,NV,0.037046
2016,9,NY,0.020317
2016,9,OH,0.013904
2016,9,OK,0.033199
2016,9,OR,0.016638
2016,9,PA,0.01061
2016,9,RI,0.041083
2016,9,SC,0.009763
2016,9,SD,0.078692
2016,9,TN,0.005676
2016,9,TX,0.02385
2016,9,UT,0.046434
2016,9,VA,0.013248
2016,9,VT,0.006914
2016,9,WA,0.017102
2016,9,WI,0.021303
2016,9,WV,0.004642
2016,9,WY,0.059982
2016,10,AL,0.010041
2016,10,AR,0.016598
2016,10,AZ,0.021283
2016,10,CA,0.029446
2016,10,CO,0.061887
2016,10,CT,0.024131
2016,10,DE,0.034418
2016,10,FL,0.046492
2016,10,GA,0.012965
2016,10,IA,0.04622
2016,10,ID,0.030494
2016,10,IL,0.027786
2016,10,IN,0.027017
2016,10,KS,0.076544
2016,10,KY,0.012554
2016,10,LA,0.03627
2016,10,MA,0.047018
2016,10,MD,0.024836
2016,10,ME,0.019783
2016,10,MI,0.023019
2016,10,MN,0.042963
2016,10,MO,0.026701
2016,10,MS,0.011453
2016,10,MT,0.08216
2016,10,NC,0.022955
2016,10,ND,0.082518
2016,10,NE,0.059604
2016,10,NH,0.046695
2016,10,NJ,0.020588
2016,10,NM,0.043684
2016,10,NV,0.056907
2016,10,NY,0.03128
2016,10,OH,0.030015
2016,10,OK,0.06315
2016,10,OR,0.032584
2016,10,PA,0.02173
2016,10,RI,0.03332
2016,10,SC,0.020954
2016,10,SD,0.068954
2016,10,TN,0.009229
2016,10,TX,0.030961
2016,10,UT,0.053197
2016,10,VA,0.022854
2016,10,VT,0.013858
2016,10,WA,0.028296
2016,10,WI,0.021739
2016,10,WV,0.011917
2016,10,WY,0.078152
2016,11,AL,0.013455
2016,11,AR,0.018723
2016,11,AZ,0.033401
2016,11,CA,0.020746
2016,11,CO,0.065711
2016,11,CT,0.026787
2016,11,DE,0.045372
2016,11,FL,0.019925
2016,11,GA,0.00856
2016,11,IA,0.071572
2016,11,ID,0.023278
2016,11,IL,0.042506
2016,11,IN,0.034851
2016,11,KS,0.076109
2016,11,KY,0.012046
2016,11,LA,0.053789
2016,11,MA,0.044643
2016,11,MD,0.033909
2016,11,ME,0.016645
2016,11,MI,0.042196
2016,11,MN,0.049932
2016,11,MO,0.031898
2016,11,MS,0.017772
2016,11,MT,0.07796
2016,11,NC,0.012593
2016,11,ND,0.086534
2016,11,NE,0.084632
2016,11,NH,0.054052
2016,11,NJ,0.032124
2016,11,NM,0.058177
2016,11,NV,0.03006
2016,11,NY,0.046144
2016,11,OH,0.036937
2016,11,OK,0.047587
2016,11,OR,0.028732
2016,11,PA,0.034312
2016,11,RI,0.034281
2016,11,SC,0.009041
2016,11,SD,0.098398
2016,11,TN,0.011077
2016,11,TX,0.042306
2016,11,UT,0.032253
2016,11,VA,0.02057
2016,11,VT,0.011603
2016,11,WA,0.026409
2016,11,WI,0.031572
2016,11,WV,0.013901
2016,11,WY,0.066991
2016,12,AL,0.016886
2016,12,AR,0.022971
2016,12,AZ,0.034668
2016,12,CA,0.029932
2016,12,CO,0.086442
2016,12,CT,0.024889
2016,12,DE,0.050562
2016,12,FL,0.022752
2016,12,GA,0.008417
2016,12,IA,0.101828
2016,12,ID,0.038843
2016,12,IL,0.051273
2016,12,IN,0.049916
2016,12,KS,0.063693
2016,12,KY,0.023444
2016,12,LA,0.074627
2016,12,MA,0.063593
2016,12,MD,0.038095
2016,12,ME,0.025993
2016,12,MI,0.060476
2016,12,MN,0.091132
2016,12,MO,0.029711
2016,12,MS,0.027685
2016,12,MT,0.156641
2016,12,NC,0.015087
2016,12,ND,0.223451
2016,12,NE,0.089239
2016,12,NH,0.056247
2016,12,NJ,0.030474
2016,12,NM,0.076923
2016,12,NV,0.030541
2016,12,NY,0.054464
2016,12,OH,0.056781
2016,12,OK,0.058909
2016,12,OR,0.026827
2016,12,PA,0.03947
2016,12,RI,0.0416
2016,12,SC,0.008835
2016,12,SD,0.146253
2016,12,TN,0.020257
2016,12,TX,0.062037
2016,12,UT,0.033887
2016,12,VA,0.026347
2016,12,VT,0.024042
2016,12,WA,0.026267
2016,12,WI,0.051189
2016,12,WV,0.025306
2016,12,WY,0.116781
2017,1,AL,0.028065
2017,1,AR,0.036967
2017,1,AZ,0.038347
2017,1,CA,0.040489
2017,1,CO,0.062932
2017,1,CT,0.049323
2017,1,DE,0.063664
2017,1,FL,0.033013
2017,1,GA,0.014917
2017,1,IA,0.069553
2017,1,ID,0.032737
2017,1,IL,0.065743
2017,1,IN,0.063254
2017,1,KS,0.061775
2017,1,KY,0.032945
2017,1,LA,0.080178
2017,1,MA,0.068442
2017,1,MD,0.048043
2017,1,ME,0.032714
2017,1,MI,0.055228
2017,1,MN,0.044746
2017,1,MO,0.043035
2017,1,MS,0.032599
2017,1,MT,0.100404
2017,1,NC,0.02433
2017,1,ND,0.131065
2017,1,NE,0.07651
2017,1,NH,0.051257
2017,1,NJ,0.054274
2017,1,NM,0.084519
2017,1,NV,0.050384
2017,1,NY,0.051503
2017,1,OH,0.076561
2017,1,OK,0.054111
2017,1,OR,0.045533
2017,1,PA,0.037215
2017,1,RI,0.066538
2017,1,SC,0.014373
2017,1,SD,0.086817
2017,1,TN,0.026368
2017,1,TX,0.069367
2017,1,UT,0.040284
2017,1,VA,0.034724
2017,1,VT,0.022586
2017,1,WA,0.030073
2017,1,WI,0.030437
2017,1,WV,0.026741
2017,1,WY,0.086522
2017,2,AL,0.018048
2017,2,AR,0.037565
2017,2,AZ,0.032983
2017,2,CA,0.044534
2017,2,CO,0.088695
2017,2,CT,0.046949
2017,2,DE,0.064153
2017,2,FL,0.019817
2017,2,GA,0.014119
2017,2,IA,0.076613
2017,2,ID,0.054422
2017,2,IL,0.063554
2017,2,IN,0.057221
2017,2,KS,0.070771
2017,2,KY,0.026849
2017,2,LA,0.05204
2017,2,MA,0.069911
2017,2,MD,0.054605
2017,2,ME,0.038112
2017,2,MI,0.06976
2017,2,MN,0.055946
2017,2,MO,0.044525
2017,2,MS,0.024707
2017,2,MT,0.090073
2017,2,NC,0.02353
2017,2,ND,0.08898
2017,2,NE,0.081096
2017,2,NH,0.052111
2017,2,NJ,0.056127
2017,2,NM,0.097575
2017,2,NV,0.065884
2017,2,NY,0.054623
2017,2,OH,0.074972
2017,2,OK,0.064978
2017,2,OR,0.056154
2017,2,PA,0.046473
2017,2,RI,0.061029
2017,2,SC,0.016363
2017,2,SD,0.079698
2017,2,TN,0.023575
2017,2,TX,0.06349
2017,2,UT,0.063473
2017,2,VA,0.036848
2017,2,VT,0.023378
2017,2,WA,0.031022
2017,2,WI,0.041749
2017,2,WV,0.029443
2017,2,WY,0.119295
2017,3,AL,0.028897
2017,3,AR,0.047036
2017,3,AZ,0.042397
2017,3,CA,0.035033
2017,3,CO,0.10205
2017,3,CT,0.078215
2017,3,DE,0.107398
2017,3,FL,0.034409
2017,3,GA,0.017973
2017,3,IA,0.112446
2017,3,ID,0.046948
2017,3,IL,0.087529
2017,3,IN,0.08079
2017,3,KS,0.136094
2017,3,KY,0.036485
2017,3,LA,0.064215
2017,3,MA,0.105729
2017,3,MD,0.076872
2017,3,ME,0.056079
2017,3,MI,0.079431
2017,3,MN,0.08163
2017,3,MO,0.0629
2017,3,MS,0.035515
2017,3,MT,0.100545
2017,3,NC,0.033384
2017,3,ND,0.142237
2017,3,NE,0.127998
2017,3,NH,0.072321
2017,3,NJ,0.09028
2017,3,NM,0.093778
2017,3,NV,0.060688
2017,3,NY,0.082514
2017,3,OH,0.09363
2017,3,OK,0.099974
2017,3,OR,0.041365
2017,3,PA,0.061276
2017,3,RI,0.10528
2017,3,SC,0.022122
2017,3,SD,0.100911
2017,3,TN,0.031945
2017,3,TX,0.077131
2017,3,UT,0.054327
2017,3,VA,0.053165
2017,3,VT,0.034332
2017,3,WA,0.041338
2017,3,WI,0.068604
2017,3,WV,0.034581
2017,3,WY,0.122095
2017,4,AL,0.025947
2017,4,AR,0.042106
2017,4,AZ,0.052742
2017,4,CA,0.048706
2017,4,CO,0.089925
2017,4,CT,0.043637
2017,4,DE,0.045794
2017,4,FL,0.036065
2017,4,GA,0.015276
2017,4,IA,0.085049
2017,4,ID,0.050016
2017,4,IL,0.077856
2017,4,IN,0.07243
2017,4,KS,0.126324
2017,4,KY,0.033085
2017,4,LA,0.067049
2017,4,MA,0.058508
2017,4,MD,0.038669
2017,4,ME,0.019785
2017,4,MI,0.062376
2017,4,MN,0.048435
2017,4,MO,0.053418
2017,4,MS,0.038946
2017,4,MT,0.087712
2017,4,NC,0.028417
2017,4,ND,0.099473
2017,4,NE,0.103701
2017,4,NH,0.05422
2017,4,NJ,0.044129
2017,4,NM,0.111345
2017,4,NV,0.08007
2017,4,NY,0.044013
2017,4,OH,0.071886
2017,4,OK,0.09165
2017,4,OR,0.042323
2017,4,PA,0.027255
2017,4,RI,0.061805
2017,4,SC,0.021329
2017,4,SD,0.082792
2017,4,TN,0.026444
2017,4,TX,0.086438
2017,4,UT,0.072716
2017,4,VA,0.036032
2017,4,VT,0.021229
2017,4,WA,0.04089
2017,4,WI,0.045053
2017,4,WV,0.019318
2017,4,WY,0.101011
2017,5,AL,0.020672
2017,5,AR,0.032335
2017,5,AZ,0.053898
2017,5,CA,0.04272
2017,5,CO,0.071388
2017,5,CT,0.035718
2017,5,DE,0.048164
2017,5,FL,0.032699
2017,5,GA,0.013066
2017,5,IA,0.071819
2017,5,ID,0.032471
2017,5,IL,0.070706
2017,5,IN,0.068191
2017,5,KS,0.081795
2017,5,KY,0.025663
2017,5,LA,0.053609
2017,5,MA,0.037236
2017,5,MD,0.040458
2017,5,ME,0.024187
2017,5,MI,0.049201
2017,5,MN,0.044458
2017,5,MO,0.042428
2017,5,MS,0.027927
2017,5,MT,0.08212
2017,5,NC,0.02355
2017,5,ND,0.129404
2017,5,NE,0.080542
2017,5,NH,0.043965
2017,5,NJ,0.041268
2017,5,NM,0.090276
2017,5,NV,0.053296
2017,5,NY,0.03611
2017,5,OH,0.062963
2017,5,OK,0.060004
2017,5,OR,0.025657
2017,5,PA,0.025771
2017,5,RI,0.045709
2017,5,SC,0.018835
2017,5,SD,0.089407
2017,5,TN,0.022364
2017,5,TX,0.073433
2017,5,UT,0.051696
2017,5,VA,0.031349
2017,5,VT,0.01775
2017,5,WA,0.025989
2017,5,WI,0.035424
2017,5,WV,0.020302
2017,5,WY,0.065555
2017,6,AL,0.015483
2017,6,AR,0.012877
2017,6,AZ,0.037722
2017,6,CA,0.038934
2017,6,CO,0.06187
2017,6,CT,0.020535
2017,6,DE,0.025282
2017,6,FL,0.017875
2017,6,GA,0.00489
2017,6,IA,0.060961
2017,6,ID,0.029553
2017,6,IL,0.041374
2017,6,IN,0.039793
2017,6,KS,0.091518
2017,6,KY,0.009709
2017,6,LA,0.049636
2017,6,MA,0.03814
2017,6,MD,0.022886
2017,6,ME,0.014689
2017,6,MI,0.033258
2017,6,MN,0.039429
2017,6,MO,0.027403
2017,6,MS,0.022012
2017,6,MT,0.088413
2017,6,NC,0.013719
2017,6,ND,0.114168
2017,6,NE,0.065588
2017,6,NH,0.052537
2017,6,NJ,0.026005
2017,6,NM,0.061466
2017,6,NV,0.053586
2017,6,NY,0.024328
2017,6,OH,0.040633
2017,6,OK,0.065817
2017,6,OR,0.025814
2017,6,PA,0.015515
2017,6,RI,0.047377
2017,6,SC,0.009872
2017,6,SD,0.07709
2017,6,TN,0.008209
2017,6,TX,0.049909
2017,6,UT,0.06195
2017,6,VA,0.016759
2017,6,VT,0.009705
2017,6,WA,0.032546
2017,6,WI,0.027844
2017,6,WV,0.008319
2017,6,WY,0.07651
2017,7,AL,0.006271
2017,7,AR,0.006049
2017,7,AZ,0.031641
2017,7,CA,0.02816
2017,7,CO,0.035063
2017,7,CT,0.013988
2017,7,DE,0.018409
2017,7,FL,0.011588
2017,7,GA,0.005428
2017,7,IA,0.016247
2017,7,ID,0.012303
2017,7,IL,0.016375
2017,7,IN,0.015798
2017,7,KS,0.04081
2017,7,KY,0.007536
2017,7,LA,0.011025
2017,7,MA,0.01859
2017,7,MD,0.015136
2017,7,ME,0.00735
2017,7,MI,0.016696
2017,7,MN,0.014179
2017,7,MO,0.010508
2017,7,MS,0.00544
2017,7,MT,0.050619
2017,7,NC,0.013448
2017,7,ND,0.045675
2017,7,NE,0.033183
2017,7,NH,0.037688
2017,7,NJ,0.017052
2017,7,NM,0.04375
2017,7,NV,0.031509
2017,7,NY,0.013304
2017,7,OH,0.021549
2017,7,OK,0.024602
2017,7,OR,0.023098
2017,7,PA,0.00788
2017,7,RI,0.031732
2017,7,SC,0.009675
2017,7,SD,0.045437
2017,7,TN,0.00441
2017,7,TX,0.033591
2017,7,UT,0.032472
2017,7,VA,0.013558
2017,7,VT,0.004708
2017,7,WA,0.02508
2017,7,WI,0.010986
2017,7,WV,0.005221
2017,7,WY,0.035168
2017,8,AL,0.008026
2017,8,AR,0.00788
2017,8,AZ,0.02042
2017,8,CA,0.025507
2017,8,CO,0.032023
2017,8,CT,0.008415
2017,8,DE,0.021256
2017,8,FL,0.012511
2017,8,GA,0.005772
2017,8,IA,0.016728
2017,8,ID,0.012503
2017,8,IL,0.013081
2017,8,IN,0.013308
2017,8,KS,0.025628
2017,8,KY,0.004793
2017,8,LA,0.037983
2017,8,MA,0.016213
2017,8,MD,0.014106
2017,8,ME,0.00954
2017,8,MI,0.024084
2017,8,MN,0.013403
2017,8,MO,0.007572
2017,8,MS,0.012293
2017,8,MT,0.035214
2017,8,NC,0.010192
2017,8,ND,0.028841
2017,8,NE,0.032034
2017,8,NH,0.039807
2017,8,NJ,0.015038
2017,8,NM,0.028929
2017,8,NV,0.027184
2017,8,NY,0.013453
2017,8,OH,0.019028
2017,8,OK,0.020036
2017,8,OR,0.014829
2017,8,PA,0.006418
2017,8,RI,0.024034
2017,8,SC,0.009923
2017,8,SD,0.034688
2017,8,TN,0.004297
2017,8,TX,0.05047
2017,8,UT,0.029431
2017,8,VA,0.013421
2017,8,VT,0.006536
2017,8,WA,0.016231
2017,8,WI,0.015154
2017,8,WV,0.003221
2017,8,WY,0.036028
2017,9,AL,0.015867
2017,9,AR,0.007241
2017,9,AZ,0.032683
2017,9,CA,0.025307
2017,9,CO,0.050967
2017,9,CT,0.025035
2017,9,DE,0.031794
2017,9,FL,0.043674
2017,9,GA,0.017289
2017,9,IA,0.024762
2017,9,ID,0.016326
2017,9,IL,0.014847
2017,9,IN,0.01511
2017,9,KS,0.055883
2017,9,KY,0.00993
2017,9,LA,0.028103
2017,9,MA,0.043526
2017,9,MD,0.015766
2017,9,ME,0.012077
2017,9,MI,0.01864
2017,9,MN,0.026897
2017,9,MO,0.009854
2017,9,MS,0.00972
2017,9,MT,0.04119
2017,9,NC,0.020481
2017,9,ND,0.067772
2017,9,NE,0.04562
2017,9,NH,0.032358
2017,9,NJ,0.021618
2017,9,NM,0.043772
2017,9,NV,0.034399
2017,9,NY,0.016012
2017,9,OH,0.020035
2017,9,OK,0.035096
2017,9,OR,0.01397
2017,9,PA,0.007933
2017,9,RI,0.074683
2017,9,SC,0.020466
2017,9,SD,0.055876
2017,9,TN,0.008541
2017,9,TX,0.028566
2017,9,UT,0.037011
2017,9,VA,0.017867
2017,9,VT,0.004484
2017,9,WA,0.011115
2017,9,WI,0.0134
2017,9,WV,0.004675
2017,9,WY,0.04489
2017,10,AL,0.025136
2017,10,AR,0.019192
2017,10,AZ,0.03244
2017,10,CA,0.02443
2017,10,CO,0.076968
2017,10,CT,0.044665
2017,10,DE,0.035249
2017,10,FL,0.041856
2017,10,GA,0.014147
2017,10,IA,0.08324
2017,10,ID,0.034765
2017,10,IL,0.049122
2017,10,IN,0.039949
2017,10,KS,0.112007
2017,10,KY,0.0107
2017,10,LA,0.067975
2017,10,MA,0.048897
2017,10,MD,0.028517
2017,10,ME,0.027154
2017,10,MI,0.06101
2017,10,MN,0.070035
2017,10,MO,0.035976
2017,10,MS,0.026453
2017,10,MT,0.154562
2017,10,NC,0.015079
2017,10,ND,0.151985
2017,10,NE,0.113956
2017,10,NH,0.053613
2017,10,NJ,0.030608
2017,10,NM,0.058673
2017,10,NV,0.028615
2017,10,NY,0.037543
2017,10,OH,0.044475
2017,10,OK,0.071446
2017,10,OR,0.027014
2017,10,PA,0.018594
2017,10,RI,0.054786
2017,10,SC,0.011928
2017,10,SD,0.123996
2017,10,TN,0.009796
2017,10,TX,0.047542
2017,10,UT,0.030607
2017,10,VA,0.019513
2017,10,VT,0.022407
2017,10,WA,0.026297
2017,10,WI,0.038121
2017,10,WV,0.008577
2017,10,WY,0.102015
2017,11,AL,0.011998
2017,11,AR,0.024167
2017,11,AZ,0.018333
2017,11,CA,0.016165
2017,11,CO,0.082003
2017,11,CT,0.042617
2017,11,DE,0.048618
2017,11,FL,0.018346
2017,11,GA,0.00522
2017,11,IA,0.064485
2017,11,ID,0.033489
2017,11,IL,0.051643
2017,11,IN,0.047718
2017,11,KS,0.06665
2017,11,KY,0.021376
2017,11,LA,0.043577
2017,11,MA,0.053796
2017,11,MD,0.029727
2017,11,ME,0.033127
2017,11,MI,0.069011
2017,11,MN,0.059863
2017,11,MO,0.031492
2017,11,MS,0.016536
2017,11,MT,0.116232
2017,11,NC,0.012689
2017,11,ND,0.114488
2017,11,NE,0.069132
2017,11,NH,0.049917
2017,11,NJ,0.037207
2017,11,NM,0.055007
2017,11,NV,0.037916
2017,11,NY,0.046276
2017,11,OH,0.060676
2017,11,OK,0.055098
2017,11,OR,0.040057
2017,11,PA,0.026335
2017,11,RI,0.055205
2017,11,SC,0.005891
2017,11,SD,0.078182
2017,11,TN,0.014477
2017,11,TX,0.04184
2017,11,UT,0.043751
2017,11,VA,0.020887
2017,11,VT,0.024213
2017,11,WA,0.044178
2017,11,WI,0.03788
2017,11,WV,0.01429
2017,11,WY,0.102798
2017,12,AL,0.01692
2017,12,AR,0.0213
2017,12,AZ,0.027244
2017,12,CA,0.021046
2017,12,CO,0.076645
2017,12,CT,0.03522
2017,12,DE,0.042202
2017,12,FL,0.014411
2017,12,GA,0.007967
2017,12,IA,0.087696
2017,12,ID,0.022606
2017,12,IL,0.066419
2017,12,IN,0.067428
2017,12,KS,0.074568
2017,12,KY,0.023271
2017,12,LA,0.06326
2017,12,MA,0.048295
2017,12,MD,0.035329
2017,12,ME,0.027915
2017,12,MI,0.072483
2017,12,MN,0.057084
2017,12,MO,0.039145
2017,12,MS,0.022463
2017,12,MT,0.104436
2017,12,NC,0.017848
2017,12,ND,0.123171
2017,12,NE,0.099032
2017,12,NH,0.045815
2017,12,NJ,0.03904
2017,12,NM,0.043043
2017,12,NV,0.027645
2017,12,NY,0.046493
2017,12,OH,0.069537
2017,12,OK,0.049275
2017,12,OR,0.027417
2017,12,PA,0.032531
2017,12,RI,0.045272
2017,12,SC,0.008757
2017,12,SD,0.115606
2017,12,TN,0.018928
2017,12,TX,0.046902
2017,12,UT,0.029993
2017,12,VA,0.02783
2017,12,VT,0.015124
2017,12,WA,0.018197
2017,12,WI,0.042008
2017,12,WV,0.021267
2017,12,WY,0.114024
2018,1,AL,0.024291
2018,1,AR,0.034711
2018,1,AZ,0.026351
2018,1,CA,0.017729
2018,1,CO,0.069457
2018,1,CT,0.062367
2018,1,DE,0.071103
2018,1,FL,0.03739
2018,1,GA,0.014021
2018,1,IA,0.086668
2018,1,ID,0.028662
2018,1,IL,0.075601
2018,1,IN,0.064271
2018,1,KS,0.09122
2018,1,KY,0.022478
2018,1,LA,0.084646
2018,1,MA,0.094079
2018,1,MD,0.058003
2018,1,ME,0.049832
2018,1,MI,0.071956
2018,1,MN,0.06064
2018,1,MO,0.049087
2018,1,MS,0.037335
2018,1,MT,0.098604
2018,1,NC,0.027678
2018,1,ND,0.120488
2018,1,NE,0.082676
2018,1,NH,0.053812
2018,1,NJ,0.065004
2018,1,NM,0.058759
2018,1,NV,0.019983
2018,1,NY,0.063327
2018,1,OH,0.075695
2018,1,OK,0.084323
2018,1,OR,0.039472
2018,1,PA,0.043166
2018,1,RI,0.08489
2018,1,SC,0.012961
2018,1,SD,0.084906
2018,1,TN,0.022892
2018,1,TX,0.063599
2018,1,UT,0.022926
2018,1,VA,0.043198
2018,1,VT,0.024417
2018,1,WA,0.035664
2018,1,WI,0.03816
2018,1,WV,0.021753
2018,1,WY,0.091392
2018,2,AL,0.021811
2018,2,AR,0.035856
2018,2,AZ,0.040612
2018,2,CA,0.030297
2018,2,CO,0.091335
2018,2,CT,0.0296
2018,2,DE,0.037391
2018,2,FL,0.021379
2018,2,GA,0.009321
2018,2,IA,0.071201
2018,2,ID,0.056367
2018,2,IL,0.06502
2018,2,IN,0.05626
2018,2,KS,0.099299
2018,2,KY,0.027247
2018,2,LA,0.05449
2018,2,MA,0.042032
2018,2,MD,0.030409
2018,2,ME,0.024478
2018,2,MI,0.053181
2018,2,MN,0.044472
2018,2,MO,0.04505
2018,2,MS,0.029167
2018,2,MT,0.117104
2018,2,NC,0.022963
2018,2,ND,0.086838
2018,2,NE,0.082167
2018,2,NH,0.046805
2018,2,NJ,0.025769
2018,2,NM,0.085583
2018,2,NV,0.039322
2018,2,NY,0.036937
2018,2,OH,0.053894
2018,2,OK,0.075489
2018,2,OR,0.029129
2018,2,PA,0.023023
2018,2,RI,0.037756
2018,2,SC,0.016165
2018,2,SD,0.07195
2018,2,TN,0.02815
2018,2,TX,0.064988
2018,2,UT,0.042369
2018,2,VA,0.028143
2018,2,VT,0.021712
2018,2,WA,0.041926
2018,2,WI,0.033269
2018,2,WV,0.018151
2018,2,WY,0.127966
2018,3,AL,0.028486
2018,3,AR,0.039344
2018,3,AZ,0.038345
2018,3,CA,0.031803
2018,3,CO,0.101951
2018,3,CT,0.085122
2018,3,DE,0.11714
2018,3,FL,0.033598
2018,3,GA,0.02636
2018,3,IA,0.103036
2018,3,ID,0.039498
2018,3,IL,0.067545
2018,3,IN,0.063355
2018,3,KS,0.133213
2018,3,KY,0.029674
2018,3,LA,0.062225
2018,3,MA,0.118914
2018,3,MD,0.079682
2018,3,ME,0.06405
2018,3,MI,0.046136
2018,3,MN,0.05106
2018,3,MO,0.049255
2018,3,MS,0.031362
2018,3,MT,0.079212
2018,3,NC,0.043213
2018,3,ND,0.111993
2018,3,NE,0.11562
2018,3,NH,0.058028
2018,3,NJ,0.072854
2018,3,NM,0.089582
2018,3,NV,0.057746
2018,3,NY,0.059041
2018,3,OH,0.078013
2018,3,OK,0.08649
2018,3,OR,0.031915
2018,3,PA,0.049986
2018,3,RI,0.13642
2018,3,SC,0.026744
2018,3,SD,0.101214
2018,3,TN,0.028635
2018,3,TX,0.071544
2018,3,UT,0.064662
2018,3,VA,0.067464
2018,3,VT,0.019433
2018,3,WA,0.026545
2018,3,WI,0.035233
2018,3,WV,0.0272
2018,3,WY,0.092146
2018,4,AL,0.023612
2018,4,AR,0.045808
2018,4,AZ,0.064962
2018,4,CA,0.043189
2018,4,CO,0.126605
2018,4,CT,0.048192
2018,4,DE,0.077004
2018,4,FL,0.029339
2018,4,GA,0.018003
2018,4,IA,0.110054
2018,4,ID,0.057
2018,4,IL,0.075413
2018,4,IN,0.068833
2018,4,KS,0.167185
2018,4,KY,0.037025
2018,4,LA,0.056271
2018,4,MA,0.062773
2018,4,MD,0.059452
2018,4,ME,0.031185
2018,4,MI,0.064024
2018,4,MN,0.065153
2018,4,MO,0.061539
2018,4,MS,0.029456
2018,4,MT,0.075238
2018,4,NC,0.034603
2018,4,ND,0.115973
2018,4,NE,0.146886
2018,4,NH,0.054849
2018,4,NJ,0.058455
2018,4,NM,0.133868
2018,4,NV,0.073624
2018,4,NY,0.056249
2018,4,OH,0.078626
2018,4,OK,0.123579
2018,4,OR,0.0416
2018,4,PA,0.047401
2018,4,RI,0.063467
2018,4,SC,0.028326
2018,4,SD,0.121512
2018,4,TN,0.031748
2018,4,TX,0.089812
2018,4,UT,0.086415
2018,4,VA,0.049111
2018,4,VT,0.02221
2018,4,WA,0.040928
2018,4,WI,0.048313
2018,4,WV,0.029489
2018,4,WY,0.125912
2018,5,AL,0.010399
2018,5,AR,0.018993
2018,5,AZ,0.050099
2018,5,CA,0.042631
2018,5,CO,0.062158
2018,5,CT,0.019082
2018,5,DE,0.023919
2018,5,FL,0.027022
2018,5,GA,0.005322
2018,5,IA,0.044812
2018,5,ID,0.022011
2018,5,IL,0.039944
2018,5,IN,0.037254
2018,5,KS,0.079036
2018,5,KY,0.014717
2018,5,LA,0.021107
2018,5,MA,0.031241
2018,5,MD,0.017001
2018,5,ME,0.022294
2018,5,MI,0.030175
2018,5,MN,0.029151
2018,5,MO,0.023985
2018,5,MS,0.010731
2018,5,MT,0.04921
2018,5,NC,0.01153
2018,5,ND,0.071296
2018,5,NE,0.05794
2018,5,NH,0.046239
2018,5,NJ,0.019144
2018,5,NM,0.073289
2018,5,NV,0.044452
2018,5,NY,0.023057
2018,5,OH,0.039813
2018,5,OK,0.070144
2018,5,OR,0.023849
2018,5,PA,0.015137
2018,5,RI,0.034565
2018,5,SC,0.007132
2018,5,SD,0.052516
2018,5,TN,0.008726
2018,5,TX,0.059517
2018,5,UT,0.050137
2018,5,VA,0.015157
2018,5,VT,0.017697
2018,5,WA,0.023578
2018,5,WI,0.019304
2018,5,WV,0.0101
2018,5,WY,0.044289
2018,6,AL,0.009014
2018,6,AR,0.016373
2018,6,AZ,0.038529
2018,6,CA,0.041367
2018,6,CO,0.064622
2018,6,CT,0.019022
2018,6,DE,0.028518
2018,6,FL,0.01062
2018,6,GA,0.005754
2018,6,IA,0.046715
2018,6,ID,0.032319
2018,6,IL,0.021096
2018,6,IN,0.018297
2018,6,KS,0.107926
2018,6,KY,0.0085
2018,6,LA,0.027511
2018,6,MA,0.027355
2018,6,MD,0.017109
2018,6,ME,0.017693
2018,6,MI,0.024094
2018,6,MN,0.037084
2018,6,MO,0.019581
2018,6,MS,0.009567
2018,6,MT,0.06683
2018,6,NC,0.008924
2018,6,ND,0.080883
2018,6,NE,0.07115
2018,6,NH,0.045174
2018,6,NJ,0.018602
2018,6,NM,0.068559
2018,6,NV,0.054123
2018,6,NY,0.018819
2018,6,OH,0.025289
2018,6,OK,0.067508
2018,6,OR,0.025479
2018,6,PA,0.012479
2018,6,RI,0.028992
2018,6,SC,0.008118
2018,6,SD,0.069802
2018,6,TN,0.008354
2018,6,TX,0.068956
2018,6,UT,0.069029
2018,6,VA,0.011425
2018,6,VT,0.009037
2018,6,WA,0.026799
2018,6,WI,0.02052
2018,6,WV,0.005309
2018,6,WY,0.067655
2018,7,AL,0.007055
2018,7,AR,0.007387
2018,7,AZ,0.037187
2018,7,CA,0.031454
2018,7,CO,0.043671
2018,7,CT,0.019108
2018,7,DE,0.028747
2018,7,FL,0.011623
2018,7,GA,0.004124
2018,7,IA,0.017093
2018,7,ID,0.018828
2018,7,IL,0.014826
2018,7,IN,0.012665
2018,7,KS,0.034109
2018,7,KY,0.006171
2018,7,LA,0.018689
2018,7,MA,0.020699
2018,7,MD,0.019519
2018,7,ME,0.010869
2018,7,MI,0.017262
2018,7,MN,0.019382
2018,7,MO,0.006598
2018,7,MS,0.007619
2018,7,MT,0.039932
2018,7,NC,0.012159
2018,7,ND,0.041988
2018,7,NE,0.032411
2018,7,NH,0.037419
2018,7,NJ,0.021749
2018,7,NM,0.043018
2018,7,NV,0.037116
2018,7,NY,0.017083
2018,7,OH,0.01589
2018,7,OK,0.017566
2018,7,OR,0.024593
2018,7,PA,0.007038
2018,7,RI,0.030735
2018,7,SC,0.006242
2018,7,SD,0.046117
2018,7,TN,0.004582
2018,7,TX,0.026965
2018,7,UT,0.039452
2018,7,VA,0.014357
2018,7,VT,0.01013
2018,7,WA,0.021391
2018,7,WI,0.013548
2018,7,WV,0.003254
2018,7,WY,0.043912
2018,8,AL,0.006238
2018,8,AR,0.010865
2018,8,AZ,0.030268
2018,8,CA,0.027281
2018,8,CO,0.041607
2018,8,CT,0.012982
2018,8,DE,0.014086
2018,8,FL,0.01238
2018,8,GA,0.00418
2018,8,IA,0.020572
2018,8,ID,0.017546
2018,8,IL,0.017102
2018,8,IN,0.013941
2018,8,KS,0.055287
2018,8,KY,0.00581
2018,8,LA,0.013989
2018,8,MA,0.019086
2018,8,MD,0.01183
2018,8,ME,0.005836
2018,8,MI,0.018122
2018,8,MN,0.014016
2018,8,MO,0.017527
2018,8,MS,0.006719
2018,8,MT,0.036388
2018,8,NC,0.00824
2018,8,ND,0.029784
2018,8,NE,0.030077
2018,8,NH,0.035211
2018,8,NJ,0.016147
2018,8,NM,0.03686
2018,8,NV,0.036683
2018,8,NY,0.014543
2018,8,OH,0.019854
2018,8,OK,0.036577
2018,8,OR,0.01611
2018,8,PA,0.006418
2018,8,RI,0.026331
2018,8,SC,0.006093
2018,8,SD,0.03822
2018,8,TN,0.004308
2018,8,TX,0.035179
2018,8,UT,0.039227
2018,8,VA,0.008383
2018,8,VT,0.004758
2018,8,WA,0.017442
2018,8,WI,0.011758
2018,8,WV,0.00334
2018,8,WY,0.049166
2018,9,AL,0.006587
2018,9,AR,0.006271
2018,9,AZ,0.016818
2018,9,CA,0.021035
2018,9,CO,0.042545
2018,9,CT,0.02131
2018,9,DE,0.039864
2018,9,FL,0.012237
2018,9,GA,0.005716
2018,9,IA,0.029482
2018,9,ID,0.016495
2018,9,IL,0.022303
2018,9,IN,0.015628
2018,9,KS,0.058571
2018,9,KY,0.004763
2018,9,LA,0.016702
2018,9,MA,0.023278
2018,9,MD,0.021005
2018,9,ME,0.013413
2018,9,MI,0.030919
2018,9,MN,0.029368
2018,9,MO,0.011779
2018,9,MS,0.008368
2018,9,MT,0.037872
2018,9,NC,0.028875
2018,9,ND,0.061474
2018,9,NE,0.043812
2018,9,NH,0.034629
2018,9,NJ,0.018413
2018,9,NM,0.030248
2018,9,NV,0.033585
2018,9,NY,0.018069
2018,9,OH,0.02333
2018,9,OK,0.030442
2018,9,OR,0.014574
2018,9,PA,0.007978
2018,9,RI,0.029708
2018,9,SC,0.020864
2018,9,SD,0.061392
2018,9,TN,0.004405
2018,9,TX,0.024135
2018,9,UT,0.047537
2018,9,VA,0.018328
2018,9,VT,0.010166
2018,9,WA,0.014934
2018,9,WI,0.018115
2018,9,WV,0.004298
2018,9,WY,0.054426
2018,10,AL,0.017469
2018,10,AR,0.011712
2018,10,AZ,0.030342
2018,10,CA,0.020183
2018,10,CO,0.045534
2018,10,CT,0.039784
2018,10,DE,0.043616
2018,10,FL,0.025713
2018,10,GA,0.014838
2018,10,IA,0.047193
2018,10,ID,0.018251
2018,10,IL,0.042712
2018,10,IN,0.03815
2018,10,KS,0.053609
2018,10,KY,0.011349
2018,10,LA,0.046331
2018,10,MA,0.048858
2018,10,MD,0.034006
2018,10,ME,0.030838
2018,10,MI,0.058003
2018,10,MN,0.046726
2018,10,MO,0.02155
2018,10,MS,0.014401
2018,10,MT,0.057891
2018,10,NC,0.016832
2018,10,ND,0.074757
2018,10,NE,0.052514
2018,10,NH,0.052925
2018,10,NJ,0.038608
2018,10,NM,0.043007
2018,10,NV,0.027897
2018,10,NY,0.036714
2018,10,OH,0.050926
2018,10,OK,0.036058
2018,10,OR,0.014279
2018,10,PA,0.021181
2018,10,RI,0.043081
2018,10,SC,0.013533
2018,10,SD,0.070508
2018,10,TN,0.007511
2018,10,TX,0.045073
2018,10,UT,0.03267
2018,10,VA,0.025821
2018,10,VT,0.014658
2018,10,WA,0.012553
2018,10,WI,0.035139
2018,10,WV,0.012223
2018,10,WY,0.058105
2018,11,AL,0.018531
2018,11,AR,0.021752
2018,11,AZ,0.023435
2018,11,CA,0.021751
2018,11,CO,0.057768
2018,11,CT,0.054279
2018,11,DE,0.076695
2018,11,FL,0.017184
2018,11,GA,0.010659
2018,11,IA,0.061613
2018,11,ID,0.023639
2018,11,IL,0.055117
2018,11,IN,0.040287
2018,11,KS,0.068698
2018,11,KY,0.020112
2018,11,LA,0.053498
2018,11,MA,0.07163
2018,11,MD,0.049525
2018,11,ME,0.042444
2018,11,MI,0.057051
2018,11,MN,0.042044
2018,11,MO,0.028566
2018,11,MS,0.020858
2018,11,MT,0.088135
2018,11,NC,0.023561
2018,11,ND,0.065311
2018,11,NE,0.064634
2018,11,NH,0.050626
2018,11,NJ,0.062449
2018,11,NM,0.052583
2018,11,NV,0.02086
2018,11,NY,0.051108
2018,11,OH,0.064656
2018,11,OK,0.05002
2018,11,OR,0.024379
2018,11,PA,0.038179
2018,11,RI,0.058132
2018,11,SC,0.012644
2018,11,SD,0.067075
2018,11,TN,0.017804
2018,11,TX,0.056175
2018,11,UT,0.025539
2018,11,VA,0.032806
2018,11,VT,0.017627
2018,11,WA,0.023482
2018,11,WI,0.03232
2018,11,WV,0.019129
2018,11,WY,0.082138
2018,12,AL,0.022278
2018,12,AR,0.024672
2018,12,AZ,0.016674
2018,12,CA,0.020232
2018,12,CO,0.055493
2018,12,CT,0.036972
2018,12,DE,0.038264
2018,12,FL,0.029126
2018,12,GA,0.011184
2018,12,IA,0.055861
2018,12,ID,0.028028
2018,12,IL,0.043001
2018,12,IN,0.034116
2018,12,KS,0.079571
2018,12,KY,0.017834
2018,12,LA,0.065387
2018,12,MA,0.04717
2018,12,MD,0.023442
2018,12,ME,0.026598
2018,12,MI,0.041922
2018,12,MN,0.04164
2018,12,MO,0.032871
2018,12,MS,0.020511
2018,12,MT,0.111687
2018,12,NC,0.021626
2018,12,ND,0.071505
2018,12,NE,0.083893
2018,12,NH,0.049439
2018,12,NJ,0.037451
2018,12,NM,0.056232
2018,12,NV,0.021651
2018,12,NY,0.034147
2018,12,OH,0.041431
2018,12,OK,0.063294
2018,12,OR,0.04055
2018,12,PA,0.022274
2018,12,RI,0.046059
2018,12,SC,0.013853
2018,12,SD,0.081654
2018,12,TN,0.016599
2018,12,TX,0.05908
2018,12,UT,0.015991
2018,12,VA,0.021588
2018,12,VT,0.015458
2018,12,WA,0.043668
2018,12,WI,0.028023
2018,12,WV,0.012777
2018,12,WY,0.08728
2019,1,AL,0.025036
2019,1,AR,0.025583
2019,1,AZ,0.020662
2019,1,CA,0.029022
2019,1,CO,0.058831
2019,1,CT,0.06095
2019,1,DE,0.08117
2019,1,FL,0.032096
2019,1,GA,0.016333
2019,1,IA,0.098938
2019,1,ID,0.027315
2019,1,IL,0.077083
2019,1,IN,0.068819
2019,1,KS,0.078036
2019,1,KY,0.02951
2019,1,LA,0.05805
2019,1,MA,0.077826
2019,1,MD,0.062863
2019,1,ME,0.043844
2019,1,MI,0.06585
2019,1,MN,0.057259
2019,1,MO,0.043586
2019,1,MS,0.023666
2019,1,MT,0.11391
2019,1,NC,0.026409
2019,1,ND,0.110443
2019,1,NE,0.083658
2019,1,NH,0.055265
2019,1,NJ,0.070426
2019,1,NM,0.061005
2019,1,NV,0.030795
2019,1,NY,0.071033
2019,1,OH,0.093176
2019,1,OK,0.068349
2019,1,OR,0.037289
2019,1,PA,0.052678
2019,1,RI,0.069385
2019,1,SC,0.015961
2019,1,SD,0.095107
2019,1,TN,0.02366
2019,1,TX,0.060211
2019,1,UT,0.026408
2019,1,VA,0.044808
2019,1,VT,0.026066
2019,1,WA,0.025821
2019,1,WI,0.040589
2019,1,WV,0.029791
2019,1,WY,0.101135
2019,2,AL,0.023075
2019,2,AR,0.036116
2019,2,AZ,0.043298
2019,2,CA,0.050446
2019,2,CO,0.074231
2019,2,CT,0.050759
2019,2,DE,0.047838
2019,2,FL,0.019183
2019,2,GA,0.011953
2019,2,IA,0.102722
2019,2,ID,0.053047
2019,2,IL,0.080943
2019,2,IN,0.080356
2019,2,KS,0.079049
2019,2,KY,0.031958
2019,2,LA,0.058724
2019,2,MA,0.069417
2019,2,MD,0.03475
2019,2,ME,0.048438
2019,2,MI,0.075614
2019,2,MN,0.057041
2019,2,MO,0.042274
2019,2,MS,0.02604
2019,2,MT,0.071069
2019,2,NC,0.021532
2019,2,ND,0.08023
2019,2,NE,0.072779
2019,2,NH,0.05627
2019,2,NJ,0.051316
2019,2,NM,0.108099
2019,2,NV,0.077328
2019,2,NY,0.073923
2019,2,OH,0.096244
2019,2,OK,0.067584
2019,2,OR,0.039008
2019,2,PA,0.052763
2019,2,RI,0.051932
2019,2,SC,0.011631
2019,2,SD,0.08686
2019,2,TN,0.024749
2019,2,TX,0.057615
2019,2,UT,0.079115
2019,2,VA,0.029673
2019,2,VT,0.031457
2019,2,WA,0.033445
2019,2,WI,0.046183
2019,2,WV,0.036253
2019,2,WY,0.104692
2019,3,AL,0.022877
2019,3,AR,0.034904
2019,3,AZ,0.045643
2019,3,CA,0.031049
2019,3,CO,0.067224
2019,3,CT,0.042759
2019,3,DE,0.060232
2019,3,FL,0.02486
2019,3,GA,0.013904
2019,3,IA,0.087836
2019,3,ID,0.024877
2019,3,IL,0.073557
2019,3,IN,0.066867
2019,3,KS,0.107128
2019,3,KY,0.032776
2019,3,LA,0.044434
2019,3,MA,0.062745
2019,3,MD,0.049228
2019,3,ME,0.028662
2019,3,MI,0.052522
2019,3,MN,0.047803
2019,3,MO,0.054076
2019,3,MS,0.029809
2019,3,MT,0.050163
2019,3,NC,0.024328
2019,3,ND,0.106241
2019,3,NE,0.088525
2019,3,NH,0.052362
2019,3,NJ,0.053528
2019,3,NM,0.093119
2019,3,NV,0.042916
2019,3,NY,0.053682
2019,3,OH,0.065098
2019,3,OK,0.078431
2019,3,OR,0.021415
2019,3,PA,0.041224
2019,3,RI,0.051364
2019,3,SC,0.012449
2019,3,SD,0.097366
2019,3,TN,0.030052
2019,3,TX,0.065884
2019,3,UT,0.041281
2019,3,VA,0.035824
2019,3,VT,0.023952
2019,3,WA,0.011997
2019,3,WI,0.033644
2019,3,WV,0.02799
2019,3,WY,0.050157
2019,4,AL,0.0225
2019,4,AR,0.037737
2019,4,AZ,0.04823
2019,4,CA,0.038819
2019,4,CO,0.076568
2019,4,CT,0.048747
2019,4,DE,0.067233
2019,4,FL,0.031136
2019,4,GA,0.01593
2019,4,IA,0.112169
2019,4,ID,0.045938
2019,4,IL,0.085808
2019,4,IN,0.066507
2019,4,KS,0.118622
2019,4,KY,0.028108
2019,4,LA,0.061166
2019,4,MA,0.070464
2019,4,MD,0.049285
2019,4,ME,0.036236
2019,4,MI,0.056033
2019,4,MN,0.052155
2019,4,MO,0.055728
2019,4,MS,0.028168
2019,4,MT,0.09403
2019,4,NC,0.031907
2019,4,ND,0.101778
2019,4,NE,0.110886
2019,4,NH,0.061613
2019,4,NJ,0.055746
2019,4,NM,0.084105
2019,4,NV,0.056742
2019,4,NY,0.055786
2019,4,OH,0.064668
2019,4,OK,0.083137
2019,4,OR,0.034261
2019,4,PA,0.039343
2019,4,RI,0.057998
2019,4,SC,0.021799
2019,4,SD,0.110074
2019,4,TN,0.024075
2019,4,TX,0.076056
2019,4,UT,0.053085
2019,4,VA,0.037244
2019,4,VT,0.033942
2019,4,WA,0.032725
2019,4,WI,0.045993
2019,4,WV,0.022908
2019,4,WY,0.089766
2019,5,AL,0.011772
2019,5,AR,0.022743
2019,5,AZ,0.052318
2019,5,CA,0.042655
2019,5,CO,0.058392
2019,5,CT,0.027922
2019,5,DE,0.044098
2019,5,FL,0.019492
2019,5,GA,0.005726
2019,5,IA,0.069139
2019,5,ID,0.026485
2019,5,IL,0.04547
2019,5,IN,0.036529
2019,5,KS,0.076935
2019,5,KY,0.016437
2019,5,LA,0.039879
2019,5,MA,0.038194
2019,5,MD,0.024782
2019,5,ME,0.018482
2019,5,MI,0.032035
2019,5,MN,0.046521
2019,5,MO,0.02932
2019,5,MS,0.017709
2019,5,MT,0.056933
2019,5,NC,0.014783
2019,5,ND,0.077876
2019,5,NE,0.068684
2019,5,NH,0.050804
2019,5,NJ,0.032726
2019,5,NM,0.095832
2019,5,NV,0.048643
2019,5,NY,0.026786
2019,5,OH,0.041337
2019,5,OK,0.056001
2019,5,OR,0.023363
2019,5,PA,0.017556
2019,5,RI,0.040434
2019,5,SC,0.009978
2019,5,SD,0.073356
2019,5,TN,0.012347
2019,5,TX,0.080465
2019,5,UT,0.049939
2019,5,VA,0.017982
2019,5,VT,0.014518
2019,5,WA,0.019314
2019,5,WI,0.032097
2019,5,WV,0.011305
2019,5,WY,0.065157
2019,6,AL,0.012791
2019,6,AR,0.015943
2019,6,AZ,0.032603
2019,6,CA,0.028918
2019,6,CO,0.040616
2019,6,CT,0.02219
2019,6,DE,0.040141
2019,6,FL,0.015932
2019,6,GA,0.007705
2019,6,IA,0.032854
2019,6,ID,0.022575
2019,6,IL,0.031333
2019,6,IN,0.027884
2019,6,KS,0.056996
2019,6,KY,0.014496
2019,6,LA,0.026022
2019,6,MA,0.02493
2019,6,MD,0.027497
2019,6,ME,0.012028
2019,6,MI,0.019326
2019,6,MN,0.026556
2019,6,MO,0.019605
2019,6,MS,0.014263
2019,6,MT,0.049029
2019,6,NC,0.014011
2019,6,ND,0.05491
2019,6,NE,0.038507
2019,6,NH,0.047373
2019,6,NJ,0.025436
2019,6,NM,0.058799
2019,6,NV,0.042194
2019,6,NY,0.022628
2019,6,OH,0.029238
2019,6,OK,0.040014
2019,6,OR,0.025727
2019,6,PA,0.017985
2019,6,RI,0.028218
2019,6,SC,0.00907
2019,6,SD,0.03928
2019,6,TN,0.012498
2019,6,TX,0.047134
2019,6,UT,0.043652
2019,6,VA,0.020948
2019,6,VT,0.010413
2019,6,WA,0.028213
2019,6,WI,0.017353
2019,6,WV,0.011814
2019,6,WY,0.048582
2019,7,AL,0.010338
2019,7,AR,0.011933
2019,7,AZ,0.031677
2019,7,CA,0.027529
2019,7,CO,0.032601
2019,7,CT,0.010216
2019,7,DE,0.01428
2019,7,FL,0.011516
2019,7,GA,0.005006
2019,7,IA,0.023446
2019,7,ID,0.018623
2019,7,IL,0.017414
2019,7,IN,0.014534
2019,7,KS,0.053839
2019,7,KY,0.006183
2019,7,LA,0.027915
2019,7,MA,0.01508
2019,7,MD,0.012256
2019,7,ME,0.007713
2019,7,MI,0.018708
2019,7,MN,0.015629
2019,7,MO,0.013941
2019,7,MS,0.012442
2019,7,MT,0.042786
2019,7,NC,0.012037
2019,7,ND,0.035818
2019,7,NE,0.033761
2019,7,NH,0.04951
2019,7,NJ,0.010823
2019,7,NM,0.037445
2019,7,NV,0.034127
2019,7,NY,0.011481
2019,7,OH,0.016687
2019,7,OK,0.036185
2019,7,OR,0.018043
2019,7,PA,0.00687
2019,7,RI,0.018859
2019,7,SC,0.007326
2019,7,SD,0.035785
2019,7,TN,0.006683
2019,7,TX,0.03961
2019,7,UT,0.037148
2019,7,VA,0.009897
2019,7,VT,0.00429
2019,7,WA,0.020014
2019,7,WI,0.014392
2019,7,WV,0.003758
2019,7,WY,0.043415
2019,8,AL,0.006598
2019,8,AR,0.00624
2019,8,AZ,0.022289
2019,8,CA,0.023118
2019,8,CO,0.034372
2019,8,CT,0.010888
2019,8,DE,0.019966
2019,8,FL,0.011532
2019,8,GA,0.004372
2019,8,IA,0.012963
2019,8,ID,0.018095
2019,8,IL,0.012911
2019,8,IN,0.011956
2019,8,KS,0.041268
2019,8,KY,0.005435
2019,8,LA,0.010571
2019,8,MA,0.017328
2019,8,MD,0.012874
2019,8,ME,0.006945
2019,8,MI,0.021724
2019,8,MN,0.019047
2019,8,MO,0.009759
2019,8,MS,0.004598
2019,8,MT,0.041283
2019,8,NC,0.008883
2019,8,ND,0.045552
2019,8,NE,0.031044
2019,8,NH,0.038782
2019,8,NJ,0.013258
2019,8,NM,0.0376
2019,8,NV,0.026292
2019,8,NY,0.013511
2019,8,OH,0.01888
2019,8,OK,0.031663
2019,8,OR,0.014442
2019,8,PA,0.006423
2019,8,RI,0.020189
2019,8,SC,0.005503
2019,8,SD,0.040304
2019,8,TN,0.003702
2019,8,TX,0.032872
2019,8,UT,0.029127
2019,8,VA,0.011116
2019,8,VT,0.004265
2019,8,WA,0.016022
2019,8,WI,0.01233
2019,8,WV,0.003948
2019,8,WY,0.045477
2019,9,AL,0.008814
2019,9,AR,0.009067
2019,9,AZ,0.036777
2019,9,CA,0.027926
2019,9,CO,0.054867
2019,9,CT,0.018555
2019,9,DE,0.033584
2019,9,FL,0.035202
2019,9,GA,0.009039
2019,9,IA,0.030536
2019,9,ID,0.022822
2019,9,IL,0.017734
2019,9,IN,0.01603
2019,9,KS,0.081283
2019,9,KY,0.004862
2019,9,LA,0.025191
2019,9,MA,0.026016
2019,9,MD,0.016421
2019,9,ME,0.010369
2019,9,MI,0.034138
2019,9,MN,0.030842
2019,9,MO,0.015819
2019,9,MS,0.007705
2019,9,MT,0.065919
2019,9,NC,0.018363
2019,9,ND,0.062675
2019,9,NE,0.059724
2019,9,NH,0.039219
2019,9,NJ,0.018067
2019,9,NM,0.041795
2019,9,NV,0.043941
2019,9,NY,0.01745
2019,9,OH,0.019901
2019,9,OK,0.041112
2019,9,OR,0.014721
2019,9,PA,0.006925
2019,9,RI,0.032796
2019,9,SC,0.013655
2019,9,SD,0.059021
2019,9,TN,0.003122
2019,9,TX,0.041349
2019,9,UT,0.053925
2019,9,VA,0.015788
2019,9,VT,0.009012
2019,9,WA,0.016561
2019,9,WI,0.020199
2019,9,WV,0.003714
2019,9,WY,0.06282
2019,10,AL,0.016612
2019,10,AR,0.017329
2019,10,AZ,0.036016
2019,10,CA,0.026965
2019,10,CO,0.07791
2019,10,CT,0.053592
2019,10,DE,0.064954
2019,10,FL,0.022209
2019,10,GA,0.009045
2019,10,IA,0.063315
2019,10,ID,0.035171
2019,10,IL,0.039933
2019,10,IN,0.04097
2019,10,KS,0.097952
2019,10,KY,0.014341
2019,10,LA,0.042966
2019,10,MA,0.068364
2019,10,MD,0.034886
2019,10,ME,0.01969
2019,10,MI,0.062876
2019,10,MN,0.060551
2019,10,MO,0.025379
2019,10,MS,0.017998
2019,10,MT,0.103944
2019,10,NC,0.017263
2019,10,ND,0.140504
2019,10,NE,0.100745
2019,10,NH,0.047863
2019,10,NJ,0.043051
2019,10,NM,0.063414
2019,10,NV,0.034922
2019,10,NY,0.034901
2019,10,OH,0.047511
2019,10,OK,0.071226
2019,10,OR,0.024713
2019,10,PA,0.02098
2019,10,RI,0.081824
2019,10,SC,0.009729
2019,10,SD,0.128696
2019,10,TN,0.010897
2019,10,TX,0.06299
2019,10,UT,0.045395
2019,10,VA,0.022442
2019,10,VT,0.014697
2019,10,WA,0.023334
2019,10,WI,0.038987
2019,10,WV,0.01215
2019,10,WY,0.102415
2019,11,AL,0.015722
2019,11,AR,0.021775
2019,11,AZ,0.031116
2019,11,CA,0.01607
2019,11,CO,0.059853
2019,11,CT,0.051511
2019,11,DE,0.084253
2019,11,FL,0.017675
2019,11,GA,0.008986
2019,11,IA,0.064055
2019,11,ID,0.017058
2019,11,IL,0.046713
2019,11,IN,0.04628
2019,11,KS,0.089614
2019,11,KY,0.016618
2019,11,LA,0.047427
2019,11,MA,0.068268
2019,11,MD,0.045882
2019,11,ME,0.045077
2019,11,MI,0.056644
2019,11,MN,0.043081
2019,11,MO,0.032607
2019,11,MS,0.022491
2019,11,MT,0.100028
2019,11,NC,0.031213
2019,11,ND,0.07553
2019,11,NE,0.085204
2019,11,NH,0.059309
2019,11,NJ,0.046687
2019,11,NM,0.061133
2019,11,NV,0.019382
2019,11,NY,0.048417
2019,11,OH,0.058105
2019,11,OK,0.058765
2019,11,OR,0.016205
2019,11,PA,0.034148
2019,11,RI,0.065096
2019,11,SC,0.014466
2019,11,SD,0.075912
2019,11,TN,0.014175
2019,11,TX,0.055143
2019,11,UT,0.022915
2019,11,VA,0.034399
2019,11,VT,0.022203
2019,11,WA,0.01606
2019,11,WI,0.030187
2019,11,WV,0.018393
2019,11,WY,0.079451
2019,12,AL,0.025456
2019,12,AR,0.019583
2019,12,AZ,0.023039
2019,12,CA,0.022995
2019,12,CO,0.047416
2019,12,CT,0.041641
2019,12,DE,0.04773
2019,12,FL,0.029658
2019,12,GA,0.016042
2019,12,IA,0.063955
2019,12,ID,0.018414
2019,12,IL,0.048004
2019,12,IN,0.048623
2019,12,KS,0.070975
2019,12,KY,0.020974
2019,12,LA,0.060544
2019,12,MA,0.067578
2019,12,MD,0.027711
2019,12,ME,0.037194
2019,12,MI,0.062799
2019,12,MN,0.037668
2019,12,MO,0.036242
2019,12,MS,0.02345
2019,12,MT,0.102183
2019,12,NC,0.02194
2019,12,ND,0.069073
2019,12,NE,0.085438
2019,12,NH,0.0483
2019,12,NJ,0.037424
2019,12,NM,0.046847
2019,12,NV,0.018396
2019,12,NY,0.044195
2019,12,OH,0.059752
2019,12,OK,0.04019
2019,12,OR,0.028607
2019,12,PA,0.026758
2019,12,RI,0.057845
2019,12,SC,0.016945
2019,12,SD,0.083447
2019,12,TN,0.018465
2019,12,TX,0.043332
2019,12,UT,0.016419
2019,12,VA,0.023588
2019,12,VT,0.020171
2019,12,WA,0.01218
2019,12,WI,0.028141
2019,12,WV,0.017666
2019,12,WY,0.066537
2020,1,AL,0.024461
2020,1,AR,0.022528
2020,1,AZ,0.018707
2020,1,CA,0.020649
2020,1,CO,0.068437
2020,1,CT,0.047013
2020,1,DE,0.059466
2020,1,FL,0.030041
2020,1,GA,0.013174
2020,1,IA,0.080114
2020,1,ID,0.043785
2020,1,IL,0.054938
2020,1,IN,0.050037
2020,1,KS,0.069797
2020,1,KY,0.026196
2020,1,LA,0.049023
2020,1,MA,0.060358
2020,1,MD,0.041049
2020,1,ME,0.020354
2020,1,MI,0.057428
2020,1,MN,0.048373
2020,1,MO,0.033231
2020,1,MS,0.025664
2020,1,MT,0.109346
2020,1,NC,0.026459
2020,1,ND,0.101389
2020,1,NE,0.080265
2020,1,NH,0.047859
2020,1,NJ,0.048694
2020,1,NM,0.05442
2020,1,NV,0.027459
2020,1,NY,0.047038
2020,1,OH,0.062757
2020,1,OK,0.063566
2020,1,OR,0.049582
2020,1,PA,0.03946
2020,1,RI,0.052052
2020,1,SC,0.014909
2020,1,SD,0.095951
2020,1,TN,0.021911
2020,1,TX,0.053125
2020,1,UT,0.025384
2020,1,VA,0.034169
2020,1,VT,0.016944
2020,1,WA,0.056232
2020,1,WI,0.03234
2020,1,WV,0.027791
2020,1,WY,0.101764
2020,2,AL,0.025391
2020,2,AR,0.028129
2020,2,AZ,0.034549
2020,2,CA,0.02584
2020,2,CO,0.073401
2020,2,CT,0.039614
2020,2,DE,0.045334
2020,2,FL,0.035999
2020,2,GA,0.018059
2020,2,IA,0.069908
2020,2,ID,0.041981
2020,2,IL,0.047685
2020,2,IN,0.042481
2020,2,KS,0.081666
2020,2,KY,0.020685
2020,2,LA,0.055781
2020,2,MA,0.048985
2020,2,MD,0.033459
2020,2,ME,0.025152
2020,2,MI,0.06574
2020,2,MN,0.045505
2020,2,MO,0.028659
2020,2,MS,0.029506
2020,2,MT,0.127657
2020,2,NC,0.034139
2020,2,ND,0.079364
2020,2,NE,0.100707
2020,2,NH,0.048528
2020,2,NJ,0.038772
2020,2,NM,0.068893
2020,2,NV,0.039122
2020,2,NY,0.047924
2020,2,OH,0.055508
2020,2,OK,0.063888
2020,2,OR,0.02779
2020,2,PA,0.032791
2020,2,RI,0.043956
2020,2,SC,0.025193
2020,2,SD,0.067999
2020,2,TN,0.021145
2020,2,TX,0.064138
2020,2,UT,0.040419
2020,2,VA,0.032523
2020,2,VT,0.018381
2020,2,WA,0.038802
2020,2,WI,0.033179
2020,2,WV,0.021683
2020,2,WY,0.107448
2020,3,AL,0.017693
2020,3,AR,0.032436
2020,3,AZ,0.039848
2020,3,CA,0.029104
2020,3,CO,0.072075
2020,3,CT,0.047512
2020,3,DE,0.055038
2020,3,FL,0.025375
2020,3,GA,0.010649
2020,3,IA,0.09776
2020,3,ID,0.035816
2020,3,IL,0.068379
2020,3,IN,0.061637
2020,3,KS,0.099862
2020,3,KY,0.030363
2020,3,LA,0.036874
2020,3,MA,0.067318
2020,3,MD,0.030416
2020,3,ME,0.040873
2020,3,MI,0.055581
2020,3,MN,0.059695
2020,3,MO,0.047537
2020,3,MS,0.025894
2020,3,MT,0.115042
2020,3,NC,0.027267
2020,3,ND,0.109565
2020,3,NE,0.106307
2020,3,NH,0.051825
2020,3,NJ,0.037197
2020,3,NM,0.082378
2020,3,NV,0.050873
2020,3,NY,0.045771
2020,3,OH,0.060623
2020,3,OK,0.063878
2020,3,OR,0.025338
2020,3,PA,0.029779
2020,3,RI,0.065304
2020,3,SC,0.014497
2020,3,SD,0.097439
2020,3,TN,0.024481
2020,3,TX,0.060279
2020,3,UT,0.054045
2020,3,VA,0.033394
2020,3,VT,0.029451
2020,3,WA,0.034856
2020,3,WI,0.041357
2020,3,WV,0.024538
2020,3,WY,0.093583
2020,4,AL,0.027065
2020,4,AR,0.026998
2020,4,AZ,0.038817
2020,4,CA,0.029438
2020,4,CO,0.070168
2020,4,CT,0.079944
2020,4,DE,0.108523
2020,4,FL,0.031987
2020,4,GA,0.018945
2020,4,IA,0.103915
2020,4,ID,0.037484
2020,4,IL,0.063103
2020,4,IN,0.05901
2020,4,KS,0.108014
2020,4,KY,0.025311
2020,4,LA,0.052638
2020,4,MA,0.096438
2020,4,MD,0.073508
2020,4,ME,0.052397
2020,4,MI,0.060569
2020,4,MN,0.054593
2020,4,MO,0.043166
2020,4,MS,0.027017
2020,4,MT,0.091682
2020,4,NC,0.043721
2020,4,ND,0.110149
2020,4,NE,0.109283
2020,4,NH,0.055354
2020,4,NJ,0.078912
2020,4,NM,0.077082
2020,4,NV,0.041243
2020,4,NY,0.067487
2020,4,OH,0.064546
2020,4,OK,0.077835
2020,4,OR,0.021885
2020,4,PA,0.050782
2020,4,RI,0.095238
2020,4,SC,0.026597
2020,4,SD,0.107134
2020,4,TN,0.023949
2020,4,TX,0.060346
2020,4,UT,0.04739
2020,4,VA,0.053425
2020,4,VT,0.027596
2020,4,WA,0.026596
2020,4,WI,0.048405
2020,4,WV,0.030413
2020,4,WY,0.083693
2020,5,AL,0.016739
2020,5,AR,0.018186
2020,5,AZ,0.039962
2020,5,CA,0.038955
2020,5,CO,0.078096
2020,5,CT,0.043166
2020,5,DE,0.073504
2020,5,FL,0.024716
2020,5,GA,0.011313
2020,5,IA,0.057331
2020,5,ID,0.039446
2020,5,IL,0.034193
2020,5,IN,0.036648
2020,5,KS,0.075026
2020,5,KY,0.014953
2020,5,LA,0.03464
2020,5,MA,0.059476
2020,5,MD,0.047508
2020,5,ME,0.038
2020,5,MI,0.03984
2020,5,MN,0.043862
2020,5,MO,0.024796
2020,5,MS,0.020216
2020,5,MT,0.079608
2020,5,NC,0.023306
2020,5,ND,0.113625
2020,5,NE,0.079635
2020,5,NH,0.05064
2020,5,NJ,0.04901
2020,5,NM,0.072056
2020,5,NV,0.062442
2020,5,NY,0.036148
2020,5,OH,0.043668
2020,5,OK,0.057121
2020,5,OR,0.0266
2020,5,PA,0.029529
2020,5,RI,0.048371
2020,5,SC,0.013661
2020,5,SD,0.084199
2020,5,TN,0.014543
2020,5,TX,0.063606
2020,5,UT,0.070739
2020,5,VA,0.034638
2020,5,VT,0.018964
2020,5,WA,0.029806
2020,5,WI,0.035441
2020,5,WV,0.014963
2020,5,WY,0.081231
2020,6,AL,0.01718
2020,6,AR,0.021414
2020,6,AZ,0.054041
2020,6,CA,0.044243
2020,6,CO,0.089542
2020,6,CT,0.013155
2020,6,DE,0.035041
2020,6,FL,0.015701
2020,6,GA,0.007517
2020,6,IA,0.066182
2020,6,ID,0.032235
2020,6,IL,0.031017
2020,6,IN,0.029643
2020,6,KS,0.141862
2020,6,KY,0.013126
2020,6,LA,0.03444
2020,6,MA,0.019256
2020,6,MD,0.021698
2020,6,ME,0.011884
2020,6,MI,0.027988
2020,6,MN,0.062925
2020,6,MO,0.021933
2020,6,MS,0.021343
2020,6,MT,0.067714
2020,6,NC,0.016885
2020,6,ND,0.112505
2020,6,NE,0.117963
2020,6,NH,0.036572
2020,6,NJ,0.020502
2020,6,NM,0.095985
2020,6,NV,0.066799
2020,6,NY,0.019218
2020,6,OH,0.030274
2020,6,OK,0.07612
2020,6,OR,0.026438
2020,6,PA,0.013863
2020,6,RI,0.018992
2020,6,SC,0.011522
2020,6,SD,0.101264
2020,6,TN,0.013645
2020,6,TX,0.056432
2020,6,UT,0.080284
2020,6,VA,0.020409
2020,6,VT,0.009295
2020,6,WA,0.028628
2020,6,WI,0.021516
2020,6,WV,0.007506
2020,6,WY,0.081556
2020,7,AL,0.012232
2020,7,AR,0.009809
2020,7,AZ,0.029439
2020,7,CA,0.029871
2020,7,CO,0.051812
2020,7,CT,0.011029
2020,7,DE,0.018937
2020,7,FL,0.016427
2020,7,GA,0.004857
2020,7,IA,0.016831
2020,7,ID,0.021232
2020,7,IL,0.011749
2020,7,IN,0.01206
2020,7,KS,0.052883
2020,7,KY,0.00584
2020,7,LA,0.027193
2020,7,MA,0.019519
2020,7,MD,0.011811
2020,7,ME,0.007217
2020,7,MI,0.016265
2020,7,MN,0.019655
2020,7,MO,0.010249
2020,7,MS,0.008863
2020,7,MT,0.045405
2020,7,NC,0.009126
2020,7,ND,0.049847
2020,7,NE,0.051837
2020,7,NH,0.038018
2020,7,NJ,0.014842
2020,7,NM,0.046617
2020,7,NV,0.037032
2020,7,NY,0.016594
2020,7,OH,0.017059
2020,7,OK,0.034553
2020,7,OR,0.021993
2020,7,PA,0.008706
2020,7,RI,0.019364
2020,7,SC,0.005022
2020,7,SD,0.052569
2020,7,TN,0.005271
2020,7,TX,0.043107
2020,7,UT,0.03925
2020,7,VA,0.0096
2020,7,VT,0.006903
2020,7,WA,0.023957
2020,7,WI,0.011213
2020,7,WV,0.004438
2020,7,WY,0.058315
2020,8,AL,0.011484
2020,8,AR,0.011517
2020,8,AZ,0.031083
2020,8,CA,0.025138
2020,8,CO,0.043469
2020,8,CT,0.020517
2020,8,DE,0.025138
2020,8,FL,0.016762
2020,8,GA,0.00485
2020,8,IA,0.019454
2020,8,ID,0.021592
2020,8,IL,0.009769
2020,8,IN,0.009426
2020,8,KS,0.03928
2020,8,KY,0.004566
2020,8,LA,0.027812
2020,8,MA,0.02857
2020,8,MD,0.016579
2020,8,ME,0.013386
2020,8,MI,0.019301
2020,8,MN,0.01918
2020,8,MO,0.007943
2020,8,MS,0.010594
2020,8,MT,0.043133
2020,8,NC,0.010752
2020,8,ND,0.036733
2020,8,NE,0.039788
2020,8,NH,0.042277
2020,8,NJ,0.01905
2020,8,NM,0.03739
2020,8,NV,0.028423
2020,8,NY,0.020156
2020,8,OH,0.015233
2020,8,OK,0.026018
2020,8,OR,0.022825
2020,8,PA,0.010136
2020,8,RI,0.027076
2020,8,SC,0.005883
2020,8,SD,0.052319
2020,8,TN,0.00629
2020,8,TX,0.029851
2020,8,UT,0.031563
2020,8,VA,0.014989
2020,8,VT,0.008629
2020,8,WA,0.021592
2020,8,WI,0.011395
2020,8,WV,0.004222
2020,8,WY,0.04458
2020,9,AL,0.023236
2020,9,AR,0.009196
2020,9,AZ,0.023321
2020,9,CA,0.016468
2020,9,CO,0.040369
2020,9,CT,0.025843
2020,9,DE,0.031987
2020,9,FL,0.025954
2020,9,GA,0.010131
2020,9,IA,0.039695
2020,9,ID,0.02401
2020,9,IL,0.023641
2020,9,IN,0.018954
2020,9,KS,0.057737
2020,9,KY,0.0065
2020,9,LA,0.054878
2020,9,MA,0.02938
2020,9,MD,0.013932
2020,9,ME,0.022186
2020,9,MI,0.036472
2020,9,MN,0.034009
2020,9,MO,0.01267
2020,9,MS,0.022655
2020,9,MT,0.081371
2020,9,NC,0.015682
2020,9,ND,0.098525
2020,9,NE,0.053014
2020,9,NH,0.051034
2020,9,NJ,0.014044
2020,9,NM,0.045723
2020,9,NV,0.02792
2020,9,NY,0.020593
2020,9,OH,0.022455
2020,9,OK,0.031351
2020,9,OR,0.022231
2020,9,PA,0.008076
2020,9,RI,0.027864
2020,9,SC,0.01161
2020,9,SD,0.066922
2020,9,TN,0.00613
2020,9,TX,0.039273
2020,9,UT,0.045002
2020,9,VA,0.017375
2020,9,VT,0.014914
2020,9,WA,0.020921
2020,9,WI,0.022271
2020,9,WV,0.003714
2020,9,WY,0.061517
2020,10,AL,0.01717
2020,10,AR,0.014424
2020,10,AZ,0.02179
2020,10,CA,0.015405
2020,10,CO,0.070467
2020,10,CT,0.031093
2020,10,DE,0.035911
2020,10,FL,0.020577
2020,10,GA,0.00828
2020,10,IA,0.065667
2020,10,ID,0.040377
2020,10,IL,0.044549
2020,10,IN,0.029388
2020,10,KS,0.079534
2020,10,KY,0.007657
2020,10,LA,0.053652
2020,10,MA,0.038954
2020,10,MD,0.017425
2020,10,ME,0.021633
2020,10,MI,0.050609
2020,10,MN,0.051297
2020,10,MO,0.026963
2020,10,MS,0.021287
2020,10,MT,0.103345
2020,10,NC,0.014679
2020,10,ND,0.110822
2020,10,NE,0.067837
2020,10,NH,0.046708
2020,10,NJ,0.018094
2020,10,NM,0.054985
2020,10,NV,0.020455
2020,10,NY,0.02818
2020,10,OH,0.032806
2020,10,OK,0.0616
2020,10,OR,0.023121
2020,10,PA,0.013056
2020,10,RI,0.04015
2020,10,SC,0.009585
2020,10,SD,0.080641
2020,10,TN,0.007682
2020,10,TX,0.042547
2020,10,UT,0.033161
2020,10,VA,0.01414
2020,10,VT,0.016928
2020,10,WA,0.030075
2020,10,WI,0.034022
2020,10,WV,0.006135
2020,10,WY,0.099469
2020,11,AL,0.016976
2020,11,AR,0.023454
2020,11,AZ,0.031543
2020,11,CA,0.022523
2020,11,CO,0.06941
2020,11,CT,0.048856
2020,11,DE,0.049608
2020,11,FL,0.040739
2020,11,GA,0.010357
2020,11,IA,0.092517
2020,11,ID,0.029659
2020,11,IL,0.078759
2020,11,IN,0.060571
2020,11,KS,0.106936
2020,11,KY,0.020978
2020,11,LA,0.050748
2020,11,MA,0.053778
2020,11,MD,0.042105
2020,11,ME,0.023367
2020,11,MI,0.081158
2020,11,MN,0.063139
2020,11,MO,0.045624
2020,11,MS,0.017755
2020,11,MT,0.131016
2020,11,NC,0.016244
2020,11,ND,0.102459
2020,11,NE,0.083546
2020,11,NH,0.055259
2020,11,NJ,0.034849
2020,11,NM,0.067909
2020,11,NV,0.03531
2020,11,NY,0.051392
2020,11,OH,0.067659
2020,11,OK,0.067366
2020,11,OR,0.029986
2020,11,PA,0.033386
2020,11,RI,0.048986
2020,11,SC,0.010718
2020,11,SD,0.081155
2020,11,TN,0.017076
2020,11,TX,0.038315
2020,11,UT,0.046375
2020,11,VA,0.028853
2020,11,VT,0.022148
2020,11,WA,0.034905
2020,11,WI,0.051769
2020,11,WV,0.021499
2020,11,WY,0.085024
2020,12,AL,0.015954
2020,12,AR,0.021285
2020,12,AZ,0.028179
2020,12,CA,0.019636
2020,12,CO,0.066246
2020,12,CT,0.05931
2020,12,DE,0.067405
2020,12,FL,0.019611
2020,12,GA,0.012712
2020,12,IA,0.0672
2020,12,ID,0.023673
2020,12,IL,0.051193
2020,12,IN,0.049065
2020,12,KS,0.067566
2020,12,KY,0.018671
2020,12,LA,0.05347
2020,12,MA,0.071344
2020,12,MD,0.043535
2020,12,ME,0.043066
2020,12,MI,0.061045
2020,12,MN,0.045433
2020,12,MO,0.030239
2020,12,MS,0.016614
2020,12,MT,0.114559
2020,12,NC,0.021141
2020,12,ND,0.080146
2020,12,NE,0.083212
2020,12,NH,0.053198
2020,12,NJ,0.047528
2020,12,NM,0.059986
2020,12,NV,0.017818
2020,12,NY,0.050925
2020,12,OH,0.059747
2020,12,OK,0.048677
2020,12,OR,0.033472
2020,12,PA,0.032316
2020,12,RI,0.07142
2020,12,SC,0.013847
2020,12,SD,0.08386
2020,12,TN,0.016416
2020,12,TX,0.051359
2020,12,UT,0.020845
2020,12,VA,0.033929
2020,12,VT,0.028375
2020,12,WA,0.030189
2020,12,WI,0.033482
2020,12,WV,0.015793
2020,12,WY,0.081505
2021,1,AL,0.01788
2021,1,AR,0.026453
2021,1,AZ,0.030648
2021,1,CA,0.035205
2021,1,CO,0.070827
2021,1,CT,0.048591
2021,1,DE,0.052996
2021,1,FL,0.017267
2021,1,GA,0.010959
2021,1,IA,0.063891
2021,1,ID,0.027888
2021,1,IL,0.038841
2021,1,IN,0.032992
2021,1,KS,0.086152
2021,1,KY,0.016099
2021,1,LA,0.051419
2021,1,MA,0.052904
2021,1,MD,0.033633
2021,1,ME,0.02738
2021,1,MI,0.032581
2021,1,MN,0.038134
2021,1,MO,0.029923
2021,1,MS,0.020328
2021,1,MT,0.121224
2021,1,NC,0.015659
2021,1,ND,0.098968
2021,1,NE,0.09609
2021,1,NH,0.0541
2021,1,NJ,0.044242
2021,1,NM,0.056956
2021,1,NV,0.031321
2021,1,NY,0.0383
2021,1,OH,0.034171
2021,1,OK,0.055532
2021,1,OR,0.039378
2021,1,PA,0.031764
2021,1,RI,0.046588
2021,1,SC,0.010753
2021,1,SD,0.096291
2021,1,TN,0.017262
2021,1,TX,0.046842
2021,1,UT,0.024891
2021,1,VA,0.0243
2021,1,VT,0.009879
2021,1,WA,0.030025
2021,1,WI,0.0239
2021,1,WV,0.014203
2021,1,WY,0.091395
2021,2,AL,0.020836
2021,2,AR,0.02643
2021,2,AZ,0.03835
2021,2,CA,0.035065
2021,2,CO,0.08046
2021,2,CT,0.046171
2021,2,DE,0.051904
2021,2,FL,0.029079
2021,2,GA,0.015005
2021,2,IA,0.053264
2021,2,ID,0.056439
2021,2,IL,0.056213
2021,2,IN,0.049116
2021,2,KS,0.068978
2021,2,KY,0.018414
2021,2,LA,0.060317
2021,2,MA,0.050045
2021,2,MD,0.030822
2021,2,ME,0.026906
2021,2,MI,0.048082
2021,2,MN,0.040581
2021,2,MO,0.034004
2021,2,MS,0.026691
2021,2,MT,0.109905
2021,2,NC,0.022995
2021,2,ND,0.093094
2021,2,NE,0.057687
2021,2,NH,0.049146
2021,2,NJ,0.034352
2021,2,NM,0.072659
2021,2,NV,0.0482
2021,2,NY,0.045173
2021,2,OH,0.058546
2021,2,OK,0.063148
2021,2,OR,0.042174
2021,2,PA,0.030909
2021,2,RI,0.057377
2021,2,SC,0.012649
2021,2,SD,0.066832
2021,2,TN,0.022065
2021,2,TX,0.058645
2021,2,UT,0.037053
2021,2,VA,0.028381
2021,2,VT,0.015808
2021,2,WA,0.049648
2021,2,WI,0.025871
2021,2,WV,0.017495
2021,2,WY,0.117442
2021,3,AL,0.020687
2021,3,AR,0.035443
2021,3,AZ,0.055119
2021,3,CA,0.040114
2021,3,CO,0.075413
2021,3,CT,0.063308
2021,3,DE,0.074967
2021,3,FL,0.030129
2021,3,GA,0.014652
2021,3,IA,0.114891
2021,3,ID,0.036491
2021,3,IL,0.086657
2021,3,IN,0.068258
2021,3,KS,0.148102
2021,3,KY,0.027881
2021,3,LA,0.062929
2021,3,MA,0.088353
2021,3,MD,0.050703
2021,3,ME,0.058999
2021,3,MI,0.070817
2021,3,MN,0.072809
2021,3,MO,0.0647
2021,3,MS,0.028138
2021,3,MT,0.09484
2021,3,NC,0.027912
2021,3,ND,0.117296
2021,3,NE,0.111599
2021,3,NH,0.069007
2021,3,NJ,0.064701
2021,3,NM,0.109924
2021,3,NV,0.052592
2021,3,NY,0.074544
2021,3,OH,0.069628
2021,3,OK,0.10284
2021,3,OR,0.035305
2021,3,PA,0.048831
2021,3,RI,0.073578
2021,3,SC,0.020483
2021,3,SD,0.116641
2021,3,TN,0.023014
2021,3,TX,0.084719
2021,3,UT,0.053909
2021,3,VA,0.032282
2021,3,VT,0.042833
2021,3,WA,0.035737
2021,3,WI,0.05888
2021,3,WV,0.023376
2021,3,WY,0.075531
2021,4,AL,0.01602
2021,4,AR,0.027506
2021,4,AZ,0.056762
2021,4,CA,0.039758
2021,4,CO,0.084496
2021,4,CT,0.048994
2021,4,DE,0.070752
2021,4,FL,0.026115
2021,4,GA,0.012382
2021,4,IA,0.088074
2021,4,ID,0.049197
2021,4,IL,0.053262
2021,4,IN,0.044863
2021,4,KS,0.126329
2021,4,KY,0.020078
2021,4,LA,0.055807
2021,4,MA,0.062918
2021,4,MD,0.049888
2021,4,ME,0.04283
2021,4,MI,0.042166
2021,4,MN,0.056148
2021,4,MO,0.04101
2021,4,MS,0.021079
2021,4,MT,0.086803
2021,4,NC,0.025855
2021,4,ND,0.107202
2021,4,NE,0.103223
2021,4,NH,0.055329
2021,4,NJ,0.04817
2021,4,NM,0.097128
2021,4,NV,0.051637
2021,4,NY,0.041173
2021,4,OH,0.044575
2021,4,OK,0.085246
2021,4,OR,0.028791
2021,4,PA,0.034874
2021,4,RI,0.044316
2021,4,SC,0.016515
2021,4,SD,0.117946
2021,4,TN,0.018153
2021,4,TX,0.071582
2021,4,UT,0.061176
2021,4,VA,0.035888
2021,4,VT,0.018417
2021,4,WA,0.029326
2021,4,WI,0.028851
2021,4,WV,0.018733
2021,4,WY,0.086563
2021,5,AL,0.01822
2021,5,AR,0.021445
2021,5,AZ,0.049506
2021,5,CA,0.05004
2021,5,CO,0.069402
2021,5,CT,0.031724
2021,5,DE,0.049364
2021,5,FL,0.03077
2021,5,GA,0.011511
2021,5,IA,0.065854
2021,5,ID,0.041376
2021,5,IL,0.043486
2021,5,IN,0.029725
2021,5,KS,0.088808
2021,5,KY,0.012306
2021,5,LA,0.049379
2021,5,MA,0.041833
2021,5,MD,0.029076
2021,5,ME,0.022575
2021,5,MI,0.031748
2021,5,MN,0.04038
2021,5,MO,0.025329
2021,5,MS,0.026917
2021,5,MT,0.071349
2021,5,NC,0.019659
2021,5,ND,0.107396
2021,5,NE,0.073592
2021,5,NH,0.047582
2021,5,NJ,0.028279
2021,5,NM,0.091026
2021,5,NV,0.054116
2021,5,NY,0.027762
2021,5,OH,0.032877
2021,5,OK,0.050292
2021,5,OR,0.030267
2021,5,PA,0.01657
2021,5,RI,0.035266
2021,5,SC,0.014246
2021,5,SD,0.072975
2021,5,TN,0.013523
2021,5,TX,0.064982
2021,5,UT,0.05918
2021,5,VA,0.022168
2021,5,VT,0.011027
2021,5,WA,0.031842
2021,5,WI,0.028582
2021,5,WV,0.008172
2021,5,WY,0.073607
2021,6,AL,0.010406
2021,6,AR,0.010899
2021,6,AZ,0.039399
2021,6,CA,0.041247
2021,6,CO,0.041764
2021,6,CT,0.013288
2021,6,DE,0.018649
2021,6,FL,0.02043
2021,6,GA,0.007166
2021,6,IA,0.034828
2021,6,ID,0.033996
2021,6,IL,0.025215
2021,6,IN,0.024301
2021,6,KS,0.05656
2021,6,KY,0.009086
2021,6,LA,0.029919
2021,6,MA,0.027491
2021,6,MD,0.017147
2021,6,ME,0.014157
2021,6,MI,0.025167
2021,6,MN,0.027861
2021,6,MO,0.015938
2021,6,MS,0.016204
2021,6,MT,0.069386
2021,6,NC,0.011507
2021,6,ND,0.084236
2021,6,NE,0.047366
2021,6,NH,0.051269
2021,6,NJ,0.013945
2021,6,NM,0.056461
2021,6,NV,0.055954
2021,6,NY,0.021735
2021,6,OH,0.026963
2021,6,OK,0.038262
2021,6,OR,0.02683
2021,6,PA,0.009975
2021,6,RI,0.023751
2021,6,SC,0.010466
2021,6,SD,0.060161
2021,6,TN,0.007923
2021,6,TX,0.038893
2021,6,UT,0.055273
2021,6,VA,0.011864
2021,6,VT,0.009993
2021,6,WA,0.025196
2021,6,WI,0.019871
2021,6,WV,0.004978
2021,6,WY,0.058594
2021,7,AL,0.005522
2021,7,AR,0.007694
2021,7,AZ,0.032699
2021,7,CA,0.032966
2021,7,CO,0.034265
2021,7,CT,0.013302
2021,7,DE,0.013871
2021,7,FL,0.014524
2021,7,GA,0.004891
2021,7,IA,0.011715
2021,7,ID,0.016117
2021,7,IL,0.011644
2021,7,IN,0.010428
2021,7,KS,0.038244
2021,7,KY,0.004619
2021,7,LA,0.011688
2021,7,MA,0.018795
2021,7,MD,0.016526
2021,7,ME,0.00893
2021,7,MI,0.017076
2021,7,MN,0.012012
2021,7,MO,0.006069
2021,7,MS,0.005686
2021,7,MT,0.038124
2021,7,NC,0.012533
2021,7,ND,0.03927
2021,7,NE,0.033749
2021,7,NH,0.03227
2021,7,NJ,0.012542
2021,7,NM,0.032839
2021,7,NV,0.040172
2021,7,NY,0.014721
2021,7,OH,0.016228
2021,7,OK,0.019832
2021,7,OR,0.027669
2021,7,PA,0.00808
2021,7,RI,0.021238
2021,7,SC,0.00767
2021,7,SD,0.043598
2021,7,TN,0.005671
2021,7,TX,0.023732
2021,7,UT,0.034769
2021,7,VA,0.014553
2021,7,VT,0.005028
2021,7,WA,0.024908
2021,7,WI,0.012349
2021,7,WV,0.0041
2021,7,WY,0.040386
2021,8,AL,0.0068
2021,8,AR,0.009285
2021,8,AZ,0.022594
2021,8,CA,0.028362
2021,8,CO,0.036869
2021,8,CT,0.011492
2021,8,DE,0.013645
2021,8,FL,0.018214
2021,8,GA,0.005633
2021,8,IA,0.019869
2021,8,ID,0.019473
2021,8,IL,0.013177
2021,8,IN,0.011371
2021,8,KS,0.061802
2021,8,KY,0.003653
2021,8,LA,0.029372
2021,8,MA,0.016202
2021,8,MD,0.010572
2021,8,ME,0.00462
2021,8,MI,0.017206
2021,8,MN,0.025132
2021,8,MO,0.012527
2021,8,MS,0.01672
2021,8,MT,0.060845
2021,8,NC,0.006015
2021,8,ND,0.06518
2021,8,NE,0.039288
2021,8,NH,0.033227
2021,8,NJ,0.011266
2021,8,NM,0.030284
2021,8,NV,0.034202
2021,8,NY,0.01105
2021,8,OH,0.012182
2021,8,OK,0.037103
2021,8,OR,0.02216
2021,8,PA,0.006284
2021,8,RI,0.017699
2021,8,SC,0.00492
2021,8,SD,0.057901
2021,8,TN,0.005494
2021,8,TX,0.02813
2021,8,UT,0.039848
2021,8,VA,0.0077
2021,8,VT,0.00353
2021,8,WA,0.022772
2021,8,WI,0.011498
2021,8,WV,0.003781
2021,8,WY,0.054539
2021,9,AL,0.002265
2021,9,AR,0.007424
2021,9,AZ,0.014613
2021,9,CA,0.022038
2021,9,CO,0.041052
2021,9,CT,0.029488
2021,9,DE,0.030528
2021,9,FL,0.008675
2021,9,GA,0.003059
2021,9,IA,0.024458
2021,9,ID,0.021687
2021,9,IL,0.024606
2021,9,IN,0.025713
2021,9,KS,0.061341
2021,9,KY,0.004613
2021,9,LA,0.019375
2021,9,MA,0.024293
2021,9,MD,0.025675
2021,9,ME,0.012108
2021,9,MI,0.034905
2021,9,MN,0.027932
2021,9,MO,0.015384
2021,9,MS,0.005385
2021,9,MT,0.058162
2021,9,NC,0.009125
2021,9,ND,0.057246
2021,9,NE,0.043768
2021,9,NH,0.043548
2021,9,NJ,0.027153
2021,9,NM,0.030242
2021,9,NV,0.028382
2021,9,NY,0.022571
2021,9,OH,0.034008
2021,9,OK,0.03903
2021,9,OR,0.019445
2021,9,PA,0.013145
2021,9,RI,0.023379
2021,9,SC,0.004359
2021,9,SD,0.05509
2021,9,TN,0.003467
2021,9,TX,0.026103
2021,9,UT,0.032787
2021,9,VA,0.014987
2021,9,VT,0.010437
2021,9,WA,0.017553
2021,9,WI,0.018542
2021,9,WV,0.005837
2021,9,WY,0.050783
2021,10,AL,0.005121
2021,10,AR,0.022575
2021,10,AZ,0.03341
2021,10,CA,0.031794
2021,10,CO,0.061695
2021,10,CT,0.033213
2021,10,DE,0.055026
2021,10,FL,0.015314
2021,10,GA,0.00472
2021,10,IA,0.05234
2021,10,ID,0.028821
2021,10,IL,0.03403
2021,10,IN,0.022614
2021,10,KS,0.086571
2021,10,KY,0.009951
2021,10,LA,0.034423
2021,10,MA,0.042779
2021,10,MD,0.033174
2021,10,ME,0.022218
2021,10,MI,0.026998
2021,10,MN,0.034147
2021,10,MO,0.028251
2021,10,MS,0.010234
2021,10,MT,0.07511
2021,10,NC,0.014314
2021,10,ND,0.092606
2021,10,NE,0.076787
2021,10,NH,0.036102
2021,10,NJ,0.030828
2021,10,NM,0.059747
2021,10,NV,0.04192
2021,10,NY,0.024851
2021,10,OH,0.031846
2021,10,OK,0.071918
2021,10,OR,0.031831
2021,10,PA,0.01408
2021,10,RI,0.046488
2021,10,SC,0.005993
2021,10,SD,0.092074
2021,10,TN,0.010057
2021,10,TX,0.047246
2021,10,UT,0.040793
2021,10,VA,0.022248
2021,10,VT,0.00738
2021,10,WA,0.028146
2021,10,WI,0.02279
2021,10,WV,0.006971
2021,10,WY,0.064946
2021,11,AL,0.004819
2021,11,AR,0.017951
2021,11,AZ,0.016032
2021,11,CA,0.013972
2021,11,CO,0.05593
2021,11,CT,0.032413
2021,11,DE,0.063342
2021,11,FL,0.018749
2021,11,GA,0.006952
2021,11,IA,0.087679
2021,11,ID,0.027382
2021,11,IL,0.049895
2021,11,IN,0.042883
2021,11,KS,0.069371
2021,11,KY,0.012081
2021,11,LA,0.027542
2021,11,MA,0.040409
2021,11,MD,0.040109
2021,11,ME,0.022078
2021,11,MI,0.060171
2021,11,MN,0.06857
2021,11,MO,0.030285
2021,11,MS,0.009016
2021,11,MT,0.156887
2021,11,NC,0.022562
2021,11,ND,0.125077
2021,11,NE,0.082504
2021,11,NH,0.050484
2021,11,NJ,0.036265
2021,11,NM,0.028399
2021,11,NV,0.018034
2021,11,NY,0.034511
2021,11,OH,0.057016
2021,11,OK,0.052543
2021,11,OR,0.031827
2021,11,PA,0.024117
2021,11,RI,0.040396
2021,11,SC,0.011693
2021,11,SD,0.107489
2021,11,TN,0.009718
2021,11,TX,0.033406
2021,11,UT,0.015948
2021,11,VA,0.026408
2021,11,VT,0.01131
2021,11,WA,0.037705
2021,11,WI,0.038246
2021,11,WV,0.013935
2021,11,WY,0.10246
2021,12,AL,0.009737
2021,12,AR,0.036435
2021,12,AZ,0.031751
2021,12,CA,0.028163
2021,12,CO,0.09786
2021,12,CT,0.031264
2021,12,DE,0.042421
2021,12,FL,0.010104
2021,12,GA,0.005581
2021,12,IA,0.092501
2021,12,ID,0.052475
2021,12,IL,0.067622
2021,12,IN,0.057017
2021,12,KS,0.080578
2021,12,KY,0.027724
2021,12,LA,0.034734
2021,12,MA,0.050968
2021,12,MD,0.029923
2021,12,ME,0.029548
2021,12,MI,0.080941
2021,12,MN,0.060561
2021,12,MO,0.046959
2021,12,MS,0.018173
2021,12,MT,0.130359
2021,12,NC,0.016123
2021,12,ND,0.105559
2021,12,NE,0.090415
2021,12,NH,0.04921
2021,12,NJ,0.029259
2021,12,NM,0.087004
2021,12,NV,0.045815
2021,12,NY,0.052111
2021,12,OH,0.062068
2021,12,OK,0.064929
2021,12,OR,0.037173
2021,12,PA,0.027432
2021,12,RI,0.043979
2021,12,SC,0.008913
2021,12,SD,0.096854
2021,12,TN,0.028724
2021,12,TX,0.049965
2021,12,UT,0.063579
2021,12,VA,0.018247
2021,12,VT,0.022971
2021,12,WA,0.040159
2021,12,WI,0.050382
2021,12,WV,0.020109
2021,12,WY,0.148958
2022,1,AL,0.020548
2022,1,AR,0.031583
2022,1,AZ,0.026169
2022,1,CA,0.016256
2022,1,CO,0.057559
2022,1,CT,0.058507
2022,1,DE,0.096311
2022,1,FL,0.028314
2022,1,GA,0.02178
2022,1,IA,0.103278
2022,1,ID,0.028243
2022,1,IL,0.06556
2022,1,IN,0.054322
2022,1,KS,0.084008
2022,1,KY,0.01902
2022,1,LA,0.066996
2022,1,MA,0.076735
2022,1,MD,0.060717
2022,1,ME,0.050095
2022,1,MI,0.064271
2022,1,MN,0.073534
2022,1,MO,0.037531
2022,1,MS,0.029694
2022,1,MT,0.16395
2022,1,NC,0.037122
2022,1,ND,0.167428
2022,1,NE,0.101961
2022,1,NH,0.060838
2022,1,NJ,0.054026
2022,1,NM,0.048625
2022,1,NV,0.021199
2022,1,NY,0.054683
2022,1,OH,0.067718
2022,1,OK,0.077591
2022,1,OR,0.035873
2022,1,PA,0.034039
2022,1,RI,0.069928
2022,1,SC,0.023478
2022,1,SD,0.12196
2022,1,TN,0.024991
2022,1,TX,0.063242
2022,1,UT,0.021393
2022,1,VA,0.039567
2022,1,VT,0.021694
2022,1,WA,0.02734
2022,1,WI,0.041124
2022,1,WV,0.017593
2022,1,WY,0.093534
2022,2,AL,0.022251
2022,2,AR,0.037894
2022,2,AZ,0.048263
2022,2,CA,0.029182
2022,2,CO,0.062477
2022,2,CT,0.05193
2022,2,DE,0.071203
2022,2,FL,0.020977
2022,2,GA,0.012417
2022,2,IA,0.121955
2022,2,ID,0.028432
2022,2,IL,0.078748
2022,2,IN,0.067232
2022,2,KS,0.114806
2022,2,KY,0.030591
2022,2,LA,0.057306
2022,2,MA,0.074628
2022,2,MD,0.051979
2022,2,ME,0.046293
2022,2,MI,0.072427
2022,2,MN,0.096024
2022,2,MO,0.055613
2022,2,MS,0.033009
2022,2,MT,0.159083
2022,2,NC,0.024623
2022,2,ND,0.206673
2022,2,NE,0.120425
2022,2,NH,0.059189
2022,2,NJ,0.054847
2022,2,NM,0.068719
2022,2,NV,0.034249
2022,2,NY,0.065773
2022,2,OH,0.076798
2022,2,OK,0.096566
2022,2,OR,0.026271
2022,2,PA,0.042587
2022,2,RI,0.041503
2022,2,SC,0.014338
2022,2,SD,0.148347
2022,2,TN,0.03114
2022,2,TX,0.068947
2022,2,UT,0.030512
2022,2,VA,0.030997
2022,2,VT,0.037131
2022,2,WA,0.024901
2022,2,WI,0.059428
2022,2,WV,0.02732
2022,2,WY,0.108402
2022,3,AL,0.030141
2022,3,AR,0.038852
2022,3,AZ,0.047789
2022,3,CA,0.034881
2022,3,CO,0.076727
2022,3,CT,0.055824
2022,3,DE,0.095756
2022,3,FL,0.043116
2022,3,GA,0.024964
2022,3,IA,0.11712
2022,3,ID,0.036841
2022,3,IL,0.07225
2022,3,IN,0.070865
2022,3,KS,0.139812
2022,3,KY,0.04383
2022,3,LA,0.064851
2022,3,MA,0.070255
2022,3,MD,0.06685
2022,3,ME,0.037537
2022,3,MI,0.062356
2022,3,MN,0.075723
2022,3,MO,0.052928
2022,3,MS,0.037589
2022,3,MT,0.110844
2022,3,NC,0.038851
2022,3,ND,0.155359
2022,3,NE,0.135324
2022,3,NH,0.064267
2022,3,NJ,0.06993
2022,3,NM,0.09211
2022,3,NV,0.045598
2022,3,NY,0.062126
2022,3,OH,0.086851
2022,3,OK,0.103214
2022,3,OR,0.025177
2022,3,PA,0.052411
2022,3,RI,0.045621
2022,3,SC,0.028947
2022,3,SD,0.137683
2022,3,TN,0.039469
2022,3,TX,0.088427
2022,3,UT,0.048062
2022,3,VA,0.049022
2022,3,VT,0.026412
2022,3,WA,0.022725
2022,3,WI,0.044778
2022,3,WV,0.033789
2022,3,WY,0.092203
2022,4,AL,0.021069
2022,4,AR,0.047978
2022,4,AZ,0.066443
2022,4,CA,0.05394
2022,4,CO,0.15112
2022,4,CT,0.067895
2022,4,DE,0.082762
2022,4,FL,0.042371
2022,4,GA,0.013717
2022,4,IA,0.174358
2022,4,ID,0.064084
2022,4,IL,0.09059
2022,4,IN,0.068108
2022,4,KS,0.209763
2022,4,KY,0.022259
2022,4,LA,0.060981
2022,4,MA,0.071769
2022,4,MD,0.053382
2022,4,ME,0.043832
2022,4,MI,0.060044
2022,4,MN,0.125872
2022,4,MO,0.075707
2022,4,MS,0.034486
2022,4,MT,0.140625
2022,4,NC,0.028386
2022,4,ND,0.226466
2022,4,NE,0.244091
2022,4,NH,0.067517
2022,4,NJ,0.068877
2022,4,NM,0.139815
2022,4,NV,0.083793
2022,4,NY,0.057159
2022,4,OH,0.063966
2022,4,OK,0.150128
2022,4,OR,0.039864
2022,4,PA,0.037956
2022,4,RI,0.055249
2022,4,SC,0.018057
2022,4,SD,0.274203
2022,4,TN,0.025518
2022,4,TX,0.106006
2022,4,UT,0.080034
2022,4,VA,0.036183
2022,4,VT,0.02922
2022,4,WA,0.044657
2022,4,WI,0.066328
2022,4,WV,0.022021
2022,4,WY,0.163159
2022,5,AL,0.011715
2022,5,AR,0.030916
2022,5,AZ,0.068363
2022,5,CA,0.059941
2022,5,CO,0.104934
2022,5,CT,0.038006
2022,5,DE,0.06233
2022,5,FL,0.028133
2022,5,GA,0.009984
2022,5,IA,0.105797
2022,5,ID,0.051703
2022,5,IL,0.05955
2022,5,IN,0.039715
2022,5,KS,0.134301
2022,5,KY,0.017207
2022,5,LA,0.025055
2022,5,MA,0.049955
2022,5,MD,0.029087
2022,5,ME,0.018014
2022,5,MI,0.033563
2022,5,MN,0.066722
2022,5,MO,0.044597
2022,5,MS,0.018668
2022,5,MT,0.101581
2022,5,NC,0.028607
2022,5,ND,0.148707
2022,5,NE,0.098643
2022,5,NH,0.044244
2022,5,NJ,0.041775
2022,5,NM,0.127797
2022,5,NV,0.078394
2022,5,NY,0.025574
2022,5,OH,0.03797
2022,5,OK,0.107292
2022,5,OR,0.036073
2022,5,PA,0.017114
2022,5,RI,0.054604
2022,5,SC,0.017364
2022,5,SD,0.096041
2022,5,TN,0.017809
2022,5,TX,0.089949
2022,5,UT,0.075048
2022,5,VA,0.027186
2022,5,VT,0.01264
2022,5,WA,0.032611
2022,5,WI,0.038121
2022,5,WV,0.008963
2022,5,WY,0.102525
2022,6,AL,0.00502
2022,6,AR,0.009898
2022,6,AZ,0.044235
2022,6,CA,0.041996
2022,6,CO,0.064808
2022,6,CT,0.021157
2022,6,DE,0.026852
2022,6,FL,0.018437
2022,6,GA,0.006813
2022,6,IA,0.050982
2022,6,ID,0.032039
2022,6,IL,0.020934
2022,6,IN,0.016983
2022,6,KS,0.094113
2022,6,KY,0.006762
2022,6,LA,0.01209
2022,6,MA,0.024432
2022,6,MD,0.02576
2022,6,ME,0.014507
2022,6,MI,0.029312
2022,6,MN,0.056262
2022,6,MO,0.017642
2022,6,MS,0.006271
2022,6,MT,0.087209
2022,6,NC,0.010348
2022,6,ND,0.11623
2022,6,NE,0.078036
2022,6,NH,0.044832
2022,6,NJ,0.029763
2022,6,NM,0.067894
2022,6,NV,0.068347
2022,6,NY,0.026795
2022,6,OH,0.028063
2022,6,OK,0.060943
2022,6,OR,0.023023
2022,6,PA,0.015484
2022,6,RI,0.019576
2022,6,SC,0.009399
2022,6,SD,0.07381
2022,6,TN,0.00622
2022,6,TX,0.054644
2022,6,UT,0.07136
2022,6,VA,0.015034
2022,6,VT,0.016303
2022,6,WA,0.026666
2022,6,WI,0.026569
2022,6,WV,0.006831
2022,6,WY,0.082502
2022,7,AL,0.005176
2022,7,AR,0.009793
2022,7,AZ,0.033443
2022,7,CA,0.03766
2022,7,CO,0.040497
2022,7,CT,0.016797
2022,7,DE,0.014114
2022,7,FL,0.017089
2022,7,GA,0.005169
2022,7,IA,0.024581
2022,7,ID,0.016593
2022,7,IL,0.013864
2022,7,IN,0.0148
2022,7,KS,0.049956
2022,7,KY,0.004901
2022,7,LA,0.010783
2022,7,MA,0.030511
2022,7,MD,0.014408
2022,7,ME,0.013983
2022,7,MI,0.021208
2022,7,MN,0.024254
2022,7,MO,0.010829
2022,7,MS,0.006828
2022,7,MT,0.049842
2022,7,NC,0.015793
2022,7,ND,0.0473
2022,7,NE,0.042995
2022,7,NH,0.047708
2022,7,NJ,0.019346
2022,7,NM,0.035877
2022,7,NV,0.04548
2022,7,NY,0.020827
2022,7,OH,0.023586
2022,7,OK,0.032519
2022,7,OR,0.016945
2022,7,PA,0.009585
2022,7,RI,0.025576
2022,7,SC,0.012808
2022,7,SD,0.057212
2022,7,TN,0.006814
2022,7,TX,0.041037
2022,7,UT,0.051953
2022,7,VA,0.014539
2022,7,VT,0.007315
2022,7,WA,0.017352
2022,7,WI,0.015919
2022,7,WV,0.005111
2022,7,WY,0.052141
2022,8,AL,0.00319
2022,8,AR,0.006534
2022,8,AZ,0.022609
2022,8,CA,0.027852
2022,8,CO,0.027192
2022,8,CT,0.014154
2022,8,DE,0.012344
2022,8,FL,0.013567
2022,8,GA,0.003644
2022,8,IA,0.016889
2022,8,ID,0.015405
2022,8,IL,0.012687
2022,8,IN,0.010803
2022,8,KS,0.032604
2022,8,KY,0.004257
2022,8,LA,0.009487
2022,8,MA,0.023957
2022,8,MD,0.011369
2022,8,ME,0.007605
2022,8,MI,0.019962
2022,8,MN,0.017454
2022,8,MO,0.009177
2022,8,MS,0.004628
2022,8,MT,0.049877
2022,8,NC,0.006919
2022,8,ND,0.03779
2022,8,NE,0.032642
2022,8,NH,0.036751
2022,8,NJ,0.018318
2022,8,NM,0.024641
2022,8,NV,0.025859
2022,8,NY,0.015155
2022,8,OH,0.015752
2022,8,OK,0.024703
2022,8,OR,0.01496
2022,8,PA,0.007178
2022,8,RI,0.022275
2022,8,SC,0.005656
2022,8,SD,0.041525
2022,8,TN,0.004089
2022,8,TX,0.03138
2022,8,UT,0.028442
2022,8,VA,0.007772
2022,8,VT,0.005117
2022,8,WA,0.018428
2022,8,WI,0.012381
2022,8,WV,0.002772
2022,8,WY,0.033802
2022,9,AL,0.007514
2022,9,AR,0.005578
2022,9,AZ,0.019692
2022,9,CA,0.021168
2022,9,CO,0.030403
2022,9,CT,0.02435
2022,9,DE,0.032477
2022,9,FL,0.035892
2022,9,GA,0.011343
2022,9,IA,0.025503
2022,9,ID,0.018244
2022,9,IL,0.015003
2022,9,IN,0.012532
2022,9,KS,0.049551
2022,9,KY,0.006121
2022,9,LA,0.020619
2022,9,MA,0.024835
2022,9,MD,0.022359
2022,9,ME,0.018306
2022,9,MI,0.029971
2022,9,MN,0.023721
2022,9,MO,0.010192
2022,9,MS,0.007599
2022,9,MT,0.048444
2022,9,NC,0.020365
2022,9,ND,0.059084
2022,9,NE,0.040998
2022,9,NH,0.034997
2022,9,NJ,0.023683
2022,9,NM,0.025693
2022,9,NV,0.026528
2022,9,NY,0.019124
2022,9,OH,0.025702
2022,9,OK,0.031555
2022,9,OR,0.01508
2022,9,PA,0.01056
2022,9,RI,0.028225
2022,9,SC,0.021682
2022,9,SD,0.054692
2022,9,TN,0.006846
2022,9,TX,0.015308
2022,9,UT,0.029781
2022,9,VA,0.021324
2022,9,VT,0.006695
2022,9,WA,0.015242
2022,9,WI,0.019769
2022,9,WV,0.005594
2022,9,WY,0.039482
2022,10,AL,0.008966
2022,10,AR,0.02237
2022,10,AZ,0.025413
2022,10,CA,0.015009
2022,10,CO,0.042872
2022,10,CT,0.035102
2022,10,DE,0.06312
2022,10,FL,0.014657
2022,10,GA,0.006083
2022,10,IA,0.052923
2022,10,ID,0.018306
2022,10,IL,0.043576
2022,10,IN,0.033606
2022,10,KS,0.062151
2022,10,KY,0.013132
2022,10,LA,0.028063
2022,10,MA,0.036625
2022,10,MD,0.030697
2022,10,ME,0.013885
2022,10,MI,0.056788
2022,10,MN,0.041877
2022,10,MO,0.032364
2022,10,MS,0.01434
2022,10,MT,0.082238
2022,10,NC,0.014302
2022,10,ND,0.089679
2022,10,NE,0.066138
2022,10,NH,0.040658
2022,10,NJ,0.03371
2022,10,NM,0.042625
2022,10,NV,0.01829
2022,10,NY,0.027943
2022,10,OH,0.051043
2022,10,OK,0.046812
2022,10,OR,0.010673
2022,10,PA,0.01551
2022,10,RI,0.050294
2022,10,SC,0.006888
2022,10,SD,0.079545
2022,10,TN,0.012367
2022,10,TX,0.038902
2022,10,UT,0.025474
2022,10,VA,0.020373
2022,10,VT,0.008859
2022,10,WA,0.016588
2022,10,WI,0.034037
2022,10,WV,0.00858
2022,10,WY,0.054666
2022,11,AL,0.014272
2022,11,AR,0.019019
2022,11,AZ,0.03466
2022,11,CA,0.025136
2022,11,CO,0.069225
2022,11,CT,0.043038
2022,11,DE,0.048548
2022,11,FL,0.039327
2022,11,GA,0.014885
2022,11,IA,0.096635
2022,11,ID,0.036428
2022,11,IL,0.068744
2022,11,IN,0.060617
2022,11,KS,0.105707
2022,11,KY,0.0194
2022,11,LA,0.053134
2022,11,MA,0.055706
2022,11,MD,0.036786
2022,11,ME,0.032652
2022,11,MI,0.074473
2022,11,MN,0.069136
2022,11,MO,0.04462
2022,11,MS,0.01952
2022,11,MT,0.138933
2022,11,NC,0.019785
2022,11,ND,0.165003
2022,11,NE,0.100807
2022,11,NH,0.054245
2022,11,NJ,0.041328
2022,11,NM,0.065829
2022,11,NV,0.042022
2022,11,NY,0.045526
2022,11,OH,0.064227
2022,11,OK,0.061005
2022,11,OR,0.035343
2022,11,PA,0.03089
2022,11,RI,0.049318
2022,11,SC,0.01786
2022,11,SD,0.114524
2022,11,TN,0.01433
2022,11,TX,0.050436
2022,11,UT,0.046192
2022,11,VA,0.022662
2022,11,VT,0.021966
2022,11,WA,0.032111
2022,11,WI,0.044162
2022,11,WV,0.017039
2022,11,WY,0.079148
2022,12,AL,0.014811
2022,12,AR,0.02662
2022,12,AZ,0.017095
2022,12,CA,0.020812
2022,12,CO,0.091413
2022,12,CT,0.060241
2022,12,DE,0.054201
2022,12,FL,0.019992
2022,12,GA,0.01172
2022,12,IA,0.133268
2022,12,ID,0.037203
2022,12,IL,0.091342
2022,12,IN,0.080037
2022,12,KS,0.118163
2022,12,KY,0.02505
2022,12,LA,0.04123
2022,12,MA,0.07796
2022,12,MD,0.035214
2022,12,ME,0.051841
2022,12,MI,0.088568
2022,12,MN,0.079666
2022,12,MO,0.057398
2022,12,MS,0.024551
2022,12,MT,0.111694
2022,12,NC,0.018348
2022,12,ND,0.134281
2022,12,NE,0.144543
2022,12,NH,0.062766
2022,12,NJ,0.048612
2022,12,NM,0.062609
2022,12,NV,0.030532
2022,12,NY,0.063374
2022,12,OH,0.073105
2022,12,OK,0.072877
2022,12,OR,0.046452
2022,12,PA,0.039448
2022,12,RI,0.081924
2022,12,SC,0.013683
2022,12,SD,0.153623
2022,12,TN,0.018773
2022,12,TX,0.046739
2022,12,UT,0.034635
2022,12,VA,0.025126
2022,12,VT,0.024589
2022,12,WA,0.03172
2022,12,WI,0.050485
2022,12,WV,0.019577
2022,12,WY,0.12096
2023,1,AL,0.020443
2023,1,AR,0.028846
2023,1,AZ,0.03133
2023,1,CA,0.051026
2023,1,CO,0.058169
2023,1,CT,0.036175
2023,1,DE,0.052102
2023,1,FL,0.025213
2023,1,GA,0.01271
2023,1,IA,0.065525
2023,1,ID,0.021438
2023,1,IL,0.046098
2023,1,IN,0.043186
2023,1,KS,0.065709
2023,1,KY,0.025018
2023,1,LA,0.045997
2023,1,MA,0.044548
2023,1,MD,0.036255
2023,1,ME,0.030181
2023,1,MI,0.038665
2023,1,MN,0.033275
2023,1,MO,0.041356
2023,1,MS,0.029753
2023,1,MT,0.082854
2023,1,NC,0.019229
2023,1,ND,0.057613
2023,1,NE,0.060569
2023,1,NH,0.046682
2023,1,NJ,0.03702
2023,1,NM,0.071895
2023,1,NV,0.041592
2023,1,NY,0.033595
2023,1,OH,0.048781
2023,1,OK,0.060369
2023,1,OR,0.04198
2023,1,PA,0.026241
2023,1,RI,0.048823
2023,1,SC,0.012436
2023,1,SD,0.050282
2023,1,TN,0.023546
2023,1,TX,0.052378
2023,1,UT,0.030794
2023,1,VA,0.026065
2023,1,VT,0.012098
2023,1,WA,0.023784
2023,1,WI,0.020252
2023,1,WV,0.018958
2023,1,WY,0.068209
2023,2,AL,0.023584
2023,2,AR,0.040697
2023,2,AZ,0.064243
2023,2,CA,0.045562
2023,2,CO,0.08832
2023,2,CT,0.053181
2023,2,DE,0.057929
2023,2,FL,0.033078
2023,2,GA,0.014928
2023,2,IA,0.084345
2023,2,ID,0.047786
2023,2,IL,0.077171
2023,2,IN,0.077282
2023,2,KS,0.095596
2023,2,KY,0.039057
2023,2,LA,0.050267
2023,2,MA,0.063482
2023,2,MD,0.051555
2023,2,ME,0.035863
2023,2,MI,0.080953
2023,2,MN,0.059581
2023,2,MO,0.053623
2023,2,MS,0.036629
2023,2,MT,0.151102
2023,2,NC,0.026606
2023,2,ND,0.124053
2023,2,NE,0.100527
2023,2,NH,0.054705
2023,2,NJ,0.048923
2023,2,NM,0.110299
2023,2,NV,0.05945
2023,2,NY,0.062884
2023,2,OH,0.086152
2023,2,OK,0.083098
2023,2,OR,0.039595
2023,2,PA,0.04711
2023,2,RI,0.055262
2023,2,SC,0.019106
2023,2,SD,0.106175
2023,2,TN,0.035342
2023,2,TX,0.071176
2023,2,UT,0.047131
2023,2,VA,0.036121
2023,2,VT,0.024791
2023,2,WA,0.044947
2023,2,WI,0.045408
2023,2,WV,0.029192
2023,2,WY,0.124634
2023,3,AL,0.021131
2023,3,AR,0.038441
2023,3,AZ,0.049367
2023,3,CA,0.049299
2023,3,CO,0.090756
2023,3,CT,0.063331
2023,3,DE,0.087736
2023,3,FL,0.032737
2023,3,GA,0.014036
2023,3,IA,0.098288
2023,3,ID,0.047574
2023,3,IL,0.0762
2023,3,IN,0.070722
2023,3,KS,0.121021
2023,3,KY,0.037721
2023,3,LA,0.053652
2023,3,MA,0.066538
2023,3,MD,0.065962
2023,3,ME,0.044265
2023,3,MI,0.057061
2023,3,MN,0.060403
2023,3,MO,0.057392
2023,3,MS,0.034345
2023,3,MT,0.068963
2023,3,NC,0.027832
2023,3,ND,0.115237
2023,3,NE,0.105701
2023,3,NH,0.05933
2023,3,NJ,0.06666
2023,3,NM,0.113238
2023,3,NV,0.072784
2023,3,NY,0.063181
2023,3,OH,0.076748
2023,3,OK,0.092691
2023,3,OR,0.031022
2023,3,PA,0.052655
2023,3,RI,0.061567
2023,3,SC,0.018091
2023,3,SD,0.109785
2023,3,TN,0.030366
2023,3,TX,0.077357
2023,3,UT,0.062767
2023,3,VA,0.0446
2023,3,VT,0.020498
2023,3,WA,0.025859
2023,3,WI,0.035951
2023,3,WV,0.034048
2023,3,WY,0.087098
2023,4,AL,0.019063
2023,4,AR,0.037014
2023,4,AZ,0.045263
2023,4,CA,0.037218
2023,4,CO,0.092124
2023,4,CT,0.038685
2023,4,DE,0.056442
2023,4,FL,0.042786
2023,4,GA,0.014934
2023,4,IA,0.149712
2023,4,ID,0.049173
2023,4,IL,0.077196
2023,4,IN,0.059331
2023,4,KS,0.146256
2023,4,KY,0.032528
2023,4,LA,0.049227
2023,4,MA,0.042327
2023,4,MD,0.042919
2023,4,ME,0.026508
2023,4,MI,0.061579
2023,4,MN,0.088864
2023,4,MO,0.065093
2023,4,MS,0.026399
2023,4,MT,0.095581
2023,4,NC,0.027468
2023,4,ND,0.123126
2023,4,NE,0.156069
2023,4,NH,0.051294
2023,4,NJ,0.043318
2023,4,NM,0.103629
2023,4,NV,0.054417
2023,4,NY,0.042493
2023,4,OH,0.055499
2023,4,OK,0.086514
2023,4,OR,0.03112
2023,4,PA,0.030006
2023,4,RI,0.043428
2023,4,SC,0.022839
2023,4,SD,0.144857
2023,4,TN,0.025898
2023,4,TX,0.063849
2023,4,UT,0.056887
2023,4,VA,0.030123
2023,4,VT,0.027675
2023,4,WA,0.034377
2023,4,WI,0.058194
2023,4,WV,0.020208
2023,4,WY,0.080768
2023,5,AL,0.009261
2023,5,AR,0.011457
2023,5,AZ,0.0408
2023,5,CA,0.035769
2023,5,CO,0.051638
2023,5,CT,0.029539
2023,5,DE,0.033623
2023,5,FL,0.022558
2023,5,GA,0.015259
2023,5,IA,0.059082
2023,5,ID,0.024029
2023,5,IL,0.03457
2023,5,IN,0.028261
2023,5,KS,0.057087
2023,5,KY,0.011925
2023,5,LA,0.017383
2023,5,MA,0.039177
2023,5,MD,0.021352
2023,5,ME,0.037159
2023,5,MI,0.0296
2023,5,MN,0.045508
2023,5,MO,0.020527
2023,5,MS,0.010728
2023,5,MT,0.040872
2023,5,NC,0.029576
2023,5,ND,0.072497
2023,5,NE,0.061001
2023,5,NH,0.064271
2023,5,NJ,0.02725
2023,5,NM,0.067722
2023,5,NV,0.048948
2023,5,NY,0.021854
2023,5,OH,0.029093
2023,5,OK,0.024791
2023,5,OR,0.021532
2023,5,PA,0.012988
2023,5,RI,0.04233
2023,5,SC,0.026576
2023,5,SD,0.059071
2023,5,TN,0.01158
2023,5,TX,0.032347
2023,5,UT,0.048251
2023,5,VA,0.027242
2023,5,VT,0.018027
2023,5,WA,0.024905
2023,5,WI,0.027973
2023,5,WV,0.009227
2023,5,WY,0.052529
2023,6,AL,0.01047
2023,6,AR,0.009384
2023,6,AZ,0.041597
2023,6,CA,0.03902
2023,6,CO,0.045064
2023,6,CT,0.017552
2023,6,DE,0.03916
2023,6,FL,0.028474
2023,6,GA,0.008569
2023,6,IA,0.024016
2023,6,ID,0.019442
2023,6,IL,0.023796
2023,6,IN,0.023783
2023,6,KS,0.039375
2023,6,KY,0.009222
2023,6,LA,0.024685
2023,6,MA,0.018262
2023,6,MD,0.024869
2023,6,ME,0.012617
2023,6,MI,0.016548
2023,6,MN,0.017082
2023,6,MO,0.012353
2023,6,MS,0.01405
2023,6,MT,0.028702
2023,6,NC,0.014658
2023,6,ND,0.037019
2023,6,NE,0.037826
2023,6,NH,0.028333
2023,6,NJ,0.026341
2023,6,NM,0.068266
2023,6,NV,0.045942
2023,6,NY,0.016244
2023,6,OH,0.023327
2023,6,OK,0.028202
2023,6,OR,0.024651
2023,6,PA,0.01259
2023,6,RI,0.029255
2023,6,SC,0.012574
2023,6,SD,0.04072
2023,6,TN,0.008056
2023,6,TX,0.042053
2023,6,UT,0.050872
2023,6,VA,0.019097
2023,6,VT,0.006877
2023,6,WA,0.028793
2023,6,WI,0.012942
2023,6,WV,0.007322
2023,6,WY,0.041605
2023,7,AL,0.005888
2023,7,AR,0.011046
2023,7,AZ,0.03472
2023,7,CA,0.02967
2023,7,CO,0.037569
2023,7,CT,0.014373
2023,7,DE,0.013428
2023,7,FL,0.015295
2023,7,GA,0.005744
2023,7,IA,0.010754
2023,7,ID,0.016896
2023,7,IL,0.011908
2023,7,IN,0.012166
2023,7,KS,0.037622
2023,7,KY,0.006867
2023,7,LA,0.0109
2023,7,MA,0.014732
2023,7,MD,0.013506
2023,7,ME,0.005114
2023,7,MI,0.012677
2023,7,MN,0.013389
2023,7,MO,0.015228
2023,7,MS,0.006684
2023,7,MT,0.038493
2023,7,NC,0.008464
2023,7,ND,0.033016
2023,7,NE,0.024088
2023,7,NH,0.032482
2023,7,NJ,0.013405
2023,7,NM,0.050426
2023,7,NV,0.032697
2023,7,NY,0.01313
2023,7,OH,0.013884
2023,7,OK,0.032008
2023,7,OR,0.019275
2023,7,PA,0.007645
2023,7,RI,0.022389
2023,7,SC,0.007678
2023,7,SD,0.027313
2023,7,TN,0.007124
2023,7,TX,0.035638
2023,7,UT,0.039679
2023,7,VA,0.011827
2023,7,VT,0.00446
2023,7,WA,0.02487
2023,7,WI,0.010851
2023,7,WV,0.00531
2023,7,WY,0.039305
2023,8,AL,0.006922
2023,8,AR,0.00802
2023,8,AZ,0.031897
2023,8,CA,0.025587
2023,8,CO,0.041246
2023,8,CT,0.016039
2023,8,DE,0.019219
2023,8,FL,0.024146
2023,8,GA,0.009387
2023,8,IA,0.017433
2023,8,ID,0.020524
2023,8,IL,0.015372
2023,8,IN,0.014606
2023,8,KS,0.034884
2023,8,KY,0.006047
2023,8,LA,0.016364
2023,8,MA,0.018021
2023,8,MD,0.017862
2023,8,ME,0.009352
2023,8,MI,0.024435
2023,8,MN,0.018068
2023,8,MO,0.011256
2023,8,MS,0.010027
2023,8,MT,0.051565
2023,8,NC,0.013756
2023,8,ND,0.041715
2023,8,NE,0.034294
2023,8,NH,0.039855
2023,8,NJ,0.017439
2023,8,NM,0.047713
2023,8,NV,0.031449
2023,8,NY,0.017293
2023,8,OH,0.020314
2023,8,OK,0.026226
2023,8,OR,0.016515
2023,8,PA,0.009546
2023,8,RI,0.023714
2023,8,SC,0.011575
2023,8,SD,0.040524
2023,8,TN,0.006246
2023,8,TX,0.03626
2023,8,UT,0.036294
2023,8,VA,0.012547
2023,8,VT,0.006321
2023,8,WA,0.019199
2023,8,WI,0.014967
2023,8,WV,0.00523
2023,8,WY,0.039208
2023,9,AL,0.004749
2023,9,AR,0.00561
2023,9,AZ,0.024585
2023,9,CA,0.021752
2023,9,CO,0.034758
2023,9,CT,0.025111
2023,9,DE,0.058859
2023,9,FL,0.013722
2023,9,GA,0.00464
2023,9,IA,0.021947
2023,9,ID,0.014461
2023,9,IL,0.01072
2023,9,IN,0.007565
2023,9,KS,0.046593
2023,9,KY,0.001979
2023,9,LA,0.012237
2023,9,MA,0.028002
2023,9,MD,0.022108
2023,9,ME,0.01458
2023,9,MI,0.016251
2023,9,MN,0.018291
2023,9,MO,0.009411
2023,9,MS,0.006755
2023,9,MT,0.038401
2023,9,NC,0.019472
2023,9,ND,0.038604
2023,9,NE,0.037169
2023,9,NH,0.026126
2023,9,NJ,0.026125
2023,9,NM,0.034148
2023,9,NV,0.028071
2023,9,NY,0.015432
2023,9,OH,0.009494
2023,9,OK,0.032102
2023,9,OR,0.015408
2023,9,PA,0.007911
2023,9,RI,0.031681
2023,9,SC,0.008221
2023,9,SD,0.035258
2023,9,TN,0.002949
2023,9,TX,0.023896
2023,9,UT,0.037531
2023,9,VA,0.01616
2023,9,VT,0.002512
2023,9,WA,0.017726
2023,9,WI,0.01293
2023,9,WV,0.002233
2023,9,WY,0.035563
2023,10,AL,0.012297
2023,10,AR,0.01515
2023,10,AZ,0.027695
2023,10,CA,0.018523
2023,10,CO,0.045293
2023,10,CT,0.018905
2023,10,DE,0.028265
2023,10,FL,0.026713
2023,10,GA,0.007896
2023,10,IA,0.06301
2023,10,ID,0.017075
2023,10,IL,0.036756
2023,10,IN,0.028561
2023,10,KS,0.088167
2023,10,KY,0.008672
2023,10,LA,0.038844
2023,10,MA,0.021553
2023,10,MD,0.021728
2023,10,ME,0.010455
2023,10,MI,0.038489
2023,10,MN,0.043139
2023,10,MO,0.030058
2023,10,MS,0.021386
2023,10,MT,0.050712
2023,10,NC,0.011016
2023,10,ND,0.088675
2023,10,NE,0.071824
2023,10,NH,0.047804
2023,10,NJ,0.016759
2023,10,NM,0.045757
2023,10,NV,0.020301
2023,10,NY,0.022949
2023,10,OH,0.033544
2023,10,OK,0.056665
2023,10,OR,0.014792
2023,10,PA,0.013095
2023,10,RI,0.020408
2023,10,SC,0.007194
2023,10,SD,0.092203
2023,10,TN,0.009553
2023,10,TX,0.045048
2023,10,UT,0.02529
2023,10,VA,0.013535
2023,10,VT,0.007446
2023,10,WA,0.012856
2023,10,WI,0.029723
2023,10,WV,0.006024
2023,10,WY,0.041516
2023,11,AL,0.01139
2023,11,AR,0.012243
2023,11,AZ,0.025682
2023,11,CA,0.017344
2023,11,CO,0.042739
2023,11,CT,0.032583
2023,11,DE,0.042178
2023,11,FL,0.031423
2023,11,GA,0.008609
2023,11,IA,0.053315
2023,11,ID,0.017378
2023,11,IL,0.03423
2023,11,IN,0.035787
2023,11,KS,0.049323
2023,11,KY,0.010399
2023,11,LA,0.03861
2023,11,MA,0.035104
2023,11,MD,0.027913
2023,11,ME,0.024158
2023,11,MI,0.056634
2023,11,MN,0.045226
2023,11,MO,0.020903
2023,11,MS,0.015123
2023,11,MT,0.084186
2023,11,NC,0.014595
2023,11,ND,0.077552
2023,11,NE,0.051738
2023,11,NH,0.050357
2023,11,NJ,0.029399
2023,11,NM,0.040906
2023,11,NV,0.024325
2023,11,NY,0.034824
2023,11,OH,0.042834
2023,11,OK,0.035915
2023,11,OR,0.021894
2023,11,PA,0.021532
2023,11,RI,0.035972
2023,11,SC,0.008787
2023,11,SD,0.058243
2023,11,TN,0.008438
2023,11,TX,0.030873
2023,11,UT,0.017783
2023,11,VA,0.017298
2023,11,VT,0.014476
2023,11,WA,0.020154
2023,11,WI,0.029732
2023,11,WV,0.011165
2023,11,WY,0.052985
2023,12,AL,0.014359
2023,12,AR,0.015756
2023,12,AZ,0.014354
2023,12,CA,0.013201
2023,12,CO,0.061779
2023,12,CT,0.032753
2023,12,DE,0.03388
2023,12,FL,0.042348
2023,12,GA,0.011795
2023,12,IA,0.051258
2023,12,ID,0.022917
2023,12,IL,0.037658
2023,12,IN,0.029034
2023,12,KS,0.069754
2023,12,KY,0.011619
2023,12,LA,0.039494
2023,12,MA,0.036575
2023,12,MD,0.024189
2023,12,ME,0.028936
2023,12,MI,0.039408
2023,12,MN,0.041424
2023,12,MO,0.030583
2023,12,MS,0.017624
2023,12,MT,0.083216
2023,12,NC,0.017977
2023,12,ND,0.085213
2023,12,NE,0.081832
2023,12,NH,0.043573
2023,12,NJ,0.028193
2023,12,NM,0.044261
2023,12,NV,0.013216
2023,12,NY,0.028387
2023,12,OH,0.034488
2023,12,OK,0.04232
2023,12,OR,0.033745
2023,12,PA,0.016305
2023,12,RI,0.035751
2023,12,SC,0.014637
2023,12,SD,0.088776
2023,12,TN,0.011968
2023,12,TX,0.029643
2023,12,UT,0.014392
2023,12,VA,0.01664
2023,12,VT,0.009565
2023,12,WA,0.018575
2023,12,WI,0.021663
2023,12,WV,0.00919
2023,12,WY,0.074874
2024,1,AL,0.0284
2024,1,AR,0.024537
2024,1,AZ,0.022163
2024,1,CA,0.025199
2024,1,CO,0.056376
2024,1,CT,0.051603
2024,1,DE,0.066361
2024,1,FL,0.040234
2024,1,GA,0.022181
2024,1,IA,0.075931
2024,1,ID,0.037566
2024,1,IL,0.057072
2024,1,IN,0.058268
2024,1,KS,0.076083
2024,1,KY,0.027696
2024,1,LA,0.067887
2024,1,MA,0.061576
2024,1,MD,0.054982
2024,1,ME,0.032312
2024,1,MI,0.05494
2024,1,MN,0.041086
2024,1,MO,0.039442
2024,1,MS,0.041478
2024,1,MT,0.070516
2024,1,NC,0.031532
2024,1,ND,0.112472
2024,1,NE,0.071715
2024,1,NH,0.044124
2024,1,NJ,0.054438
2024,1,NM,0.06471
2024,1,NV,0.029172
2024,1,NY,0.051017
2024,1,OH,0.075264
2024,1,OK,0.063279
2024,1,OR,0.053887
2024,1,PA,0.041239
2024,1,RI,0.059384
2024,1,SC,0.027772
2024,1,SD,0.077762
2024,1,TN,0.026931
2024,1,TX,0.060338
2024,1,UT,0.02349
2024,1,VA,0.03734
2024,1,VT,0.017782
2024,1,WA,0.0343
2024,1,WI,0.029499
2024,1,WV,0.025
2024,1,WY,0.06725
2024,2,AL,0.024124
2024,2,AR,0.035154
2024,2,AZ,0.033239
2024,2,CA,0.032147
2024,2,CO,0.071616
2024,2,CT,0.042635
2024,2,DE,0.04351
2024,2,FL,0.032756
2024,2,GA,0.018301
2024,2,IA,0.084547
2024,2,ID,0.034729
2024,2,IL,0.055303
2024,2,IN,0.045212
2024,2,KS,0.080512
2024,2,KY,0.024014
2024,2,LA,0.051174
2024,2,MA,0.060421
2024,2,MD,0.033641
2024,2,ME,0.038082
2024,2,MI,0.055343
2024,2,MN,0.051891
2024,2,MO,0.044156
2024,2,MS,0.034614
2024,2,MT,0.089952
2024,2,NC,0.029928
2024,2,ND,0.082963
2024,2,NE,0.076503
2024,2,NH,0.057388
2024,2,NJ,0.037102
2024,2,NM,0.091972
2024,2,NV,0.036606
2024,2,NY,0.048744
2024,2,OH,0.053496
2024,2,OK,0.069894
2024,2,OR,0.036005
2024,2,PA,0.029371
2024,2,RI,0.053237
2024,2,SC,0.023004
2024,2,SD,0.067082
2024,2,TN,0.030795
2024,2,TX,0.061214
2024,2,UT,0.035065
2024,2,VA,0.026048
2024,2,VT,0.024244
2024,2,WA,0.027874
2024,2,WI,0.034496
2024,2,WV,0.01653
2024,2,WY,0.090782
2024,3,AL,0.019007
2024,3,AR,0.032169
2024,3,AZ,0.051268
2024,3,CA,0.042272
2024,3,CO,0.071124
2024,3,CT,0.065644
2024,3,DE,0.076627
2024,3,FL,0.03163
2024,3,GA,0.015159
2024,3,IA,0.105387
2024,3,ID,0.033459
2024,3,IL,0.079657
2024,3,IN,0.069763
2024,3,KS,0.107185
2024,3,KY,0.025509
2024,3,LA,0.046115
2024,3,MA,0.085741
2024,3,MD,0.056714
2024,3,ME,0.049808
2024,3,MI,0.064127
2024,3,MN,0.07462
2024,3,MO,0.060282
2024,3,MS,0.025257
2024,3,MT,0.054949
2024,3,NC,0.027186
2024,3,ND,0.106039
2024,3,NE,0.095589
2024,3,NH,0.060698
2024,3,NJ,0.066618
2024,3,NM,0.098822
2024,3,NV,0.069855
2024,3,NY,0.058165
2024,3,OH,0.067474
2024,3,OK,0.073747
2024,3,OR,0.036925
2024,3,PA,0.045461
2024,3,RI,0.08204
2024,3,SC,0.017382
2024,3,SD,0.093406
2024,3,TN,0.021156
2024,3,TX,0.052952
2024,3,UT,0.071831
2024,3,VA,0.038039
2024,3,VT,0.021607
2024,3,WA,0.0282
2024,3,WI,0.047953
2024,3,WV,0.025575
2024,3,WY,0.078346
2024,4,AL,0.019216
2024,4,AR,0.042834
2024,4,AZ,0.04036
2024,4,CA,0.034372
2024,4,CO,0.095001
2024,4,CT,0.048883
2024,4,DE,0.053636
2024,4,FL,0.042747
2024,4,GA,0.017386
2024,4,IA,0.157241
2024,4,ID,0.041413
2024,4,IL,0.085005
2024,4,IN,0.065906
2024,4,KS,0.14914
2024,4,KY,0.032062
2024,4,LA,0.063563
2024,4,MA,0.050521
2024,4,MD,0.043548
2024,4,ME,0.041813
2024,4,MI,0.073495
2024,4,MN,0.092433
2024,4,MO,0.070857
2024,4,MS,0.036425
2024,4,MT,0.099964
2024,4,NC,0.033258
2024,4,ND,0.150922
2024,4,NE,0.14943
2024,4,NH,0.055327
2024,4,NJ,0.051524
2024,4,NM,0.107461
2024,4,NV,0.051493
2024,4,NY,0.047649
2024,4,OH,0.064674
2024,4,OK,0.09563
2024,4,OR,0.025274
2024,4,PA,0.035218
2024,4,RI,0.0539
2024,4,SC,0.02589
2024,4,SD,0.145778
2024,4,TN,0.029268
2024,4,TX,0.075701
2024,4,UT,0.051165
2024,4,VA,0.035772
2024,4,VT,0.025716
2024,4,WA,0.031617
2024,4,WI,0.063073
2024,4,WV,0.02356
2024,4,WY,0.099308
2024,5,AL,0.007421
2024,5,AR,0.017764
2024,5,AZ,0.042956
2024,5,CA,0.038356
2024,5,CO,0.098616
2024,5,CT,0.020734
2024,5,DE,0.026311
2024,5,FL,0.024426
2024,5,GA,0.007128
2024,5,IA,0.06171
2024,5,ID,0.052294
2024,5,IL,0.038529
2024,5,IN,0.026616
2024,5,KS,0.079592
2024,5,KY,0.011134
2024,5,LA,0.038268
2024,5,MA,0.024403
2024,5,MD,0.017723
2024,5,ME,0.009925
2024,5,MI,0.029707
2024,5,MN,0.053848
2024,5,MO,0.02469
2024,5,MS,0.016506
2024,5,MT,0.107626
2024,5,NC,0.011476
2024,5,ND,0.113511
2024,5,NE,0.098618
2024,5,NH,0.03844
2024,5,NJ,0.022599
2024,5,NM,0.102639
2024,5,NV,0.049423
2024,5,NY,0.019048
2024,5,OH,0.029001
2024,5,OK,0.054807
2024,5,OR,0.032792
2024,5,PA,0.010954
2024,5,RI,0.036574
2024,5,SC,0.00933
2024,5,SD,0.096998
2024,5,TN,0.010005
2024,5,TX,0.055975
2024,5,UT,0.057385
2024,5,VA,0.011399
2024,5,VT,0.012127
2024,5,WA,0.037648
2024,5,WI,0.028138
2024,5,WV,0.005484
2024,5,WY,0.11023
2024,6,AL,0.00515
2024,6,AR,0.011055
2024,6,AZ,0.038691
2024,6,CA,0.037009
2024,6,CO,0.07102
2024,6,CT,0.015643
2024,6,DE,0.025887
2024,6,FL,0.028258
2024,6,GA,0.008562
2024,6,IA,0.06048
2024,6,ID,0.035404
2024,6,IL,0.034659
2024,6,IN,0.028374
2024,6,KS,0.105441
2024,6,KY,0.006008
2024,6,LA,0.034082
2024,6,MA,0.02635
2024,6,MD,0.025144
2024,6,ME,0.010157
2024,6,MI,0.03326
2024,6,MN,0.044927
2024,6,MO,0.025046
2024,6,MS,0.009629
2024,6,MT,0.092922
2024,6,NC,0.01048
2024,6,ND,0.105207
2024,6,NE,0.074325
2024,6,NH,0.040529
2024,6,NJ,0.032641
2024,6,NM,0.069817
2024,6,NV,0.043438
2024,6,NY,0.02485
2024,6,OH,0.026626
2024,6,OK,0.055256
2024,6,OR,0.026986
2024,6,PA,0.014686
2024,6,RI,0.029562
2024,6,SC,0.012094
2024,6,SD,0.070272
2024,6,TN,0.005819
2024,6,TX,0.052374
2024,6,UT,0.046388
2024,6,VA,0.012822
2024,6,VT,0.008774
2024,6,WA,0.033988
2024,6,WI,0.026479
2024,6,WV,0.00662
2024,6,WY,0.085353
2024,7,AL,0.003541
2024,7,AR,0.008808
2024,7,AZ,0.036004
2024,7,CA,0.026276
2024,7,CO,0.043614
2024,7,CT,0.010431
2024,7,DE,0.01666
2024,7,FL,0.012704
2024,7,GA,0.005309
2024,7,IA,0.017613
2024,7,ID,0.017728
2024,7,IL,0.012579
2024,7,IN,0.012933
2024,7,KS,0.056579
2024,7,KY,0.00723
2024,7,LA,0.013363
2024,7,MA,0.021252
2024,7,MD,0.018328
2024,7,ME,0.007171
2024,7,MI,0.012826
2024,7,MN,0.018508
2024,7,MO,0.012979
2024,7,MS,0.006399
2024,7,MT,0.039131
2024,7,NC,0.01272
2024,7,ND,0.028282
2024,7,NE,0.03242
2024,7,NH,0.041001
2024,7,NJ,0.018896
2024,7,NM,0.04402
2024,7,NV,0.035169
2024,7,NY,0.014484
2024,7,OH,0.018871
2024,7,OK,0.037866
2024,7,OR,0.023085
2024,7,PA,0.010621
2024,7,RI,0.02205
2024,7,SC,0.011408
2024,7,SD,0.040761
2024,7,TN,0.007248
2024,7,TX,0.032948
2024,7,UT,0.034569
2024,7,VA,0.011604
2024,7,VT,0.006139
2024,7,WA,0.023132
2024,7,WI,0.00887
2024,7,WV,0.005684
2024,7,WY,0.045052
2024,8,AL,0.005058
2024,8,AR,0.007205
2024,8,AZ,0.030275
2024,8,CA,0.026415
2024,8,CO,0.042169
2024,8,CT,0.011383
2024,8,DE,0.021482
2024,8,FL,0.031107
2024,8,GA,0.011623
2024,8,IA,0.017778
2024,8,ID,0.020342
2024,8,IL,0.01304
2024,8,IN,0.012284
2024,8,KS,0.040583
2024,8,KY,0.003925
2024,8,LA,0.009269
2024,8,MA,0.015009
2024,8,MD,0.021641
2024,8,ME,0.006719
2024,8,MI,0.020239
2024,8,MN,0.02016
2024,8,MO,0.009835
2024,8,MS,0.005952
2024,8,MT,0.047442
2024,8,NC,0.012889
2024,8,ND,0.047936
2024,8,NE,0.031644
2024,8,NH,0.031752
2024,8,NJ,0.021564
2024,8,NM,0.037231
2024,8,NV,0.042559
2024,8,NY,0.015255
2024,8,OH,0.019429
2024,8,OK,0.029043
2024,8,OR,0.016356
2024,8,PA,0.008424
2024,8,RI,0.01627
2024,8,SC,0.017091
2024,8,SD,0.049471
2024,8,TN,0.005938
2024,8,TX,0.021206
2024,8,UT,0.057367
2024,8,VA,0.010851
2024,8,VT,0.006723
2024,8,WA,0.017714
2024,8,WI,0.012764
2024,8,WV,0.0034
2024,8,WY,0.050314
2024,9,AL,0.01186
2024,9,AR,0.010737
2024,9,AZ,0.029582
2024,9,CA,0.022138
2024,9,CO,0.042668
2024,9,CT,0.010786
2024,9,DE,0.03121
2024,9,FL,0.030503
2024,9,GA,0.016756
2024,9,IA,0.017261
2024,9,ID,0.018641
2024,9,IL,0.018639
2024,9,IN,0.018644
2024,9,KS,0.046974
2024,9,KY,0.00995
2024,9,LA,0.0276
2024,9,MA,0.019947
2024,9,MD,0.01621
2024,9,ME,0.006311
2024,9,MI,0.019787
2024,9,MN,0.02508
2024,9,MO,0.013867
2024,9,MS,0.013813
2024,9,MT,0.066029
2024,9,NC,0.017988
2024,9,ND,0.080215
2024,9,NE,0.055112
2024,9,NH,0.024307
2024,9,NJ,0.012328
2024,9,NM,0.032572
2024,9,NV,0.027415
2024,9,NY,0.013466
2024,9,OH,0.024096
2024,9,OK,0.02085
2024,9,OR,0.015869
2024,9,PA,0.006885
2024,9,RI,0.025685
2024,9,SC,0.024855
2024,9,SD,0.07946
2024,9,TN,0.010796
2024,9,TX,0.023052
2024,9,UT,0.035136
2024,9,VA,0.015689
2024,9,VT,0.004568
2024,9,WA,0.017245
2024,9,WI,0.013078
2024,9,WV,0.005384
2024,9,WY,0.046555
2024,10,AL,0.00613
2024,10,AR,0.012743
2024,10,AZ,0.023424
2024,10,CA,0.016717
2024,10,CO,0.054778
2024,10,CT,0.012772
2024,10,DE,0.028736
2024,10,FL,0.045796
2024,10,GA,0.006619
2024,10,IA,0.071072
2024,10,ID,0.020989
2024,10,IL,0.043929
2024,10,IN,0.031793
2024,10,KS,0.093098
2024,10,KY,0.007968
2024,10,LA,0.035873
2024,10,MA,0.021097
2024,10,MD,0.019338
2024,10,ME,0.016077
2024,10,MI,0.050238
2024,10,MN,0.053746
2024,10,MO,0.032638
2024,10,MS,0.008526
2024,10,MT,0.070198
2024,10,NC,0.008679
2024,10,ND,0.08013
2024,10,NE,0.064184
2024,10,NH,0.039244
2024,10,NJ,0.015762
2024,10,NM,0.052682
2024,10,NV,0.029332
2024,10,NY,0.023908
2024,10,OH,0.034608
2024,10,OK,0.061666
2024,10,OR,0.01443
2024,10,PA,0.012408
2024,10,RI,0.018572
2024,10,SC,0.008555
2024,10,SD,0.069661
2024,10,TN,0.006755
2024,10,TX,0.034162
2024,10,UT,0.032238
2024,10,VA,0.010812
2024,10,VT,0.010039
2024,10,WA,0.019151
2024,10,WI,0.038655
2024,10,WV,0.005909
2024,10,WY,0.04868
2024,11,AL,0.012241
2024,11,AR,0.022038
2024,11,AZ,0.02382
2024,11,CA,0.027824
2024,11,CO,0.065543
2024,11,CT,0.029277
2024,11,DE,0.043635
2024,11,FL,0.029828
2024,11,GA,0.010526
2024,11,IA,0.075232
2024,11,ID,0.031784
2024,11,IL,0.056223
2024,11,IN,0.048657
2024,11,KS,0.07505
2024,11,KY,0.016712
2024,11,LA,0.045637
2024,11,MA,0.055031
2024,11,MD,0.036689
2024,11,ME,0.041398
2024,11,MI,0.061593
2024,11,MN,0.053696
2024,11,MO,0.037151
2024,11,MS,0.02154
2024,11,MT,0.081615
2024,11,NC,0.014145
2024,11,ND,0.097989
2024,11,NE,0.071629
2024,11,NH,0.05323
2024,11,NJ,0.033761
2024,11,NM,0.056105
2024,11,NV,0.041507
2024,11,NY,0.043381
2024,11,OH,0.059555
2024,11,OK,0.050598
2024,11,OR,0.03375
2024,11,PA,0.029717
2024,11,RI,0.043389
2024,11,SC,0.009946
2024,11,SD,0.088562
2024,11,TN,0.016047
2024,11,TX,0.043643
2024,11,UT,0.030957
2024,11,VA,0.021201
2024,11,VT,0.018108
2024,11,WA,0.031397
2024,11,WI,0.038467
2024,11,WV,0.013612
2024,11,WY,0.067452
2024,12,AL,0.012941
2024,12,AR,0.018998
2024,12,AZ,0.015563
2024,12,CA,0.021033
2024,12,CO,0.058674
2024,12,CT,0.02326
2024,12,DE,0.039905
2024,12,FL,0.026234
2024,12,GA,0.011752
2024,12,IA,0.075147
2024,12,ID,0.02468
2024,12,IL,0.052028
2024,12,IN,0.055258
2024,12,KS,0.047772
2024,12,KY,0.023343
2024,12,LA,0.035858
2024,12,MA,0.036812
2024,12,MD,0.04075
2024,12,ME,0.025569
2024,12,MI,0.062094
2024,12,MN,0.050353
2024,12,MO,0.035608
2024,12,MS,0.018512
2024,12,MT,0.097203
2024,12,NC,0.019285
2024,12,ND,0.102749
2024,12,NE,0.064893
2024,12,NH,0.047657
2024,12,NJ,0.031949
2024,12,NM,0.039338
2024,12,NV,0.024087
2024,12,NY,0.042106
2024,12,OH,0.068837
2024,12,OK,0.03842
2024,12,OR,0.033186
2024,12,PA,0.033654
2024,12,RI,0.038364
2024,12,SC,0.014947
2024,12,SD,0.082709
2024,12,TN,0.022398
2024,12,TX,0.029365
2024,12,UT,0.018043
2024,12,VA,0.026673
2024,12,VT,0.01503
2024,12,WA,0.029348
2024,12,WI,0.032514
2024,12,WV,0.021404
2024,12,WY,0.091364
2025,1,AL,0.016498
2025,1,AR,0.020484
2025,1,AZ,0.037389
2025,1,CA,0.023709
2025,1,CO,0.055536
2025,1,CT,0.049243
2025,1,DE,0.072166
2025,1,FL,0.027705
2025,1,GA,0.015292
2025,1,IA,0.082108
2025,1,ID,0.014871
2025,1,IL,0.056647
2025,1,IN,0.056853
2025,1,KS,0.060815
2025,1,KY,0.016422
2025,1,LA,0.056848
2025,1,MA,0.082433
2025,1,MD,0.067264
2025,1,ME,0.042705
2025,1,MI,0.082352
2025,1,MN,0.064954
2025,1,MO,0.034106
2025,1,MS,0.023576
2025,1,MT,0.133915
2025,1,NC,0.025947
2025,1,ND,0.157293
2025,1,NE,0.080793
2025,1,NH,0.062012
2025,1,NJ,0.066685
2025,1,NM,0.060261
2025,1,NV,0.026556
2025,1,NY,0.080585
2025,1,OH,0.079152
2025,1,OK,0.050463
2025,1,OR,0.018501
2025,1,PA,0.055829
2025,1,RI,0.065172
2025,1,SC,0.015569
2025,1,SD,0.099434
2025,1,TN,0.015563
2025,1,TX,0.050492
2025,1,UT,0.025792
2025,1,VA,0.036255
2025,1,VT,0.024396
2025,1,WA,0.008639
2025,1,WI,0.045398
2025,1,WV,0.027574
2025,1,WY,0.092232
2025,2,AL,0.015677
2025,2,AR,0.029081
2025,2,AZ,0.032859
2025,2,CA,0.035138
2025,2,CO,0.059242
2025,2,CT,0.039024
2025,2,DE,0.063858
2025,2,FL,0.022622
2025,2,GA,0.012628
2025,2,IA,0.076571
2025,2,ID,0.03749
2025,2,IL,0.052471
2025,2,IN,0.047929
2025,2,KS,0.080134
2025,2,KY,0.024236
2025,2,LA,0.04893
2025,2,MA,0.071527
2025,2,MD,0.050085
2025,2,ME,0.047313
2025,2,MI,0.060626
2025,2,MN,0.054641
2025,2,MO,0.037698
2025,2,MS,0.027404
2025,2,MT,0.089263
2025,2,NC,0.026852
2025,2,ND,0.095875
2025,2,NE,0.080986
2025,2,NH,0.064252
2025,2,NJ,0.058407
2025,2,NM,0.068574
2025,2,NV,0.063078
2025,2,NY,0.064985
2025,2,OH,0.056296
2025,2,OK,0.061608
2025,2,OR,0.031095
2025,2,PA,0.04943
2025,2,RI,0.055614
2025,2,SC,0.015935
2025,2,SD,0.071307
2025,2,TN,0.0253
2025,2,TX,0.05106
2025,2,UT,0.056558
2025,2,VA,0.030857
2025,2,VT,0.026963
2025,2,WA,0.030177
2025,2,WI,0.037981
2025,2,WV,0.026554
2025,2,WY,0.110599
2025,3,AL,0.031275
2025,3,AR,0.068457
2025,3,AZ,0.059002
2025,3,CA,0.047385
2025,3,CO,0.097057
2025,3,CT,0.046431
2025,3,DE,0.078091
2025,3,FL,0.048877
2025,3,GA,0.027232
2025,3,IA,0.145882
2025,3,ID,0.047295
2025,3,IL,0.1061
2025,3,IN,0.085078
2025,3,KS,0.165723
2025,3,KY,0.047755
2025,3,LA,0.068368
2025,3,MA,0.076249
2025,3,MD,0.067467
2025,3,ME,0.038269
2025,3,MI,0.083257
2025,3,MN,0.078682
2025,3,MO,0.094582
2025,3,MS,0.047134
2025,3,MT,0.093074
2025,3,NC,0.04144
2025,3,ND,0.086416
2025,3,NE,0.157964
2025,3,NH,0.066754
2025,3,NJ,0.063448
2025,3,NM,0.131638
2025,3,NV,0.067505
2025,3,NY,0.07287
2025,3,OH,0.089464
2025,3,OK,0.120549
2025,3,OR,0.041868
2025,3,PA,0.055072
2025,3,RI,0.064052
2025,3,SC,0.031705
2025,3,SD,0.122884
2025,3,TN,0.048078
2025,3,TX,0.088906
2025,3,UT,0.068753
2025,3,VA,0.045051
2025,3,VT,0.037651
2025,3,WA,0.035221
2025,3,WI,0.06374
2025,3,WV,0.033277
2025,3,WY,0.117834
2025,4,AL,0.016695
2025,4,AR,0.04484
2025,4,AZ,0.049899
2025,4,CA,0.032597
2025,4,CO,0.077654
2025,4,CT,0.043111
2025,4,DE,0.066545
2025,4,FL,0.03728
2025,4,GA,0.011336
2025,4,IA,0.120258
2025,4,ID,0.034634
2025,4,IL,0.078442
2025,4,IN,0.066934
2025,4,KS,0.125882
2025,4,KY,0.028647
2025,4,LA,0.060586
2025,4,MA,0.069908
2025,4,MD,0.053502
2025,4,ME,0.036467
2025,4,MI,0.070889
2025,4,MN,0.071702
2025,4,MO,0.057728
2025,4,MS,0.041601
2025,4,MT,0.083768
2025,4,NC,0.027928
2025,4,ND,0.100054
2025,4,NE,0.117529
2025,4,NH,0.055942
2025,4,NJ,0.053511
2025,4,NM,0.109846
2025,4,NV,0.044329
2025,4,NY,0.058151
2025,4,OH,0.067325
2025,4,OK,0.095521
2025,4,OR,0.02583
2025,4,PA,0.04369
2025,4,RI,0.06054
2025,4,SC,0.018138
2025,4,SD,0.108338
2025,4,TN,0.030344
2025,4,TX,0.084434
2025,4,UT,0.045994
2025,4,VA,0.032777
2025,4,VT,0.026811
2025,4,WA,0.028887
2025,4,WI,0.053706
2025,4,WV,0.021832
2025,4,WY,0.085353
2025,5,AL,0.009763
2025,5,AR,0.01812
2025,5,AZ,0.04687
2025,5,CA,0.041632
2025,5,CO,0.069287
2025,5,CT,0.021456
2025,5,DE,0.027574
2025,5,FL,0.020642
2025,5,GA,0.009536
2025,5,IA,0.062362
2025,5,ID,0.035479
2025,5,IL,0.044971
2025,5,IN,0.039165
2025,5,KS,0.067743
2025,5,KY,0.016433
2025,5,LA,0.032994
2025,5,MA,0.038981
2025,5,MD,0.03477
2025,5,ME,0.019228
2025,5,MI,0.039324
2025,5,MN,0.057252
2025,5,MO,0.024382
2025,5,MS,0.016832
2025,5,MT,0.062999
2025,5,NC,0.016765
2025,5,ND,0.113844
2025,5,NE,0.090017
2025,5,NH,0.049558
2025,5,NJ,0.03018
2025,5,NM,0.081445
2025,5,NV,0.057357
2025,5,NY,0.026781
2025,5,OH,0.042779
2025,5,OK,0.033909
2025,5,OR,0.024593
2025,5,PA,0.02298
2025,5,RI,0.034555
2025,5,SC,0.016768
2025,5,SD,0.099907
2025,5,TN,0.015102
2025,5,TX,0.054722
2025,5,UT,0.051535
2025,5,VA,0.021731
2025,5,VT,0.010829
2025,5,WA,0.026981
2025,5,WI,0.031619
2025,5,WV,0.014069
2025,5,WY,0.083246
2025,6,AL,0.006009
2025,6,AR,0.011716
2025,6,AZ,0.036644
2025,6,CA,0.038712
2025,6,CO,0.055769
2025,6,CT,0.012386
2025,6,DE,0.01145
2025,6,FL,0.020196
2025,6,GA,0.006424
2025,6,IA,0.051431
2025,6,ID,0.025104
2025,6,IL,0.026637
2025,6,IN,0.019785
2025,6,KS,0.102753
2025,6,KY,0.005897
2025,6,LA,0.012734
2025,6,MA,0.025001
2025,6,MD,0.014593
2025,6,ME,0.012137
2025,6,MI,0.028636
2025,6,MN,0.03433
2025,6,MO,0.021727
2025,6,MS,0.009256
2025,6,MT,0.047891
2025,6,NC,0.010584
2025,6,ND,0.074896
2025,6,NE,0.070833
2025,6,NH,0.04181
2025,6,NJ,0.016496
2025,6,NM,0.062777
2025,6,NV,0.049105
2025,6,NY,0.026067
2025,6,OH,0.023622
2025,6,OK,0.055302
2025,6,OR,0.025844
2025,6,PA,0.00981
2025,6,RI,0.021063
2025,6,SC,0.013954
2025,6,SD,0.061261
2025,6,TN,0.00868
2025,6,TX,0.051703
2025,6,UT,0.051219
2025,6,VA,0.008597
2025,6,VT,0.009593
2025,6,WA,0.024461
2025,6,WI,0.021657
2025,6,WV,0.00411
2025,6,WY,0.057293
2025,7,AL,0.004841
2025,7,AR,0.00736
2025,7,AZ,0.035263
2025,7,CA,0.033718
2025,7,CO,0.041925
2025,7,CT,0.010997
2025,7,DE,0.009842
2025,7,FL,0.015648
2025,7,GA,0.006585
2025,7,IA,0.019081
2025,7,ID,0.022749
2025,7,IL,0.01294
2025,7,IN,0.010559
2025,7,KS,0.053811
2025,7,KY,0.004161
2025,7,LA,0.008985
2025,7,MA,0.020929
2025,7,MD,0.012416
2025,7,ME,0.010597
2025,7,MI,0.016997
2025,7,MN,0.014902
2025,7,MO,0.010089
2025,7,MS,0.006042
2025,7,MT,0.044318
2025,7,NC,0.012622
2025,7,ND,0.032425
2025,7,NE,0.042278
2025,7,NH,0.042149
2025,7,NJ,0.013426
2025,7,NM,0.041416
2025,7,NV,0.046648
2025,7,NY,0.015674
2025,7,OH,0.016296
2025,7,OK,0.033408
2025,7,OR,0.023426
2025,7,PA,0.006474
2025,7,RI,0.01914
2025,7,SC,0.013694
2025,7,SD,0.042449
2025,7,TN,0.004978
2025,7,TX,0.034394
2025,7,UT,0.050011
2025,7,VA,0.010051
2025,7,VT,0.006725
2025,7,WA,0.028173
2025,7,WI,0.011109
2025,7,WV,0.00275
2025,7,WY,0.049997
2025,8,AL,0.002941
2025,8,AR,0.004741
2025,8,AZ,0.032405
2025,8,CA,0.027028
2025,8,CO,0.041681
2025,8,CT,0.014285
2025,8,DE,0.02774
2025,8,FL,0.012693
2025,8,GA,0.004773
2025,8,IA,0.014682
2025,8,ID,0.01745
2025,8,IL,0.010565
2025,8,IN,0.008319
2025,8,KS,0.04533
2025,8,KY,0.002895
2025,8,LA,0.006853
2025,8,MA,0.021197
2025,8,MD,0.012613
2025,8,ME,0.00832
2025,8,MI,0.019214
2025,8,MN,0.017358
2025,8,MO,0.00786
2025,8,MS,0.003698
2025,8,MT,0.041123
2025,8,NC,0.011845
2025,8,ND,0.044512
2025,8,NE,0.034276
2025,8,NH,0.017548
2025,8,NJ,0.015256
2025,8,NM,0.03226
2025,8,NV,0.035306
2025,8,NY,0.014327
2025,8,OH,0.015518
2025,8,OK,0.032669
2025,8,OR,0.013741
2025,8,PA,0.005222
2025,8,RI,0.023969
2025,8,SC,0.006404
2025,8,SD,0.039823
2025,8,TN,0.003614
2025,8,TX,0.021356
2025,8,UT,0.038593
2025,8,VA,0.010506
2025,8,VT,0.004424
2025,8,WA,0.019428
2025,8,WI,0.010372
2025,8,WV,0.001995
2025,8,WY,0.042585
