year,season,state,capacity_factor,day_count
1995,fall,AL,0.019197813186813184,91
1995,spring,AL,0.022882315217391303,92
1995,summer,AL,0.015450152173913044,92
1995,winter,AL,0.029142155555555552,90
1995,fall,AR,0.028887186813186815,91
1995,spring,AR,0.03731516304347826,92
1995,summer,AR,0.013675097826086958,92
1995,winter,AR,0.033434288888888886,90
1995,fall,AZ,0.019140615384615388,91
1995,spring,AZ,0.04620834782608695,92
1995,summer,AZ,0.03499603260869565,92
1995,winter,AZ,0.020458044444444445,90
1995,fall,CA,0.02443495604395604,91
1995,spring,CA,0.06054080434782609,92
1995,summer,CA,0.04595309782608696,92
1995,winter,CA,0.03664067777777778,90
1995,fall,CO,0.04154296703296703,91
1995,spring,CO,0.07246303260869565,92
1995,summer,CO,0.03459706521739131,92
1995,winter,CO,0.03632762222222223,90
1995,fall,CT,0.03671798901098901,91
1995,spring,CT,0.033941152173913046,92
1995,summer,CT,0.01439136956521739,92
1995,winter,CT,0.04277597777777777,90
1995,fall,DE,0.04113934065934066,91
1995,spring,DE,0.04101972826086957,92
1995,summer,DE,0.01763608695652174,92
1995,winter,DE,0.059046844444444434,90
1995,fall,FL,0.025997021978021978,91
1995,spring,FL,0.03464239130434782,92
1995,summer,FL,0.03064484782608696,92
1995,winter,FL,0.036911533333333336,90
1995,fall,GA,0.02023952747252747,91
1995,spring,GA,0.02801971739130435,92
1995,summer,GA,0.019204532608695653,92
1995,winter,GA,0.03190856666666667,90
1995,fall,IA,0.0699226923076923,91
1995,spring,IA,0.09226209782608696,92
1995,summer,IA,0.029251119565217393,92
1995,winter,IA,0.0843639111111111,90
1995,fall,ID,0.03770773626373626,91
1995,spring,ID,0.04902448913043478,92
1995,summer,ID,0.029742434782608695,92
1995,winter,ID,0.04283668888888889,90
1995,fall,IL,0.07161302197802198,91
1995,spring,IL,0.08105820652173913,92
1995,summer,IL,0.02737064130434782,92
1995,winter,IL,0.07780338888888888,90
1995,fall,IN,0.06909303296703297,91
1995,spring,IN,0.06984919565217391,92
1995,summer,IN,0.02211021739130435,92
1995,winter,IN,0.07444494444444444,90
1995,fall,KS,0.09721227472527472,91
1995,spring,KS,0.11601657608695652,92
1995,summer,KS,0.06258022826086958,92
1995,winter,KS,0.07540267777777777,90
1995,fall,KY,0.026487054945054943,91
1995,spring,KY,0.03846359782608696,92
1995,summer,KY,0.010796184782608697,92
1995,winter,KY,0.034067711111111114,90
1995,fall,LA,0.02553538461538462,91
1995,spring,LA,0.0375220652173913,92
1995,summer,LA,0.016530184782608696,92
1995,winter,LA,0.03792486666666666,90
1995,fall,MA,0.05945042857142856,91
1995,spring,MA,0.0634203043478261,92
1995,summer,MA,0.037998086956521744,92
1995,winter,MA,0.09036013333333334,90
1995,fall,MD,0.02778056043956044,91
1995,spring,MD,0.03479198913043478,92
1995,summer,MD,0.013911891304347824,92
1995,winter,MD,0.04825401111111111,90
1995,fall,ME,0.03923534065934066,91
1995,spring,ME,0.038918260869565215,92
1995,summer,ME,0.018263086956521738,92
1995,winter,ME,0.04196397777777777,90
1995,fall,MI,0.055823846153846154,91
1995,spring,MI,0.050846858695652176,92
1995,summer,MI,0.02210207608695652,92
1995,winter,MI,0.06389407777777778,90
1995,fall,MN,0.05747034065934066,91
1995,spring,MN,0.062143913043478265,92
1995,summer,MN,0.032212554347826085,92
1995,winter,MN,0.0689840111111111,90
1995,fall,MO,0.05721286813186813,91
1995,spring,MO,0.07056485869565217,92
1995,summer,MO,0.022095,92
1995,winter,MO,0.05586264444444445,90
1995,fall,MS,0.01593354945054945,91
1995,spring,MS,0.025680543478260865,92
1995,summer,MS,0.01014408695652174,92
1995,winter,MS,0.02925691111111111,90
1995,fall,MT,0.08494892307692309,91
1995,spring,MT,0.07314107608695652,92
1995,summer,MT,0.05444514130434783,92
1995,winter,MT,0.07850323333333334,90
1995,fall,NC,0.022463054945054947,91
1995,spring,NC,0.0344280652173913,92
1995,summer,NC,0.015538673913043479,92
1995,winter,NC,0.031450033333333335,90
1995,fall,ND,0.09387606593406594,91
1995,spring,ND,0.10688080434782608,92
1995,summer,ND,0.07604379347826086,92
1995,winter,ND,0.11110991111111113,90
1995,fall,NE,0.09143185714285715,91
1995,spring,NE,0.11254853260869563,92
1995,summer,NE,0.054059597826086964,92
1995,winter,NE,0.06957142222222222,90
1995,fall,NH,0.08541613186813186,91
1995,spring,NH,0.09231741304347826,92
1995,summer,NH,0.06743070652173913,92
1995,winter,NH,0.08990044444444444,90
1995,fall,NJ,0.03978892307692308,91
1995,spring,NJ,0.052361250000000005,92
1995,summer,NJ,0.023800641304347826,92
1995,winter,NJ,0.06886901111111111,90
1995,fall,NM,0.054212879120879125,91
1995,spring,NM,0.11018327173913044,92
1995,summer,NM,0.051997510869565215,92
1995,winter,NM,0.055951799999999996,90
1995,fall,NV,0.026557637362637363,91
1995,spring,NV,0.07278951086956521,92
1995,summer,NV,0.05810992391304349,92
1995,winter,NV,0.04168178888888889,90
1995,fall,NY,0.06010507692307692,91
1995,spring,NY,0.057762641304347835,92
1995,summer,NY,0.030258836956521738,92
1995,winter,NY,0.0820265111111111,90
1995,fall,OH,0.0732538021978022,91
1995,spring,OH,0.06211538043478261,92
1995,summer,OH,0.021764391304347822,92
1995,winter,OH,0.0922045,90
1995,fall,OK,0.07195225274725275,91
1995,spring,OK,0.08607939130434784,92
1995,summer,OK,0.04298763043478262,92
1995,winter,OK,0.07143214444444444,90
1995,fall,OR,0.0312028021978022,91
1995,spring,OR,0.03908838043478262,92
1995,summer,OR,0.0286149347826087,92
1995,winter,OR,0.061446033333333344,90
1995,fall,PA,0.03687530769230769,91
1995,spring,PA,0.04541219565217392,92
1995,summer,PA,0.015668097826086958,92
1995,winter,PA,0.06191435555555556,90
1995,fall,RI,0.08229518681318682,91
1995,spring,RI,0.08659507608695652,92
1995,summer,RI,0.05925602173913043,92
1995,winter,RI,0.11707131111111109,90
1995,fall,SC,0.020109703296703297,91
1995,spring,SC,0.029779184782608693,92
1995,summer,SC,0.017957369565217395,92
1995,winter,SC,0.028553600000000002,90
1995,fall,SD,0.08385776923076922,91
1995,spring,SD,0.09978983695652176,92
1995,summer,SD,0.05175629347826086,92
1995,winter,SD,0.08005028888888889,90
1995,fall,TN,0.023134109890109892,91
1995,spring,TN,0.029226739130434783,92
1995,summer,TN,0.011107695652173913,92
1995,winter,TN,0.0328333,90
1995,fall,TX,0.05352639560439561,91
1995,spring,TX,0.08941977173913043,92
1995,summer,TX,0.0486329347826087,92
1995,winter,TX,0.0605784,90
1995,fall,UT,0.024641,91
1995,spring,UT,0.05693234782608696,92
1995,summer,UT,0.04139109782608696,92
1995,winter,UT,0.024461744444444447,90
1995,fall,VA,0.02544553846153846,91
1995,spring,VA,0.03149663043478261,92
1995,summer,VA,0.013579956521739132,92
1995,winter,VA,0.041230222222222224,90
1995,fall,VT,0.04080432967032967,91
1995,spring,VT,0.04142754347826087,92
1995,summer,VT,0.023938119565217388,92
1995,winter,VT,0.03494777777777777,90
1995,fall,WA,0.03263201098901099,91
1995,spring,WA,0.03222408695652175,92
1995,summer,WA,0.028811010869565216,92
1995,winter,WA,0.034805422222222215,90
1995,fall,WI,0.0586611978021978,91
1995,spring,WI,0.056580630434782606,92
1995,summer,WI,0.02684389130434783,92
1995,winter,WI,0.06902244444444446,90
1995,fall,WV,0.016811714285714287,91
1995,spring,WV,0.022846347826086955,92
1995,summer,WV,0.006190869565217392,92
1995,winter,WV,0.024520511111111108,90
1995,fall,WY,0.07915497802197803,91
1995,spring,WY,0.08787026086956522,92
1995,summer,WY,0.05145475,92
1995,winter,WY,0.07969473333333332,90
1996,fall,AL,0.017801021978021976,91
1996,spring,AL,0.03251270652173913,92
1996,summer,AL,0.008307315217391304,92
1996,winter,AL,0.03392656043956044,91
1996,fall,AR,0.022024406593406595,91
1996,spring,AR,0.053843782608695656,92
1996,summer,AR,0.011093391304347826,92
1996,winter,AR,0.050982967032967036,91
1996,fall,AZ,0.02921240659340659,91
1996,spring,AZ,0.05364169565217391,92
1996,summer,AZ,0.038298152173913046,92
1996,winter,AZ,0.0334149010989011,91
1996,fall,CA,0.03804732967032967,91
1996,spring,CA,0.05930560869565217,92
1996,summer,CA,0.03996121739130435,92
1996,winter,CA,0.04621741758241759,91
1996,fall,CO,0.04358356043956044,91
1996,spring,CO,0.08300273913043478,92
1996,summer,CO,0.04191598913043478,92
1996,winter,CO,0.0640097912087912,91
1996,fall,CT,0.030913318681318684,91
1996,spring,CT,0.04120439130434783,92
1996,summer,CT,0.015911728260869566,92
1996,winter,CT,0.054826120879120886,91
1996,fall,DE,0.038907208791208785,91
1996,spring,DE,0.08725464130434782,92
1996,summer,DE,0.020196630434782613,92
1996,winter,DE,0.10379019780219778,91
1996,fall,FL,0.04200421978021978,91
1996,spring,FL,0.0456966195652174,92
1996,summer,FL,0.022464260869565215,92
1996,winter,FL,0.03850136263736264,91
1996,fall,GA,0.020429505494505493,91
1996,spring,GA,0.033148500000000004,92
1996,summer,GA,0.013518086956521737,92
1996,winter,GA,0.031897835164835166,91
1996,fall,IA,0.06030628571428571,91
1996,spring,IA,0.1074598152173913,92
1996,summer,IA,0.026477673913043478,92
1996,winter,IA,0.09985134065934066,91
1996,fall,ID,0.04176593406593407,91
1996,spring,ID,0.05706376086956522,92
1996,summer,ID,0.0314191847826087,92
1996,winter,ID,0.05960912087912088,91
1996,fall,IL,0.050955593406593405,91
1996,spring,IL,0.10854051086956522,92
1996,summer,IL,0.028163010869565214,92
1996,winter,IL,0.0954541868131868,91
1996,fall,IN,0.04075823076923077,91
1996,spring,IN,0.09483665217391306,92
1996,summer,IN,0.021645826086956522,92
1996,winter,IN,0.08671007692307692,91
1996,fall,KS,0.09792710989010987,91
1996,spring,KS,0.16024322826086954,92
1996,summer,KS,0.05560288043478261,92
1996,winter,KS,0.11135182417582419,91
1996,fall,KY,0.017429527472527472,91
1996,spring,KY,0.04764214130434783,92
1996,summer,KY,0.008671923913043477,92
1996,winter,KY,0.04413903296703296,91
1996,fall,LA,0.03134427472527473,91
1996,spring,LA,0.05029757608695652,92
1996,summer,LA,0.011450141304347825,92
1996,winter,LA,0.049369054945054947,91
1996,fall,MA,0.05525658241758242,91
1996,spring,MA,0.08840826086956521,92
1996,summer,MA,0.036416804347826084,92
1996,winter,MA,0.10063593406593407,91
1996,fall,MD,0.023023296703296704,91
1996,spring,MD,0.046603,92
1996,summer,MD,0.012908347826086953,92
1996,winter,MD,0.055965835164835165,91
1996,fall,ME,0.04033230769230769,91
1996,spring,ME,0.055228,92
1996,summer,ME,0.018034456521739132,92
1996,winter,ME,0.056503604395604395,91
1996,fall,MI,0.041856252747252756,91
1996,spring,MI,0.061037641304347814,92
1996,summer,MI,0.021405358695652174,92
1996,winter,MI,0.057027999999999995,91
1996,fall,MN,0.058872428571428576,91
1996,spring,MN,0.06395260869565217,92
1996,summer,MN,0.02858305434782609,92
1996,winter,MN,0.07243521978021977,91
1996,fall,MO,0.045263604395604395,91
1996,spring,MO,0.09160626086956523,92
1996,summer,MO,0.021736206521739132,92
1996,winter,MO,0.078081989010989,91
1996,fall,MS,0.01447692307692308,91
1996,spring,MS,0.029291836956521745,92
1996,summer,MS,0.005851130434782609,92
1996,winter,MS,0.03385072527472527,91
1996,fall,MT,0.0718458021978022,91
1996,spring,MT,0.08889670652173913,92
1996,summer,MT,0.06142982608695652,92
1996,winter,MT,0.10938223076923079,91
1996,fall,NC,0.03128682417582417,91
1996,spring,NC,0.05224352173913044,92
1996,summer,NC,0.017769673913043477,92
1996,winter,NC,0.037482626373626364,91
1996,fall,ND,0.1016448021978022,91
1996,spring,ND,0.11427973913043478,92
1996,summer,ND,0.07006316304347827,92
1996,winter,ND,0.1383037032967033,91
1996,fall,NE,0.08824301098901098,91
1996,spring,NE,0.13231190217391306,92
1996,summer,NE,0.04759852173913043,92
1996,winter,NE,0.12300592307692307,91
1996,fall,NH,0.07833756043956044,91
1996,spring,NH,0.08644182608695652,92
1996,summer,NH,0.05950708695652174,92
1996,winter,NH,0.08960954945054944,91
1996,fall,NJ,0.03780096703296703,91
1996,spring,NJ,0.06760818478260867,92
1996,summer,NJ,0.021854021739130435,92
1996,winter,NJ,0.07582023076923078,91
1996,fall,NM,0.05679156043956044,91
1996,spring,NM,0.11115776086956522,92
1996,summer,NM,0.04489941304347826,92
1996,winter,NM,0.08877001098901097,91
1996,fall,NV,0.03255486813186813,91
1996,spring,NV,0.07018175,92
1996,summer,NV,0.04024304347826087,92
1996,winter,NV,0.046910736263736263,91
1996,fall,NY,0.04789707692307692,91
1996,spring,NY,0.06891161956521738,92
1996,summer,NY,0.027588967391304352,92
1996,winter,NY,0.0847794945054945,91
1996,fall,OH,0.04839954945054945,91
1996,spring,OH,0.09386516304347825,92
1996,summer,OH,0.022351413043478267,92
1996,winter,OH,0.09878683516483516,91
1996,fall,OK,0.08145397802197803,91
1996,spring,OK,0.15442933695652172,92
1996,summer,OK,0.0464295,92
1996,winter,OK,0.1007258131868132,91
1996,fall,OR,0.025005945054945054,91
1996,spring,OR,0.03718020652173914,92
1996,summer,OR,0.026789619565217387,92
1996,winter,OR,0.06801836263736265,91
1996,fall,PA,0.028282318681318683,91
1996,spring,PA,0.05542747826086956,92
1996,summer,PA,0.0156145,92
1996,winter,PA,0.061337230769230776,91
1996,fall,RI,0.06414573626373626,91
1996,spring,RI,0.10896325,92
1996,summer,RI,0.051054782608695656,92
1996,winter,RI,0.11377792307692308,91
1996,fall,SC,0.02404746153846154,91
1996,spring,SC,0.04457554347826087,92
1996,summer,SC,0.019658815217391302,92
1996,winter,SC,0.03539346153846154,91
1996,fall,SD,0.08652760439560439,91
1996,spring,SD,0.10105388043478258,92
1996,summer,SD,0.052643413043478256,92
1996,winter,SD,0.11982372527472523,91
1996,fall,TN,0.018997373626373628,91
1996,spring,TN,0.05062206521739131,92
1996,summer,TN,0.011067076086956524,92
1996,winter,TN,0.04784726373626374,91
1996,fall,TX,0.05694243956043956,91
1996,spring,TX,0.12455190217391303,92
1996,summer,TX,0.049895217391304356,92
1996,winter,TX,0.08872445054945054,91
1996,fall,UT,0.03464284615384615,91
1996,spring,UT,0.05850883695652174,92
1996,summer,UT,0.036489945652173915,92
1996,winter,UT,0.0435686043956044,91
1996,fall,VA,0.02649098901098901,91
1996,spring,VA,0.04885817391304347,92
1996,summer,VA,0.013851434782608696,92
1996,winter,VA,0.04563137362637362,91
1996,fall,VT,0.022594142857142858,91
1996,spring,VT,0.028951423913043478,92
1996,summer,VT,0.014722391304347826,92
1996,winter,VT,0.036466208791208786,91
1996,fall,WA,0.024032637362637364,91
1996,spring,WA,0.036600999999999995,92
1996,summer,WA,0.02910014130434783,92
1996,winter,WA,0.04180501098901099,91
1996,fall,WI,0.05296291208791209,91
1996,spring,WI,0.07099239130434783,92
1996,summer,WI,0.025908021739130437,92
1996,winter,WI,0.06565940659340659,91
1996,fall,WV,0.01263443956043956,91
1996,spring,WV,0.027988717391304346,92
1996,summer,WV,0.006598728260869565,92
1996,winter,WV,0.026743450549450553,91
1996,fall,WY,0.06765435164835165,91
1996,spring,WY,0.0982863695652174,92
1996,summer,WY,0.04957061956521739,92
1996,winter,WY,0.13506235164835165,91
1997,fall,AL,0.012053439560439562,91
1997,spring,AL,0.026266184782608695,92
1997,summer,AL,0.011082510869565219,92
1997,winter,AL,0.02440181111111111,90
1997,fall,AR,0.01986063736263736,91
1997,spring,AR,0.03683854347826087,92
1997,summer,AR,0.012245989130434782,92
1997,winter,AR,0.03572614444444444,90
1997,fall,AZ,0.027240450549450547,91
1997,spring,AZ,0.044805195652173904,92
1997,summer,AZ,0.04141808695652174,92
1997,winter,AZ,0.03348418888888889,90
1997,fall,CA,0.033748406593406596,91
1997,spring,CA,0.054700978260869566,92
1997,summer,CA,0.04839393478260869,92
1997,winter,CA,0.04630936666666667,90
1997,fall,CO,0.047290923076923085,91
1997,spring,CO,0.06193959782608695,92
1997,summer,CO,0.04315682608695652,92
1997,winter,CO,0.04252566666666666,90
1997,fall,CT,0.029637659340659338,91
1997,spring,CT,0.05501267391304348,92
1997,summer,CT,0.01611919565217391,92
1997,winter,CT,0.04127142222222223,90
1997,fall,DE,0.04075667032967033,91
1997,spring,DE,0.1036419565217391,92
1997,summer,DE,0.02530222826086956,92
1997,winter,DE,0.06860853333333333,90
1997,fall,FL,0.024756120879120883,91
1997,spring,FL,0.039390347826086955,92
1997,summer,FL,0.018620380434782608,92
1997,winter,FL,0.03614011111111111,90
1997,fall,GA,0.013468263736263733,91
1997,spring,GA,0.02841232608695652,92
1997,summer,GA,0.012318815217391303,92
1997,winter,GA,0.02414281111111111,90
1997,fall,IA,0.0582116043956044,91
1997,spring,IA,0.11034408695652174,92
1997,summer,IA,0.029309054347826092,92
1997,winter,IA,0.0821027888888889,90
1997,fall,ID,0.03773258241758242,91
1997,spring,ID,0.05793963043478261,92
1997,summer,ID,0.028888489130434784,92
1997,winter,ID,0.03998003333333334,90
1997,fall,IL,0.04566116483516484,91
1997,spring,IL,0.09324648913043479,92
1997,summer,IL,0.03166898913043479,92
1997,winter,IL,0.06824858888888889,90
1997,fall,IN,0.038607516483516485,91
1997,spring,IN,0.08737395652173913,92
1997,summer,IN,0.029445652173913043,92
1997,winter,IN,0.07311042222222222,90
1997,fall,KS,0.07610054945054945,91
1997,spring,KS,0.10859993478260872,92
1997,summer,KS,0.04867979347826087,92
1997,winter,KS,0.0818317777777778,90
1997,fall,KY,0.011611054945054945,91
1997,spring,KY,0.03129532608695652,92
1997,summer,KY,0.007817728260869565,92
1997,winter,KY,0.031684444444444446,90
1997,fall,LA,0.023998736263736265,91
1997,spring,LA,0.04120597826086956,92
1997,summer,LA,0.013623010869565218,92
1997,winter,LA,0.04606411111111111,90
1997,fall,MA,0.049088087912087915,91
1997,spring,MA,0.09336370652173913,92
1997,summer,MA,0.03351680434782609,92
1997,winter,MA,0.08868116666666667,90
1997,fall,MD,0.02334256043956044,91
1997,spring,MD,0.06886321739130435,92
1997,summer,MD,0.013047641304347829,92
1997,winter,MD,0.04008941111111111,90
1997,fall,ME,0.02394105494505494,91
1997,spring,ME,0.0552195652173913,92
1997,summer,ME,0.01691036956521739,92
1997,winter,ME,0.042361777777777776,90
1997,fall,MI,0.032678065934065935,91
1997,spring,MI,0.0586551195652174,92
1997,summer,MI,0.02233775,92
1997,winter,MI,0.053353033333333334,90
1997,fall,MN,0.05283327472527472,91
1997,spring,MN,0.0736123152173913,92
1997,summer,MN,0.026486913043478263,92
1997,winter,MN,0.06137530000000001,90
1997,fall,MO,0.03171186813186813,91
1997,spring,MO,0.06477011956521739,92
1997,summer,MO,0.018713923913043478,92
1997,winter,MO,0.05030874444444444,90
1997,fall,MS,0.011225318681318682,91
1997,spring,MS,0.021707467391304348,92
1997,summer,MS,0.007310054347826087,92
1997,winter,MS,0.022545866666666668,90
1997,fall,MT,0.08049552747252749,91
1997,spring,MT,0.1004881304347826,92
1997,summer,MT,0.04819651086956522,92
1997,winter,MT,0.09125826666666666,90
1997,fall,NC,0.01548942857142857,91
1997,spring,NC,0.049771913043478264,92
1997,summer,NC,0.01787729347826087,92
1997,winter,NC,0.029766855555555555,90
1997,fall,ND,0.11683586813186815,91
1997,spring,ND,0.1410087608695652,92
1997,summer,ND,0.06313689130434783,92
1997,winter,ND,0.11897647777777778,90
1997,fall,NE,0.0946046923076923,91
1997,spring,NE,0.13254385869565216,92
1997,summer,NE,0.04885592391304348,92
1997,winter,NE,0.10021763333333333,90
1997,fall,NH,0.062080461538461536,91
1997,spring,NH,0.08697066304347825,92
1997,summer,NH,0.05608611956521739,92
1997,winter,NH,0.08516097777777776,90
1997,fall,NJ,0.0407447032967033,91
1997,spring,NJ,0.07969446739130434,92
1997,summer,NJ,0.02372813043478261,92
1997,winter,NJ,0.0639326777777778,90
1997,fall,NM,0.046178208791208784,91
1997,spring,NM,0.08641455434782609,92
1997,summer,NM,0.04156759782608696,92
1997,winter,NM,0.06695607777777778,90
1997,fall,NV,0.03723783516483516,91
1997,spring,NV,0.05163568478260871,92
1997,summer,NV,0.04870329347826086,92
1997,winter,NV,0.03925842222222222,90
1997,fall,NY,0.04079381318681319,91
1997,spring,NY,0.08349541304347828,92
1997,summer,NY,0.025702206521739133,92
1997,winter,NY,0.0872030111111111,90
1997,fall,OH,0.032544802197802196,91
1997,spring,OH,0.08502405434782609,92
1997,summer,OH,0.02451096739130435,92
1997,winter,OH,0.08374272222222223,90
1997,fall,OK,0.061748538461538466,91
1997,spring,OK,0.09410675,92
1997,summer,OK,0.045928739130434784,92
1997,winter,OK,0.0754441111111111,90
1997,fall,OR,0.03624228571428571,91
1997,spring,OR,0.035511684782608695,92
1997,summer,OR,0.022501141304347824,92
1997,winter,OR,0.03690977777777778,90
1997,fall,PA,0.02823884615384615,91
1997,spring,PA,0.07214983695652175,92
1997,summer,PA,0.016715869565217395,92
1997,winter,PA,0.060074133333333335,90
1997,fall,RI,0.05976898901098901,91
1997,spring,RI,0.10434590217391305,92
1997,summer,RI,0.04632872826086956,92
1997,winter,RI,0.09287314444444444,90
1997,fall,SC,0.014718043956043956,91
1997,spring,SC,0.03972216304347826,92
1997,summer,SC,0.017327815217391306,92
1997,winter,SC,0.026082555555555557,90
1997,fall,SD,0.08991981318681319,91
1997,spring,SD,0.11713243478260871,92
1997,summer,SD,0.04870008695652173,92
1997,winter,SD,0.10377141111111111,90
1997,fall,TN,0.013454263736263739,91
1997,spring,TN,0.03446703260869565,92
1997,summer,TN,0.009745413043478259,92
1997,winter,TN,0.03133815555555556,90
1997,fall,TX,0.04079962637362638,91
1997,spring,TX,0.07051380434782609,92
1997,summer,TX,0.04075559782608695,92
1997,winter,TX,0.06627986666666667,90
1997,fall,UT,0.03936501098901099,91
1997,spring,UT,0.048309739130434785,92
1997,summer,UT,0.04667564130434782,92
1997,winter,UT,0.03416407777777778,90
1997,fall,VA,0.021433890109890108,91
1997,spring,VA,0.051335195652173905,92
1997,summer,VA,0.012585326086956523,92
1997,winter,VA,0.03643908888888889,90
1997,fall,VT,0.014872197802197801,91
1997,spring,VT,0.03256828260869565,92
1997,summer,VT,0.008801097826086957,92
1997,winter,VT,0.03232131111111111,90
1997,fall,WA,0.035569923076923075,91
1997,spring,WA,0.049004586956521747,92
1997,summer,WA,0.026435663043478264,92
1997,winter,WA,0.0328575,90
1997,fall,WI,0.03784189010989011,91
1997,spring,WI,0.06998747826086955,92
1997,summer,WI,0.022653434782608693,92
1997,winter,WI,0.04996254444444445,90
1997,fall,WV,0.008970131868131868,91
1997,spring,WV,0.02944842391304348,92
1997,summer,WV,0.0067144891304347825,92
1997,winter,WV,0.026377755555555552,90
1997,fall,WY,0.07747905494505494,91
1997,spring,WY,0.09881634782608693,92
1997,summer,WY,0.05189999999999999,92
1997,winter,WY,0.09030623333333333,90
1998,fall,AL,0.013769813186813189,91
1998,spring,AL,0.027861608695652174,92
1998,summer,AL,0.013292945652173914,92
1998,winter,AL,0.030612200000000003,90
1998,fall,AR,0.014623846153846154,91
1998,spring,AR,0.03827034782608695,92
1998,summer,AR,0.016086467391304347,92
1998,winter,AR,0.019387222222222222,90
1998,fall,AZ,0.02787546153846154,91
1998,spring,AZ,0.048184630434782605,92
1998,summer,AZ,0.04110473913043478,92
1998,winter,AZ,0.027335644444444446,90
1998,fall,CA,0.03339293406593406,91
1998,spring,CA,0.048061989130434773,92
1998,summer,CA,0.03814038043478261,92
1998,winter,CA,0.05150485555555555,90
1998,fall,CO,0.0506670989010989,91
1998,spring,CO,0.08747242391304348,92
1998,summer,CO,0.06246179347826087,92
1998,winter,CO,0.04467824444444444,90
1998,fall,CT,0.03138148351648351,91
1998,spring,CT,0.05223636956521739,92
1998,summer,CT,0.01958155434782608,92
1998,winter,CT,0.049383188888888895,90
1998,fall,DE,0.027290021978021977,91
1998,spring,DE,0.05467963043478262,92
1998,summer,DE,0.021286152173913043,92
1998,winter,DE,0.07641135555555556,90
1998,fall,FL,0.03463776923076923,91
1998,spring,FL,0.04344394565217392,92
1998,summer,FL,0.021690478260869565,92
1998,winter,FL,0.04459800000000001,90
1998,fall,GA,0.009632054945054945,91
1998,spring,GA,0.02418434782608696,92
1998,summer,GA,0.01559191304347826,92
1998,winter,GA,0.028042300000000003,90
1998,fall,IA,0.06338467032967034,91
1998,spring,IA,0.09783436956521739,92
1998,summer,IA,0.03194736956521738,92
1998,winter,IA,0.06058141111111111,90
1998,fall,ID,0.036271197802197806,91
1998,spring,ID,0.04731621739130434,92
1998,summer,ID,0.0327943695652174,92
1998,winter,ID,0.06376955555555558,90
1998,fall,IL,0.040031703296703296,91
1998,spring,IL,0.07513054347826087,92
1998,summer,IL,0.021725119565217395,92
1998,winter,IL,0.04834062222222222,90
1998,fall,IN,0.03405375824175825,91
1998,spring,IN,0.06454503260869567,92
1998,summer,IN,0.022718945652173913,92
1998,winter,IN,0.047369433333333336,90
1998,fall,KS,0.07598863736263738,91
1998,spring,KS,0.12624153260869564,92
1998,summer,KS,0.06685402173913042,92
1998,winter,KS,0.06692625555555555,90
1998,fall,KY,0.012745197802197803,91
1998,spring,KY,0.03296019565217391,92
1998,summer,KY,0.01098792391304348,92
1998,winter,KY,0.023377166666666668,90
1998,fall,LA,0.03221231868131868,91
1998,spring,LA,0.046898054347826096,92
1998,summer,LA,0.022197619565217385,92
1998,winter,LA,0.03914344444444444,90
1998,fall,MA,0.04231503296703297,91
1998,spring,MA,0.051942456521739136,92
1998,summer,MA,0.020138282608695653,92
1998,winter,MA,0.05790184444444445,90
1998,fall,MD,0.026294065934065934,91
1998,spring,MD,0.040854934782608696,92
1998,summer,MD,0.018427978260869563,92
1998,winter,MD,0.060261100000000005,90
1998,fall,ME,0.03763278021978022,91
1998,spring,ME,0.03724665217391304,92
1998,summer,ME,0.01994536956521739,92
1998,winter,ME,0.041297622222222226,90
1998,fall,MI,0.04662018681318682,91
1998,spring,MI,0.056306326086956515,92
1998,summer,MI,0.025780347826086958,92
1998,winter,MI,0.0523424,90
1998,fall,MN,0.05819242857142856,91
1998,spring,MN,0.07317709782608697,92
1998,summer,MN,0.03277491304347826,92
1998,winter,MN,0.044251222222222227,90
1998,fall,MO,0.039221747252747255,91
1998,spring,MO,0.07746426086956522,92
1998,summer,MO,0.030349260869565218,92
1998,winter,MO,0.04204249999999999,90
1998,fall,MS,0.014668813186813187,91
1998,spring,MS,0.02296322826086956,92
1998,summer,MS,0.009845217391304348,92
1998,winter,MS,0.02378642222222222,90
1998,fall,MT,0.06670190109890109,91
1998,spring,MT,0.06624363043478261,92
1998,summer,MT,0.05352446739130435,92
1998,winter,MT,0.09596395555555558,90
1998,fall,NC,0.01236521978021978,91
1998,spring,NC,0.03109926086956522,92
1998,summer,NC,0.022672184782608695,92
1998,winter,NC,0.03453205555555556,90
1998,fall,ND,0.07421050549450549,91
1998,spring,ND,0.08087425,92
1998,summer,ND,0.05241669565217391,92
1998,winter,ND,0.08863084444444444,90
1998,fall,NE,0.06722282417582418,91
1998,spring,NE,0.10375406521739129,92
1998,summer,NE,0.04852877173913043,92
1998,winter,NE,0.07177195555555556,90
1998,fall,NH,0.022087450549450553,91
1998,spring,NH,0.024507130434782608,92
1998,summer,NH,0.011852478260869565,92
1998,winter,NH,0.024114455555555553,90
1998,fall,NJ,0.0251332967032967,91
1998,spring,NJ,0.05077514130434782,92
1998,summer,NJ,0.021288858695652172,92
1998,winter,NJ,0.06020628888888888,90
1998,fall,NM,0.05525172527472527,91
1998,spring,NM,0.1080141847826087,92
1998,summer,NM,0.06766677173913045,92
1998,winter,NM,0.062682,90
1998,fall,NV,0.037066780219780215,91
1998,spring,NV,0.06235326086956521,92
1998,summer,NV,0.04503105434782609,92
1998,winter,NV,0.0447034,90
1998,fall,NY,0.04471117582417583,91
1998,spring,NY,0.05342113043478262,92
1998,summer,NY,0.028364173913043477,92
1998,winter,NY,0.0593757888888889,90
1998,fall,OH,0.029221274725274728,91
1998,spring,OH,0.05330235869565216,92
1998,summer,OH,0.018592489130434785,92
1998,winter,OH,0.0416243,90
1998,fall,OK,0.06443023076923077,91
1998,spring,OK,0.10794915217391304,92
1998,summer,OK,0.06502322826086955,92
1998,winter,OK,0.06910424444444445,90
1998,fall,OR,0.03229713186813187,91
1998,spring,OR,0.02623407608695652,92
1998,summer,OR,0.025787260869565214,92
1998,winter,OR,0.06184844444444445,90
1998,fall,PA,0.026077274725274723,91
1998,spring,PA,0.03893297826086956,92
1998,summer,PA,0.016482260869565214,92
1998,winter,PA,0.040479877777777784,90
1998,fall,RI,0.05444196703296703,91
1998,spring,RI,0.09129677173913045,92
1998,summer,RI,0.04041163043478261,92
1998,winter,RI,0.09737596666666665,90
1998,fall,SC,0.014269934065934067,91
1998,spring,SC,0.03716205434782609,92
1998,summer,SC,0.02588123913043478,92
1998,winter,SC,0.03614093333333333,90
1998,fall,SD,0.07378726373626375,91
1998,spring,SD,0.09175953260869565,92
1998,summer,SD,0.045518750000000004,92
1998,winter,SD,0.08186995555555555,90
1998,fall,TN,0.012030934065934067,91
1998,spring,TN,0.033228684782608695,92
1998,summer,TN,0.013360086956521739,92
1998,winter,TN,0.02770923333333333,90
1998,fall,TX,0.04922252747252748,91
1998,spring,TX,0.09662977173913044,92
1998,summer,TX,0.06784326086956521,92
1998,winter,TX,0.06365138888888888,90
1998,fall,UT,0.045093373626373626,91
1998,spring,UT,0.07836592391304346,92
1998,summer,UT,0.05491976086956522,92
1998,winter,UT,0.05082458888888889,90
1998,fall,VA,0.019349263736263736,91
1998,spring,VA,0.036315358695652174,92
1998,summer,VA,0.019545228260869567,92
1998,winter,VA,0.04703988888888888,90
1998,fall,VT,0.0239139010989011,91
1998,spring,VT,0.018398054347826088,92
1998,summer,VT,0.013115021739130435,92
1998,winter,VT,0.024413033333333337,90
1998,fall,WA,0.029444329670329672,91
1998,spring,WA,0.026024565217391306,92
1998,summer,WA,0.02640566304347826,92
1998,winter,WA,0.04866390000000001,90
1998,fall,WI,0.0482544065934066,91
1998,spring,WI,0.06114357608695652,92
1998,summer,WI,0.023741815217391306,92
1998,winter,WI,0.042967644444444446,90
1998,fall,WV,0.011113582417582417,91
1998,spring,WV,0.016915336956521736,92
1998,summer,WV,0.0065770434782608704,92
1998,winter,WV,0.012961399999999996,90
1998,fall,WY,0.07050941758241759,91
1998,spring,WY,0.07507736956521738,92
1998,summer,WY,0.05508875,92
1998,winter,WY,0.11161771111111113,90
1999,fall,AL,0.011433846153846154,91
1999,spring,AL,0.024730271739130436,92
1999,summer,AL,0.007401847826086956,92
1999,winter,AL,0.025458977777777777,90
1999,fall,AR,0.011399164835164835,91
1999,spring,AR,0.028048565217391307,92
1999,summer,AR,0.007655152173913044,92
1999,winter,AR,0.03515367777777778,90
1999,fall,AZ,0.021033736263736266,91
1999,spring,AZ,0.06734879347826088,92
1999,summer,AZ,0.04086654347826087,92
1999,winter,AZ,0.03183660000000001,90
1999,fall,CA,0.025160472527472524,91
1999,spring,CA,0.06719439130434783,92
1999,summer,CA,0.040003641304347824,92
1999,winter,CA,0.03983768888888888,90
1999,fall,CO,0.04237249450549451,91
1999,spring,CO,0.1183961195652174,92
1999,summer,CO,0.0623345652173913,92
1999,winter,CO,0.08080648888888889,90
1999,fall,CT,0.05769821978021979,91
1999,spring,CT,0.0683001304347826,92
1999,summer,CT,0.028854586956521745,92
1999,winter,CT,0.05561091111111111,90
1999,fall,DE,0.038148032967032966,91
1999,spring,DE,0.0665399347826087,92
1999,summer,DE,0.02161703260869565,92
1999,winter,DE,0.05714039325842697,89
1999,fall,FL,0.034236461538461535,91
1999,spring,FL,0.03456045652173913,92
1999,summer,FL,0.018227880434782608,92
1999,winter,FL,0.027622022222222226,90
1999,fall,GA,0.013440505494505494,91
1999,spring,GA,0.023386749999999998,92
1999,summer,GA,0.008633304347826087,92
1999,winter,GA,0.018807233333333333,90
1999,fall,IA,0.05866304395604396,91
1999,spring,IA,0.11627183695652174,92
1999,summer,IA,0.040631532608695654,92
1999,winter,IA,0.10098304444444442,90
1999,fall,ID,0.042631615384615386,91
1999,spring,ID,0.06389846739130435,92
1999,summer,ID,0.03422864130434783,92
1999,winter,ID,0.07111598888888888,90
1999,fall,IL,0.033637780219780214,91
1999,spring,IL,0.06868898913043477,92
1999,summer,IL,0.020585173913043483,92
1999,winter,IL,0.06545801111111112,90
1999,fall,IN,0.0340431978021978,91
1999,spring,IN,0.0655981304347826,92
1999,summer,IN,0.02082495652173913,92
1999,winter,IN,0.07107653333333334,90
1999,fall,KS,0.06622526373626374,91
1999,spring,KS,0.12318036956521737,92
1999,summer,KS,0.07161795652173915,92
1999,winter,KS,0.09864483333333333,90
1999,fall,KY,0.014408593406593407,91
1999,spring,KY,0.034717163043478265,92
1999,summer,KY,0.010651347826086958,92
1999,winter,KY,0.03826283333333333,90
1999,fall,LA,0.018806681318681316,91
1999,spring,LA,0.04235686956521739,92
1999,summer,LA,0.012075989130434782,92
1999,winter,LA,0.04299778888888889,90
1999,fall,MA,0.04897116483516483,91
1999,spring,MA,0.06905475000000001,92
1999,summer,MA,0.028173434782608697,92
1999,winter,MA,0.05922573333333333,90
1999,fall,MD,0.043583769230769225,91
1999,spring,MD,0.06525458695652174,92
1999,summer,MD,0.025084956521739133,92
1999,winter,MD,0.04482081111111111,90
1999,fall,ME,0.045318681318681324,91
1999,spring,ME,0.06796394565217391,92
1999,summer,ME,0.02218842391304348,92
1999,winter,ME,0.04432482222222223,90
1999,fall,MI,0.038962505494505494,91
1999,spring,MI,0.05791797826086957,92
1999,summer,MI,0.02119090217391304,92
1999,winter,MI,0.06153352222222222,90
1999,fall,MN,0.052092142857142865,91
1999,spring,MN,0.08223986956521738,92
1999,summer,MN,0.036547815217391304,92
1999,winter,MN,0.07199732222222223,90
1999,fall,MO,0.035244505494505494,91
1999,spring,MO,0.06852342391304347,92
1999,summer,MO,0.024290891304347827,92
1999,winter,MO,0.06508305555555556,90
1999,fall,MS,0.011992670329670331,91
1999,spring,MS,0.02261344565217391,92
1999,summer,MS,0.00751757608695652,92
1999,winter,MS,0.022841200000000002,90
1999,fall,MT,0.07931714285714286,91
1999,spring,MT,0.07941557608695651,92
1999,summer,MT,0.061446673913043474,92
1999,winter,MT,0.13315586666666665,90
1999,fall,NC,0.023588373626373622,91
1999,spring,NC,0.03992553260869565,92
1999,summer,NC,0.01512366304347826,92
1999,winter,NC,0.026005766666666666,90
1999,fall,ND,0.08233887912087913,91
1999,spring,ND,0.12709235869565214,92
1999,summer,ND,0.05974423913043478,92
1999,winter,ND,0.13089183333333335,90
1999,fall,NE,0.059825351648351656,91
1999,spring,NE,0.13155058695652172,92
1999,summer,NE,0.0604873804347826,92
1999,winter,NE,0.10162562222222221,90
1999,fall,NH,0.021487241758241758,91
1999,spring,NH,0.039464554347826086,92
1999,summer,NH,0.01194132608695652,92
1999,winter,NH,0.023274277777777776,90
1999,fall,NJ,0.031151098901098902,91
1999,spring,NJ,0.0623694347826087,92
1999,summer,NJ,0.019364847826086953,92
1999,winter,NJ,0.04092584444444444,90
1999,fall,NM,0.047754824175824176,91
1999,spring,NM,0.1237285652173913,92
1999,summer,NM,0.05110856521739131,92
1999,winter,NM,0.08672427777777779,90
1999,fall,NV,0.029869043956043957,91
1999,spring,NV,0.07346154347826087,92
1999,summer,NV,0.05711947826086956,92
1999,winter,NV,0.05182344444444444,90
1999,fall,NY,0.05336735164835165,91
1999,spring,NY,0.061593967391304356,92
1999,summer,NY,0.026477326086956524,92
1999,winter,NY,0.06316942222222222,90
1999,fall,OH,0.029642549450549453,91
1999,spring,OH,0.054324826086956525,92
1999,summer,OH,0.018414804347826087,92
1999,winter,OH,0.060709788888888894,90
1999,fall,OK,0.05498152747252748,91
1999,spring,OK,0.10159936956521741,92
1999,summer,OK,0.04692160869565217,92
1999,winter,OK,0.09737616666666667,90
1999,fall,OR,0.03421592307692307,91
1999,spring,OR,0.04847529347826088,92
1999,summer,OR,0.02785690217391304,92
1999,winter,OR,0.06256641111111111,90
1999,fall,PA,0.030892824175824177,91
1999,spring,PA,0.04653244565217392,92
1999,summer,PA,0.016100228260869563,92
1999,winter,PA,0.041411022222222225,90
1999,fall,RI,0.06603593406593407,91
1999,spring,RI,0.08703797826086956,92
1999,summer,RI,0.03651569565217391,92
1999,winter,RI,0.08864983333333333,90
1999,fall,SC,0.020657131868131867,91
1999,spring,SC,0.041432967391304344,92
1999,summer,SC,0.01635880434782609,92
1999,winter,SC,0.027384066666666672,90
1999,fall,SD,0.07891953846153847,91
1999,spring,SD,0.14130796739130436,92
1999,summer,SD,0.06991567391304347,92
1999,winter,SD,0.12723301111111113,90
1999,fall,TN,0.01253598901098901,91
1999,spring,TN,0.03066310869565218,92
1999,summer,TN,0.008983097826086958,92
1999,winter,TN,0.03272872222222223,90
1999,fall,TX,0.03823532967032967,91
1999,spring,TX,0.08323204347826088,92
1999,summer,TX,0.04552171739130435,92
1999,winter,TX,0.07629811111111111,90
1999,fall,UT,0.03655240659340659,91
1999,spring,UT,0.0667000543478261,92
1999,summer,UT,0.056228597826086954,92
1999,winter,UT,0.052064122222222224,90
1999,fall,VA,0.031133241758241757,91
1999,spring,VA,0.05032889130434782,92
1999,summer,VA,0.02153155434782609,92
1999,winter,VA,0.033316700000000005,90
1999,fall,VT,0.035636307692307696,91
1999,spring,VT,0.029281804347826085,92
1999,summer,VT,0.01161257608695652,92
1999,winter,VT,0.023303077777777778,90
1999,fall,WA,0.02870204395604396,91
1999,spring,WA,0.047058521739130436,92
1999,summer,WA,0.039781293478260864,92
1999,winter,WA,0.06367334444444446,90
1999,fall,WI,0.03934328571428572,91
1999,spring,WI,0.06893725,92
1999,summer,WI,0.025394184782608697,92
1999,winter,WI,0.05272278888888889,90
1999,fall,WV,0.013478736263736265,91
1999,spring,WV,0.024254847826086955,92
1999,summer,WV,0.007627663043478262,92
1999,winter,WV,0.02327717777777778,90
1999,fall,WY,0.06286914285714286,91
1999,spring,WY,0.10053214130434782,92
1999,summer,WY,0.061010445652173916,92
1999,winter,WY,0.13203833333333334,90
2000,fall,AL,0.014736087912087912,91
2000,spring,AL,0.02341979347826087,92
2000,summer,AL,0.010288532608695652,92
2000,winter,AL,0.02461002197802198,91
2000,fall,AR,0.012523725274725275,91
2000,spring,AR,0.027911282608695652,92
2000,summer,AR,0.009790565217391306,92
2000,winter,AR,0.028966868131868134,91
2000,fall,AZ,0.027404197802197806,91
2000,spring,AZ,0.05267156521739132,92
2000,summer,AZ,0.04589788043478261,92
2000,winter,AZ,0.02920796703296703,91
2000,fall,CA,0.02822435164835165,91
2000,spring,CA,0.049933956521739126,92
2000,summer,CA,0.04061508695652173,92
2000,winter,CA,0.03238743956043956,91
2000,fall,CO,0.05294694505494505,91
2000,spring,CO,0.10114978260869564,92
2000,summer,CO,0.06587895652173913,92
2000,winter,CO,0.0690506923076923,91
2000,fall,CT,0.03167983516483517,91
2000,spring,CT,0.05543573913043478,92
2000,summer,CT,0.025923989130434782,92
2000,winter,CT,0.07426636263736265,91
2000,fall,DE,0.02865865934065934,91
2000,spring,DE,0.06313874725274725,91
2000,summer,DE,0.019205065217391303,92
2000,winter,DE,0.08745034065934065,91
2000,fall,FL,0.030305813186813187,91
2000,spring,FL,0.038971141304347826,92
2000,summer,FL,0.02471667391304348,92
2000,winter,FL,0.03416640659340659,91
2000,fall,GA,0.01231223076923077,91
2000,spring,GA,0.02099561956521739,92
2000,summer,GA,0.011377815217391308,92
2000,winter,GA,0.02170598901098901,91
2000,fall,IA,0.06292767032967032,91
2000,spring,IA,0.09673907608695653,92
2000,summer,IA,0.04341067391304348,92
2000,winter,IA,0.09737227472527472,91
2000,fall,ID,0.03309837362637362,91
2000,spring,ID,0.06222367391304349,92
2000,summer,ID,0.037715913043478266,92
2000,winter,ID,0.050622560439560434,91
2000,fall,IL,0.04472175824175824,91
2000,spring,IL,0.06350125,92
2000,summer,IL,0.028474706521739137,92
2000,winter,IL,0.06778909890109891,91
2000,fall,IN,0.03273205494505494,91
2000,spring,IN,0.05350272826086957,92
2000,summer,IN,0.02307336956521739,92
2000,winter,IN,0.052792021978021984,91
2000,fall,KS,0.08609482417582418,91
2000,spring,KS,0.10765669565217391,92
2000,summer,KS,0.07536648913043478,92
2000,winter,KS,0.09221983516483517,91
2000,fall,KY,0.015599318681318681,91
2000,spring,KY,0.030985369565217386,92
2000,summer,KY,0.011655054347826087,92
2000,winter,KY,0.034517791208791206,91
2000,fall,LA,0.023888142857142854,91
2000,spring,LA,0.03528722826086957,92
2000,summer,LA,0.0139095,92
2000,winter,LA,0.040746406593406594,91
2000,fall,MA,0.03954910989010989,91
2000,spring,MA,0.07158789130434784,92
2000,summer,MA,0.029695847826086957,92
2000,winter,MA,0.08980703296703296,91
2000,fall,MD,0.034676384615384616,91
2000,spring,MD,0.06383466304347825,92
2000,summer,MD,0.018755163043478264,92
2000,winter,MD,0.07924067032967033,91
2000,fall,ME,0.0317668021978022,91
2000,spring,ME,0.04342535869565217,92
2000,summer,ME,0.019885804347826087,92
2000,winter,ME,0.06014820879120879,91
2000,fall,MI,0.029334274725274726,91
2000,spring,MI,0.04860531521739131,92
2000,summer,MI,0.024848673913043483,92
2000,winter,MI,0.043229604395604394,91
2000,fall,MN,0.05233975824175825,91
2000,spring,MN,0.07275592391304347,92
2000,summer,MN,0.041455934782608686,92
2000,winter,MN,0.058286263736263735,91
2000,fall,MO,0.03575962637362637,91
2000,spring,MO,0.0617405,92
2000,summer,MO,0.029038521739130435,92
2000,winter,MO,0.062249813186813184,91
2000,fall,MS,0.014542538461538463,91
2000,spring,MS,0.022876402173913044,92
2000,summer,MS,0.011444684782608695,92
2000,winter,MS,0.0268200989010989,91
2000,fall,MT,0.06975505494505495,91
2000,spring,MT,0.09537653260869564,92
2000,summer,MT,0.06309731521739131,92
2000,winter,MT,0.08198456043956044,91
2000,fall,NC,0.013948340659340662,91
2000,spring,NC,0.03359966304347826,92
2000,summer,NC,0.012634619565217392,92
2000,winter,NC,0.03186701098901099,91
2000,fall,ND,0.09792818681318681,91
2000,spring,ND,0.10780669565217392,92
2000,summer,ND,0.06827725,92
2000,winter,ND,0.10702738461538464,91
2000,fall,NE,0.0794833956043956,91
2000,spring,NE,0.10836995652173913,92
2000,summer,NE,0.06905422826086957,92
2000,winter,NE,0.09385797802197803,91
2000,fall,NH,0.011325615384615385,91
2000,spring,NH,0.02444654347826087,92
2000,summer,NH,0.010316391304347828,92
2000,winter,NH,0.036415956043956046,91
2000,fall,NJ,0.024929604395604394,91
2000,spring,NJ,0.05743680434782609,92
2000,summer,NJ,0.017497532608695653,92
2000,winter,NJ,0.06304304395604396,91
2000,fall,NM,0.05920061538461539,91
2000,spring,NM,0.10964976086956522,92
2000,summer,NM,0.06070701086956522,92
2000,winter,NM,0.07978489010989011,91
2000,fall,NV,0.034623736263736264,91
2000,spring,NV,0.07068234782608697,92
2000,summer,NV,0.05284101086956522,92
2000,winter,NV,0.03792895604395605,91
2000,fall,NY,0.03296008791208791,91
2000,spring,NY,0.05282560869565217,92
2000,summer,NY,0.02404730434782609,92
2000,winter,NY,0.07919892307692307,91
2000,fall,OH,0.028989131868131873,91
2000,spring,OH,0.04570084782608696,92
2000,summer,OH,0.020734913043478263,92
2000,winter,OH,0.05106274725274726,91
2000,fall,OK,0.05660336263736264,91
2000,spring,OK,0.08801815217391305,92
2000,summer,OK,0.05148902173913044,92
2000,winter,OK,0.07882963736263737,91
2000,fall,OR,0.023500890109890107,91
2000,spring,OR,0.03426830434782609,92
2000,summer,OR,0.03517996739130435,92
2000,winter,OR,0.043434131868131866,91
2000,fall,PA,0.023192087912087912,91
2000,spring,PA,0.04198219565217391,92
2000,summer,PA,0.01381692391304348,92
2000,winter,PA,0.053577087912087915,91
2000,fall,RI,0.04438139560439561,91
2000,spring,RI,0.08176173913043479,92
2000,summer,RI,0.03800164130434782,92
2000,winter,RI,0.10728448351648352,91
2000,fall,SC,0.013828593406593407,91
2000,spring,SC,0.03807308695652174,92
2000,summer,SC,0.017202945652173913,92
2000,winter,SC,0.02699891208791209,91
2000,fall,SD,0.11768063736263736,91
2000,spring,SD,0.13739970652173913,92
2000,summer,SD,0.0897228695652174,92
2000,winter,SD,0.1092785934065934,91
2000,fall,TN,0.013208560439560438,91
2000,spring,TN,0.029959760869565213,92
2000,summer,TN,0.011011836956521737,92
2000,winter,TN,0.028819857142857144,91
2000,fall,TX,0.05119367032967032,91
2000,spring,TX,0.09265659782608696,92
2000,summer,TX,0.05095703260869566,92
2000,winter,TX,0.07109451648351647,91
2000,fall,UT,0.03808365934065934,91
2000,spring,UT,0.06824714130434782,92
2000,summer,UT,0.055063782608695655,92
2000,winter,UT,0.036365175824175824,91
2000,fall,VA,0.021400087912087914,91
2000,spring,VA,0.045424945652173906,92
2000,summer,VA,0.017058826086956524,92
2000,winter,VA,0.04322484615384615,91
2000,fall,VT,0.015342681318681318,91
2000,spring,VT,0.022315434782608695,92
2000,summer,VT,0.01254229347826087,92
2000,winter,VT,0.035011999999999995,91
2000,fall,WA,0.021328472527472532,91
2000,spring,WA,0.03956596739130435,92
2000,summer,WA,0.03962793478260869,92
2000,winter,WA,0.0269864065934066,91
2000,fall,WI,0.0351487032967033,91
2000,spring,WI,0.058476717391304354,92
2000,summer,WI,0.029292336956521735,92
2000,winter,WI,0.04122021978021979,91
2000,fall,WV,0.01224376923076923,91
2000,spring,WV,0.020680684782608698,92
2000,summer,WV,0.0065887608695652175,92
2000,winter,WV,0.02704564835164835,91
2000,fall,WY,0.06538993406593407,91
2000,spring,WY,0.09659994565217392,92
2000,summer,WY,0.06609258695652173,92
2000,winter,WY,0.08122086813186814,91
2001,fall,AL,0.013881065934065934,91
2001,spring,AL,0.019161576086956518,92
2001,summer,AL,0.008488608695652175,92
2001,winter,AL,0.01833306666666667,90
2001,fall,AR,0.016478252747252745,91
2001,spring,AR,0.0249120652173913,92
2001,summer,AR,0.007960391304347827,92
2001,winter,AR,0.021372422222222222,90
2001,fall,AZ,0.02757728571428571,91
2001,spring,AZ,0.04682944565217391,92
2001,summer,AZ,0.03932371739130435,92
2001,winter,AZ,0.0316848,90
2001,fall,CA,0.02464210989010989,91
2001,spring,CA,0.04458446739130434,92
2001,summer,CA,0.04078182608695652,92
2001,winter,CA,0.036207977777777775,90
2001,fall,CO,0.05664701098901098,91
2001,spring,CO,0.0907394456521739,92
2001,summer,CO,0.06250015217391304,92
2001,winter,CO,0.05481202222222223,90
2001,fall,CT,0.0338520989010989,91
2001,spring,CT,0.050769663043478255,92
2001,summer,CT,0.020405478260869567,92
2001,winter,CT,0.03846371111111112,90
2001,fall,DE,0.03201903296703297,91
2001,spring,DE,0.06419682608695651,92
2001,summer,DE,0.015523260869565217,92
2001,winter,DE,0.06948145555555557,90
2001,fall,FL,0.0369495934065934,91
2001,spring,FL,0.043681717391304345,92
2001,summer,FL,0.02260626086956522,92
2001,winter,FL,0.025284011111111112,90
2001,fall,GA,0.012801912087912088,91
2001,spring,GA,0.022539989130434784,92
2001,summer,GA,0.008361760869565218,92
2001,winter,GA,0.014879622222222224,90
2001,fall,IA,0.05932410989010988,91
2001,spring,IA,0.10086409782608696,92
2001,summer,IA,0.03213735869565217,92
2001,winter,IA,0.0753141,90
2001,fall,ID,0.05662217582417583,91
2001,spring,ID,0.06727372826086957,92
2001,summer,ID,0.03578438043478261,92
2001,winter,ID,0.04721363333333334,90
2001,fall,IL,0.05138896703296704,91
2001,spring,IL,0.07740172826086958,92
2001,summer,IL,0.025290847826086954,92
2001,winter,IL,0.0567316,90
2001,fall,IN,0.04892142857142857,91
2001,spring,IN,0.05987370652173913,92
2001,summer,IN,0.01693547826086957,92
2001,winter,IN,0.049030188888888895,90
2001,fall,KS,0.08413571428571429,91
2001,spring,KS,0.11141419565217393,92
2001,summer,KS,0.0674556847826087,92
2001,winter,KS,0.08254413333333334,90
2001,fall,KY,0.02268765934065934,91
2001,spring,KY,0.029665586956521738,92
2001,summer,KY,0.009245717391304349,92
2001,winter,KY,0.027977455555555558,90
2001,fall,LA,0.021503901098901098,91
2001,spring,LA,0.03493785869565218,92
2001,summer,LA,0.014053521739130437,92
2001,winter,LA,0.02951352222222222,90
2001,fall,MA,0.04327213186813187,91
2001,spring,MA,0.05937258695652174,92
2001,summer,MA,0.026196619565217395,92
2001,winter,MA,0.05484262222222222,90
2001,fall,MD,0.02531401098901099,91
2001,spring,MD,0.05736186956521738,92
2001,summer,MD,0.016373250000000002,92
2001,winter,MD,0.049557788888888885,90
2001,fall,ME,0.02442552747252747,91
2001,spring,ME,0.04153094565217391,92
2001,summer,ME,0.01610442391304348,92
2001,winter,ME,0.0333166,90
2001,fall,MI,0.04790583516483516,91
2001,spring,MI,0.04761304347826087,92
2001,summer,MI,0.020236695652173915,92
2001,winter,MI,0.04964347777777777,90
2001,fall,MN,0.05367943956043956,91
2001,spring,MN,0.07066109782608695,92
2001,summer,MN,0.03567989130434783,92
2001,winter,MN,0.05886583333333333,90
2001,fall,MO,0.041705109890109886,91
2001,spring,MO,0.06650763043478261,92
2001,summer,MO,0.02337616304347826,92
2001,winter,MO,0.04751299999999999,90
2001,fall,MS,0.014123406593406593,91
2001,spring,MS,0.020231141304347822,92
2001,summer,MS,0.00847495652173913,92
2001,winter,MS,0.02147533333333333,90
2001,fall,MT,0.07502667032967034,91
2001,spring,MT,0.09257405434782609,92
2001,summer,MT,0.05166201086956521,92
2001,winter,MT,0.07647497777777779,90
2001,fall,NC,0.011667417582417584,91
2001,spring,NC,0.028894923913043477,92
2001,summer,NC,0.01115507608695652,92
2001,winter,NC,0.01961441111111111,90
2001,fall,ND,0.08915103296703296,91
2001,spring,ND,0.12135104347826087,92
2001,summer,ND,0.056569521739130435,92
2001,winter,ND,0.10688126666666668,90
2001,fall,NE,0.07155338461538462,91
2001,spring,NE,0.10874229347826088,92
2001,summer,NE,0.05720457608695652,92
2001,winter,NE,0.07958018888888889,90
2001,fall,NH,0.015896395604395607,91
2001,spring,NH,0.0252306847826087,92
2001,summer,NH,0.010416434782608697,92
2001,winter,NH,0.01953178888888889,90
2001,fall,NJ,0.026971065934065928,91
2001,spring,NJ,0.04463846739130435,92
2001,summer,NJ,0.017197565217391304,92
2001,winter,NJ,0.03934954444444444,90
2001,fall,NM,0.06320746153846155,91
2001,spring,NM,0.10738766304347826,92
2001,summer,NM,0.057570119565217404,92
2001,winter,NM,0.07139024444444445,90
2001,fall,NV,0.03130639560439561,91
2001,spring,NV,0.05501232608695652,92
2001,summer,NV,0.05752559782608696,92
2001,winter,NV,0.03913163333333334,90
2001,fall,NY,0.04513883516483516,91
2001,spring,NY,0.0464606304347826,92
2001,summer,NY,0.023137249999999998,92
2001,winter,NY,0.05937946666666666,90
2001,fall,OH,0.044103208791208784,91
2001,spring,OH,0.04650420652173914,92
2001,summer,OH,0.014390021739130435,92
2001,winter,OH,0.04841497777777778,90
2001,fall,OK,0.07126267032967032,91
2001,spring,OK,0.08162526086956523,92
2001,summer,OK,0.04838776086956522,92
2001,winter,OK,0.06348398888888888,90
2001,fall,OR,0.03930017582417583,91
2001,spring,OR,0.03522782608695652,92
2001,summer,OR,0.035575119565217396,92
2001,winter,OR,0.04440808888888889,90
2001,fall,PA,0.029128285714285718,91
2001,spring,PA,0.03499130434782609,92
2001,summer,PA,0.011544510869565216,92
2001,winter,PA,0.04087770000000001,90
2001,fall,RI,0.04928197802197802,91
2001,spring,RI,0.06275383695652173,92
2001,summer,RI,0.03206430434782608,92
2001,winter,RI,0.056792700000000015,90
2001,fall,SC,0.013965208791208791,91
2001,spring,SC,0.03544493478260869,92
2001,summer,SC,0.014892391304347824,92
2001,winter,SC,0.020592244444444442,90
2001,fall,SD,0.1064902087912088,91
2001,spring,SD,0.11748496739130435,92
2001,summer,SD,0.07048803260869564,92
2001,winter,SD,0.10488259999999998,90
2001,fall,TN,0.01722332967032967,91
2001,spring,TN,0.024730369565217392,92
2001,summer,TN,0.007927695652173912,92
2001,winter,TN,0.021943622222222226,90
2001,fall,TX,0.05006240659340659,91
2001,spring,TX,0.07632636956521739,92
2001,summer,TX,0.05017036956521739,92
2001,winter,TX,0.05925378888888889,90
2001,fall,UT,0.03666168131868132,91
2001,spring,UT,0.051685021739130435,92
2001,summer,UT,0.05225151086956522,92
2001,winter,UT,0.03170843333333333,90
2001,fall,VA,0.02043010989010989,91
2001,spring,VA,0.035659565217391304,92
2001,summer,VA,0.01574473913043478,92
2001,winter,VA,0.02930031111111111,90
2001,fall,VT,0.023382032967032965,91
2001,spring,VT,0.020390771739130432,92
2001,summer,VT,0.012915173913043476,92
2001,winter,VT,0.023803388888888888,90
2001,fall,WA,0.033164164835164836,91
2001,spring,WA,0.04212917391304347,92
2001,summer,WA,0.035699304347826095,92
2001,winter,WA,0.029850199999999993,90
2001,fall,WI,0.03953003296703297,91
2001,spring,WI,0.05197211956521739,92
2001,summer,WI,0.02005682608695652,92
2001,winter,WI,0.03780145555555556,90
2001,fall,WV,0.01639296703296703,91
2001,spring,WV,0.02207290217391304,92
2001,summer,WV,0.004392847826086957,92
2001,winter,WV,0.023253099999999995,90
2001,fall,WY,0.061773582417582414,91
2001,spring,WY,0.08287014130434783,92
2001,summer,WY,0.05692119565217392,92
2001,winter,WY,0.06741885555555556,90
2002,fall,AL,0.0160879010989011,91
2002,spring,AL,0.02347708695652174,92
2002,summer,AL,0.007272847826086957,92
2002,winter,AL,0.023395444444444444,90
2002,fall,AR,0.013879263736263739,91
2002,spring,AR,0.03412557608695652,92
2002,summer,AR,0.007022576086956521,92
2002,winter,AR,0.02813584444444444,90
2002,fall,AZ,0.025568142857142862,91
2002,spring,AZ,0.05903395652173913,92
2002,summer,AZ,0.04140395652173913,92
2002,winter,AZ,0.025211166666666666,90
2002,fall,CA,0.027281076923076922,91
2002,spring,CA,0.0578268152173913,92
2002,summer,CA,0.04140406521739131,92
2002,winter,CA,0.03522677777777778,90
2002,fall,CO,0.05655346153846154,91
2002,spring,CO,0.1125375,92
2002,summer,CO,0.08212029347826087,92
2002,winter,CO,0.06094268888888888,90
2002,fall,CT,0.033863681318681324,91
2002,spring,CT,0.042758913043478265,92
2002,summer,CT,0.018110978260869565,92
2002,winter,CT,0.04052616666666667,90
2002,fall,DE,0.043209967032967034,91
2002,spring,DE,0.06975292391304348,92
2002,summer,DE,0.023661206521739135,92
2002,winter,DE,0.08451531111111112,90
2002,fall,FL,0.027564725274725272,91
2002,spring,FL,0.060153554347826085,92
2002,summer,FL,0.023728695652173913,92
2002,winter,FL,0.03459141111111111,90
2002,fall,GA,0.010061439560439561,91
2002,spring,GA,0.01565444565217391,92
2002,summer,GA,0.007685695652173913,92
2002,winter,GA,0.017550655555555558,90
2002,fall,IA,0.04477618681318682,91
2002,spring,IA,0.11738583695652174,92
2002,summer,IA,0.033740043478260866,92
2002,winter,IA,0.08124980000000001,90
2002,fall,ID,0.027578142857142857,91
2002,spring,ID,0.0797616956521739,92
2002,summer,ID,0.03580976086956522,92
2002,winter,ID,0.06713832222222223,90
2002,fall,IL,0.026856978021978024,91
2002,spring,IL,0.08017209782608696,92
2002,summer,IL,0.015982739130434784,92
2002,winter,IL,0.06226128888888889,90
2002,fall,IN,0.03485301098901098,91
2002,spring,IN,0.06810794565217392,92
2002,summer,IN,0.01804391304347826,92
2002,winter,IN,0.06572344444444445,90
2002,fall,KS,0.06106802197802198,91
2002,spring,KS,0.14777014130434782,92
2002,summer,KS,0.08724590217391305,92
2002,winter,KS,0.08459232222222222,90
2002,fall,KY,0.019340604395604397,91
2002,spring,KY,0.0344806847826087,92
2002,summer,KY,0.01000145652173913,92
2002,winter,KY,0.03270086666666667,90
2002,fall,LA,0.025028912087912088,91
2002,spring,LA,0.04105152173913044,92
2002,summer,LA,0.009916434782608697,92
2002,winter,LA,0.037189266666666665,90
2002,fall,MA,0.048378527472527466,91
2002,spring,MA,0.06174401086956521,92
2002,summer,MA,0.02907211956521739,92
2002,winter,MA,0.06589385555555556,90
2002,fall,MD,0.03091564835164835,91
2002,spring,MD,0.04536813043478261,92
2002,summer,MD,0.019067597826086958,92
2002,winter,MD,0.05265408888888889,90
2002,fall,ME,0.02465176923076923,91
2002,spring,ME,0.04361553260869565,92
2002,summer,ME,0.018352989130434785,92
2002,winter,ME,0.034439844444444444,90
2002,fall,MI,0.03133224175824176,91
2002,spring,MI,0.06214373913043477,92
2002,summer,MI,0.018389586956521736,92
2002,winter,MI,0.058658622222222234,90
2002,fall,MN,0.03970516483516484,91
2002,spring,MN,0.08089642391304346,92
2002,summer,MN,0.03521981521739131,92
2002,winter,MN,0.05803597777777778,90
2002,fall,MO,0.02751916483516484,91
2002,spring,MO,0.06999025,92
2002,summer,MO,0.021178423913043476,92
2002,winter,MO,0.054720288888888885,90
2002,fall,MS,0.015889989010989012,91
2002,spring,MS,0.030045684782608696,92
2002,summer,MS,0.007417456521739131,92
2002,winter,MS,0.025496366666666666,90
2002,fall,MT,0.06850941758241759,91
2002,spring,MT,0.10185422826086957,92
2002,summer,MT,0.06065195652173912,92
2002,winter,MT,0.10272984444444444,90
2002,fall,NC,0.015654703296703296,91
2002,spring,NC,0.0336325,92
2002,summer,NC,0.014599467391304344,92
2002,winter,NC,0.0270602,90
2002,fall,ND,0.08661554945054947,91
2002,spring,ND,0.13766629347826087,92
2002,summer,ND,0.06986053260869565,92
2002,winter,ND,0.11050559999999998,90
2002,fall,NE,0.0544114065934066,91
2002,spring,NE,0.11459178260869565,92
2002,summer,NE,0.06672341304347826,92
2002,winter,NE,0.07817247777777778,90
2002,fall,NH,0.010886604395604396,91
2002,spring,NH,0.018784750000000006,92
2002,summer,NH,0.007280815217391302,92
2002,winter,NH,0.01455323333333333,90
2002,fall,NJ,0.024735450549450547,91
2002,spring,NJ,0.0424074347826087,92
2002,summer,NJ,0.016826141304347828,92
2002,winter,NJ,0.04382175555555556,90
2002,fall,NM,0.06002748351648352,91
2002,spring,NM,0.12923795652173914,92
2002,summer,NM,0.06845992391304348,92
2002,winter,NM,0.07896782222222222,90
2002,fall,NV,0.032454879120879125,91
2002,spring,NV,0.06056793478260869,92
2002,summer,NV,0.04570211956521739,92
2002,winter,NV,0.042491433333333335,90
2002,fall,NY,0.03746896703296704,91
2002,spring,NY,0.06378213043478262,92
2002,summer,NY,0.02196061956521739,92
2002,winter,NY,0.07108806666666667,90
2002,fall,OH,0.034417604395604394,91
2002,spring,OH,0.0795954456521739,92
2002,summer,OH,0.020179978260869563,92
2002,winter,OH,0.07352246666666666,90
2002,fall,OK,0.032389,91
2002,spring,OK,0.09832570652173912,92
2002,summer,OK,0.03675119565217392,92
2002,winter,OK,0.07373374444444444,90
2002,fall,OR,0.02430169230769231,91
2002,spring,OR,0.04173719565217391,92
2002,summer,OR,0.03351711956521739,92
2002,winter,OR,0.054346566666666665,90
2002,fall,PA,0.022367703296703293,91
2002,spring,PA,0.04543952173913043,92
2002,summer,PA,0.012084402173913043,92
2002,winter,PA,0.048681722222222217,90
2002,fall,RI,0.04072830769230769,91
2002,spring,RI,0.04608285869565217,92
2002,summer,RI,0.024317434782608692,92
2002,winter,RI,0.049122099999999995,90
2002,fall,SC,0.011027582417582416,91
2002,spring,SC,0.02384627173913043,92
2002,summer,SC,0.013260391304347826,92
2002,winter,SC,0.02340895555555555,90
2002,fall,SD,0.09020828571428571,91
2002,spring,SD,0.1437389891304348,92
2002,summer,SD,0.09217802173913044,92
2002,winter,SD,0.1116883,90
2002,fall,TN,0.015165450549450551,91
2002,spring,TN,0.030629010869565217,92
2002,summer,TN,0.007910423913043477,92
2002,winter,TN,0.02566708888888889,90
2002,fall,TX,0.03820793406593407,91
2002,spring,TX,0.1029185,92
2002,summer,TX,0.04836658695652174,92
2002,winter,TX,0.07049667777777777,90
2002,fall,UT,0.027240219780219777,91
2002,spring,UT,0.05947975,92
2002,summer,UT,0.04347834782608695,92
2002,winter,UT,0.034937166666666665,90
2002,fall,VA,0.020516637362637365,91
2002,spring,VA,0.0343206956521739,92
2002,summer,VA,0.015377717391304349,92
2002,winter,VA,0.03923853333333333,90
2002,fall,VT,0.01933512087912088,91
2002,spring,VT,0.034322652173913046,92
2002,summer,VT,0.010445978260869565,92
2002,winter,VT,0.030785377777777775,90
2002,fall,WA,0.020757164835164835,91
2002,spring,WA,0.052040586956521744,92
2002,summer,WA,0.03899651086956522,92
2002,winter,WA,0.0366261,90
2002,fall,WI,0.02477008791208791,91
2002,spring,WI,0.05871941304347827,92
2002,summer,WI,0.017740978260869563,92
2002,winter,WI,0.04279352222222222,90
2002,fall,WV,0.011382813186813188,91
2002,spring,WV,0.02745554347826087,92
2002,summer,WV,0.004956978260869565,92
2002,winter,WV,0.03157088888888889,90
2002,fall,WY,0.0568611098901099,91
2002,spring,WY,0.11111197826086956,92
2002,summer,WY,0.06354751086956523,92
2002,winter,WY,0.09790150000000002,90
2003,fall,AL,0.011472164835164837,91
2003,spring,AL,0.01822538043478261,92
2003,summer,AL,0.007605391304347827,92
2003,winter,AL,0.024532211111111108,90
2003,fall,AR,0.01700843956043956,91
2003,spring,AR,0.03136477173913043,92
2003,summer,AR,0.007812271739130434,92
2003,winter,AR,0.029185499999999996,90
2003,fall,AZ,0.023747285714285714,91
2003,spring,AZ,0.051277336956521744,92
2003,summer,AZ,0.036334141304347825,92
2003,winter,AZ,0.02462872222222222,90
2003,fall,CA,0.023509351648351644,91
2003,spring,CA,0.05370542391304349,92
2003,summer,CA,0.034845934782608695,92
2003,winter,CA,0.028518188888888886,90
2003,fall,CO,0.05253213186813187,91
2003,spring,CO,0.1118604891304348,92
2003,summer,CO,0.05631397826086957,92
2003,winter,CO,0.05642573333333333,90
2003,fall,CT,0.03864364835164835,91
2003,spring,CT,0.03542516304347826,92
2003,summer,CT,0.012305706521739129,92
2003,winter,CT,0.05774893333333334,90
2003,fall,DE,0.06095567032967032,91
2003,spring,DE,0.05885915217391304,92
2003,summer,DE,0.014829717391304348,92
2003,winter,DE,0.10468012222222221,90
2003,fall,FL,0.02677520879120879,91
2003,spring,FL,0.028337249999999994,92
2003,summer,FL,0.020743228260869565,92
2003,winter,FL,0.03182826666666667,90
2003,fall,GA,0.009192307692307692,91
2003,spring,GA,0.012407445652173912,92
2003,summer,GA,0.005401260869565218,92
2003,winter,GA,0.021373911111111116,90
2003,fall,IA,0.05640428571428571,91
2003,spring,IA,0.08766339130434782,92
2003,summer,IA,0.027387010869565215,92
2003,winter,IA,0.08982736666666666,90
2003,fall,ID,0.044378252747252746,91
2003,spring,ID,0.06502252173913044,92
2003,summer,ID,0.029363358695652184,92
2003,winter,ID,0.044826333333333336,90
2003,fall,IL,0.02969642857142857,91
2003,spring,IL,0.052330423913043475,92
2003,summer,IL,0.01424791304347826,92
2003,winter,IL,0.05499117777777778,90
2003,fall,IN,0.03986730769230769,91
2003,spring,IN,0.06470159782608696,92
2003,summer,IN,0.019156152173913043,92
2003,winter,IN,0.06598151111111111,90
2003,fall,KS,0.06948093406593406,91
2003,spring,KS,0.11130457608695651,92
2003,summer,KS,0.06159319565217392,92
2003,winter,KS,0.07942167777777778,90
2003,fall,KY,0.018275593406593408,91
2003,spring,KY,0.030684021739130433,92
2003,summer,KY,0.008780684782608697,92
2003,winter,KY,0.03171335555555556,90
2003,fall,LA,0.017662857142857143,91
2003,spring,LA,0.02657163043478261,92
2003,summer,LA,0.010529054347826089,92
2003,winter,LA,0.02979446666666666,90
2003,fall,MA,0.04457378021978021,91
2003,spring,MA,0.046088706521739124,92
2003,summer,MA,0.020702152173913045,92
2003,winter,MA,0.08408851111111112,90
2003,fall,MD,0.03983283516483516,91
2003,spring,MD,0.04245379347826087,92
2003,summer,MD,0.01231266304347826,92
2003,winter,MD,0.06419012222222223,90
2003,fall,ME,0.023445747252747253,91
2003,spring,ME,0.02327134782608695,92
2003,summer,ME,0.012465521739130436,92
2003,winter,ME,0.044043033333333335,90
2003,fall,MI,0.04083681318681318,91
2003,spring,MI,0.04707718478260869,92
2003,summer,MI,0.018058097826086954,92
2003,winter,MI,0.05930423333333333,90
2003,fall,MN,0.0510120879120879,91
2003,spring,MN,0.06433013043478261,92
2003,summer,MN,0.023325673913043476,92
2003,winter,MN,0.06070277777777778,90
2003,fall,MO,0.03418281318681319,91
2003,spring,MO,0.060849239130434774,92
2003,summer,MO,0.01936908695652174,92
2003,winter,MO,0.05579323333333334,90
2003,fall,MS,0.013259901098901098,91
2003,spring,MS,0.019879184782608694,92
2003,summer,MS,0.007598369565217392,92
2003,winter,MS,0.02205328888888889,90
2003,fall,MT,0.08337317582417583,91
2003,spring,MT,0.07263632608695651,92
2003,summer,MT,0.0519679347826087,92
2003,winter,MT,0.07589595555555555,90
2003,fall,NC,0.022099263736263735,91
2003,spring,NC,0.02318096739130435,92
2003,summer,NC,0.010759434782608695,92
2003,winter,NC,0.02908928888888889,90
2003,fall,ND,0.09826623076923076,91
2003,spring,ND,0.11604075000000001,92
2003,summer,ND,0.060123,92
2003,winter,ND,0.11190405555555556,90
2003,fall,NE,0.05879614285714286,91
2003,spring,NE,0.09171299999999999,92
2003,summer,NE,0.04493111956521739,92
2003,winter,NE,0.07254528888888889,90
2003,fall,NH,0.011161043956043957,91
2003,spring,NH,0.012541760869565217,92
2003,summer,NH,0.005551478260869565,92
2003,winter,NH,0.020915255555555557,90
2003,fall,NJ,0.03626282417582418,91
2003,spring,NJ,0.037616326086956524,92
2003,summer,NJ,0.012327260869565216,92
2003,winter,NJ,0.05516044444444444,90
2003,fall,NM,0.066218,91
2003,spring,NM,0.1229599891304348,92
2003,summer,NM,0.06370753260869566,92
2003,winter,NM,0.0784809111111111,90
2003,fall,NV,0.02710806593406594,91
2003,spring,NV,0.07019698913043479,92
2003,summer,NV,0.04061822826086957,92
2003,winter,NV,0.030212100000000002,90
2003,fall,NY,0.04981738461538462,91
2003,spring,NY,0.0448345652173913,92
2003,summer,NY,0.01874061956521739,92
2003,winter,NY,0.0744656888888889,90
2003,fall,OH,0.042674000000000004,91
2003,spring,OH,0.05308378260869566,92
2003,summer,OH,0.018460336956521738,92
2003,winter,OH,0.0682331111111111,90
2003,fall,OK,0.049462285714285716,91
2003,spring,OK,0.0709529347826087,92
2003,summer,OK,0.028388391304347827,92
2003,winter,OK,0.07216856666666667,90
2003,fall,OR,0.03136703296703297,91
2003,spring,OR,0.03880695652173913,92
2003,summer,OR,0.028261847826086955,92
2003,winter,OR,0.03396977777777778,90
2003,fall,PA,0.03308624175824176,91
2003,spring,PA,0.031847,92
2003,summer,PA,0.01050733695652174,92
2003,winter,PA,0.05142696666666667,90
2003,fall,RI,0.0356160989010989,91
2003,spring,RI,0.03793294565217391,92
2003,summer,RI,0.015022456521739133,92
2003,winter,RI,0.05933416666666666,90
2003,fall,SC,0.011998582417582416,91
2003,spring,SC,0.017598358695652173,92
2003,summer,SC,0.009620315217391304,92
2003,winter,SC,0.02520253333333333,90
2003,fall,SD,0.09659030769230768,91
2003,spring,SD,0.11654227173913044,92
2003,summer,SD,0.07339196739130435,92
2003,winter,SD,0.10475764444444445,90
2003,fall,TN,0.014079802197802194,91
2003,spring,TN,0.02526894565217391,92
2003,summer,TN,0.008195152173913044,92
2003,winter,TN,0.027662544444444447,90
2003,fall,TX,0.04024741758241758,91
2003,spring,TX,0.07283053260869565,92
2003,summer,TX,0.03821384782608696,92
2003,winter,TX,0.06389131111111111,90
2003,fall,UT,0.032513692307692306,91
2003,spring,UT,0.05929783695652174,92
2003,summer,UT,0.04137316304347826,92
2003,winter,UT,0.029799466666666666,90
2003,fall,VA,0.034845681318681314,91
2003,spring,VA,0.03359072826086956,92
2003,summer,VA,0.013407489130434783,92
2003,winter,VA,0.04053637777777778,90
2003,fall,VT,0.021365021978021974,91
2003,spring,VT,0.021753402173913045,92
2003,summer,VT,0.008178891304347825,92
2003,winter,VT,0.02369971111111111,90
2003,fall,WA,0.03683546153846153,91
2003,spring,WA,0.037666097826086944,92
2003,summer,WA,0.03083748913043478,92
2003,winter,WA,0.020616555555555555,90
2003,fall,WI,0.030637901098901098,91
2003,spring,WI,0.04798448913043478,92
2003,summer,WI,0.015420130434782608,92
2003,winter,WI,0.041401744444444444,90
2003,fall,WV,0.017392373626373626,91
2003,spring,WV,0.018620663043478262,92
2003,summer,WV,0.005397065217391305,92
2003,winter,WV,0.026505288888888884,90
2003,fall,WY,0.07115231868131869,91
2003,spring,WY,0.09586245652173912,92
2003,summer,WY,0.05023996739130436,92
2003,winter,WY,0.08206292222222221,90
2004,fall,AL,0.019271758241758242,91
2004,spring,AL,0.02087383695652174,92
2004,summer,AL,0.006038978260869565,92
2004,winter,AL,0.022300967032967033,91
2004,fall,AR,0.01572696703296703,91
2004,spring,AR,0.029387434782608697,92
2004,summer,AR,0.008730402173913044,92
2004,winter,AR,0.026831054945054944,91
2004,fall,AZ,0.029589340659340657,91
2004,spring,AZ,0.04533501086956522,92
2004,summer,AZ,0.03527740217391305,92
2004,winter,AZ,0.02236069230769231,91
2004,fall,CA,0.028455824175824176,91
2004,spring,CA,0.04481165217391306,92
2004,summer,CA,0.038463815217391305,92
2004,winter,CA,0.0348286043956044,91
2004,fall,CO,0.05635216483516484,91
2004,spring,CO,0.09251982608695652,92
2004,summer,CO,0.05804305434782609,92
2004,winter,CO,0.05041803296703297,91
2004,fall,CT,0.031840670329670334,91
2004,spring,CT,0.03948393478260869,92
2004,summer,CT,0.021077478260869566,92
2004,winter,CT,0.05142728571428571,91
2004,fall,DE,0.03968697802197802,91
2004,spring,DE,0.06820144565217393,92
2004,summer,DE,0.02787078260869565,92
2004,winter,DE,0.08197764835164836,91
2004,fall,FL,0.05288081318681318,91
2004,spring,FL,0.04369439130434783,92
2004,summer,FL,0.019478239130434786,92
2004,winter,FL,0.03463424175824175,91
2004,fall,GA,0.0349272967032967,91
2004,spring,GA,0.015710369565217392,92
2004,summer,GA,0.009751902173913042,92
2004,winter,GA,0.022999021978021977,91
2004,fall,IA,0.04615331868131869,91
2004,spring,IA,0.10777607608695652,92
2004,summer,IA,0.023222152173913043,92
2004,winter,IA,0.08352140659340661,91
2004,fall,ID,0.0235948021978022,91
2004,spring,ID,0.05106188043478261,92
2004,summer,ID,0.025729271739130435,92
2004,winter,ID,0.04243916483516483,91
2004,fall,IL,0.02796331868131868,91
2004,spring,IL,0.06420635869565218,92
2004,summer,IL,0.013285326086956525,92
2004,winter,IL,0.052809879120879116,91
2004,fall,IN,0.033035999999999996,91
2004,spring,IN,0.0818593043478261,92
2004,summer,IN,0.019408565217391302,92
2004,winter,IN,0.06802282417582417,91
2004,fall,KS,0.07314880219780219,91
2004,spring,KS,0.12157917391304347,92
2004,summer,KS,0.05412376086956522,92
2004,winter,KS,0.07435632967032968,91
2004,fall,KY,0.01450913186813187,91
2004,spring,KY,0.028842336956521743,92
2004,summer,KY,0.009277336956521737,92
2004,winter,KY,0.0337782967032967,91
2004,fall,LA,0.023891978021978025,91
2004,spring,LA,0.02578434782608696,92
2004,summer,LA,0.011222630434782608,92
2004,winter,LA,0.028770626373626373,91
2004,fall,MA,0.03228132967032967,91
2004,spring,MA,0.051585826086956534,92
2004,summer,MA,0.019002945652173912,92
2004,winter,MA,0.061237999999999994,91
2004,fall,MD,0.022661714285714285,91
2004,spring,MD,0.042438445652173924,92
2004,summer,MD,0.014413456521739131,92
2004,winter,MD,0.051444505494505494,91
2004,fall,ME,0.02064352747252747,91
2004,spring,ME,0.03157392391304348,92
2004,summer,ME,0.010951576086956523,92
2004,winter,ME,0.03870612087912088,91
2004,fall,MI,0.036453769230769234,91
2004,spring,MI,0.056463206521739126,92
2004,summer,MI,0.021672347826086957,92
2004,winter,MI,0.057394648351648356,91
2004,fall,MN,0.04604256043956045,91
2004,spring,MN,0.0762051956521739,92
2004,summer,MN,0.02798325,92
2004,winter,MN,0.062459923076923086,91
2004,fall,MO,0.028206428571428573,91
2004,spring,MO,0.0702736304347826,92
2004,summer,MO,0.02133047826086957,92
2004,winter,MO,0.05165569230769231,91
2004,fall,MS,0.01666531868131868,91
2004,spring,MS,0.020601043478260864,92
2004,summer,MS,0.010123989130434784,92
2004,winter,MS,0.019236934065934068,91
2004,fall,MT,0.0565524945054945,91
2004,spring,MT,0.09236579347826086,92
2004,summer,MT,0.04921021739130436,92
2004,winter,MT,0.09046608791208792,91
2004,fall,NC,0.014159956043956045,91
2004,spring,NC,0.02474022826086956,92
2004,summer,NC,0.008631391304347827,92
2004,winter,NC,0.03030671428571429,91
2004,fall,ND,0.07048515384615384,91
2004,spring,ND,0.1499154891304348,92
2004,summer,ND,0.06254367391304348,92
2004,winter,ND,0.11333472527472528,91
2004,fall,NE,0.06328270329670328,91
2004,spring,NE,0.09548809782608698,92
2004,summer,NE,0.0367585,92
2004,winter,NE,0.05965740659340659,91
2004,fall,NH,0.00931221978021978,91
2004,spring,NH,0.017857891304347822,92
2004,summer,NH,0.004849271739130434,92
2004,winter,NH,0.020365032967032966,91
2004,fall,NJ,0.02128297802197802,91
2004,spring,NJ,0.03657632608695652,92
2004,summer,NJ,0.011530489130434784,92
2004,winter,NJ,0.047700241758241765,91
2004,fall,NM,0.05760616483516484,91
2004,spring,NM,0.09018996739130436,92
2004,summer,NM,0.053614293478260876,92
2004,winter,NM,0.06337845054945056,91
2004,fall,NV,0.04111437362637362,91
2004,spring,NV,0.05608015217391305,92
2004,summer,NV,0.04487126086956522,92
2004,winter,NV,0.03901382417582419,91
2004,fall,NY,0.03453681318681319,91
2004,spring,NY,0.05200255434782609,92
2004,summer,NY,0.01937569565217391,92
2004,winter,NY,0.07404794505494507,91
2004,fall,OH,0.03311196703296703,91
2004,spring,OH,0.06352152173913042,92
2004,summer,OH,0.01978746739130435,92
2004,winter,OH,0.07258999999999999,91
2004,fall,OK,0.03360376923076922,91
2004,spring,OK,0.07743863043478261,92
2004,summer,OK,0.028611826086956522,92
2004,winter,OK,0.05754149450549452,91
2004,fall,OR,0.019318219780219782,91
2004,spring,OR,0.030797576086956525,92
2004,summer,OR,0.024026880434782606,92
2004,winter,OR,0.03334684615384615,91
2004,fall,PA,0.02018323076923077,91
2004,spring,PA,0.035456815217391295,92
2004,summer,PA,0.009056989130434784,92
2004,winter,PA,0.05032137362637363,91
2004,fall,RI,0.02873852747252748,91
2004,spring,RI,0.04097332608695652,92
2004,summer,RI,0.016428,92
2004,winter,RI,0.04591461538461539,91
2004,fall,SC,0.01668897802197802,91
2004,spring,SC,0.020743510869565215,92
2004,summer,SC,0.010898010869565216,92
2004,winter,SC,0.02319693406593407,91
2004,fall,SD,0.08808001098901097,91
2004,spring,SD,0.14472296739130436,92
2004,summer,SD,0.0635153152173913,92
2004,winter,SD,0.1042603846153846,91
2004,fall,TN,0.014312021978021975,91
2004,spring,TN,0.024694576086956525,92
2004,summer,TN,0.007082826086956521,92
2004,winter,TN,0.025037626373626377,91
2004,fall,TX,0.03708937362637363,91
2004,spring,TX,0.06953622826086957,92
2004,summer,TX,0.038327586956521734,92
2004,winter,TX,0.05418865934065935,91
2004,fall,UT,0.04295842857142857,91
2004,spring,UT,0.05692980434782609,92
2004,summer,UT,0.05249131521739131,92
2004,winter,UT,0.030614219780219783,91
2004,fall,VA,0.017174329670329672,91
2004,spring,VA,0.03612001086956521,92
2004,summer,VA,0.011121717391304348,92
2004,winter,VA,0.03724654945054945,91
2004,fall,VT,0.016107604395604394,91
2004,spring,VT,0.026519445652173915,92
2004,summer,VT,0.008427304347826087,92
2004,winter,VT,0.025872340659340663,91
2004,fall,WA,0.020095472527472527,91
2004,spring,WA,0.03795982608695653,92
2004,summer,WA,0.029137445652173913,92
2004,winter,WA,0.020151582417582414,91
2004,fall,WI,0.02810517582417582,91
2004,spring,WI,0.05190057608695652,92
2004,summer,WI,0.017629434782608696,92
2004,winter,WI,0.040970109890109886,91
2004,fall,WV,0.009505307692307693,91
2004,spring,WV,0.017447760869565218,92
2004,summer,WV,0.004472945652173914,92
2004,winter,WV,0.026429967032967034,91
2004,fall,WY,0.05412801098901099,91
2004,spring,WY,0.10032725,92
2004,summer,WY,0.05874698913043478,92
2004,winter,WY,0.0772603956043956,91
2005,fall,AL,0.012979505494505498,91
2005,spring,AL,0.021413402173913042,92
2005,summer,AL,0.014094282608695656,92
2005,winter,AL,0.019594933333333335,90
2005,fall,AR,0.020694318681318682,91
2005,spring,AR,0.026337521739130433,92
2005,summer,AR,0.008991271739130434,92
2005,winter,AR,0.0236354,90
2005,fall,AZ,0.022398956043956048,91
2005,spring,AZ,0.04507621739130435,92
2005,summer,AZ,0.03062732608695653,92
2005,winter,AZ,0.01857557777777778,90
2005,fall,CA,0.023357505494505493,91
2005,spring,CA,0.03929946739130435,92
2005,summer,CA,0.0304180652173913,92
2005,winter,CA,0.025962944444444445,90
2005,fall,CO,0.06702449450549451,91
2005,spring,CO,0.08001927173913043,92
2005,summer,CO,0.052770717391304345,92
2005,winter,CO,0.05646556666666668,90
2005,fall,CT,0.03515203296703297,91
2005,spring,CT,0.048213315217391306,92
2005,summer,CT,0.012249369565217393,92
2005,winter,CT,0.03660806666666667,90
2005,fall,DE,0.04977547252747253,91
2005,spring,DE,0.06556899999999999,92
2005,summer,DE,0.020005108695652172,92
2005,winter,DE,0.061618688888888884,90
2005,fall,FL,0.03556857142857143,91
2005,spring,FL,0.03714996739130435,92
2005,summer,FL,0.028255489130434786,92
2005,winter,FL,0.032209155555555556,90
2005,fall,GA,0.009927604395604396,91
2005,spring,GA,0.018307934782608698,92
2005,summer,GA,0.0066210652173913035,92
2005,winter,GA,0.013828988888888886,90
2005,fall,IA,0.056462263736263736,91
2005,spring,IA,0.08288949999999999,92
2005,summer,IA,0.025611771739130432,92
2005,winter,IA,0.04860124444444445,90
2005,fall,ID,0.023456527472527473,91
2005,spring,ID,0.04013428260869565,92
2005,summer,ID,0.025085108695652173,92
2005,winter,ID,0.02363522222222222,90
2005,fall,IL,0.03972574725274725,91
2005,spring,IL,0.0545718152173913,92
2005,summer,IL,0.012902999999999998,92
2005,winter,IL,0.036400744444444445,90
2005,fall,IN,0.04318623076923077,91
2005,spring,IN,0.05933789130434783,92
2005,summer,IN,0.017780336956521738,92
2005,winter,IN,0.041309088888888894,90
2005,fall,KS,0.08647117582417582,91
2005,spring,KS,0.10654876086956523,92
2005,summer,KS,0.06255313043478263,92
2005,winter,KS,0.053929277777777784,90
2005,fall,KY,0.014432406593406595,91
2005,spring,KY,0.02160286956521739,92
2005,summer,KY,0.008458739130434783,92
2005,winter,KY,0.022104400000000003,90
2005,fall,LA,0.02100625274725275,91
2005,spring,LA,0.023202000000000004,92
2005,summer,LA,0.011795271739130433,92
2005,winter,LA,0.021234322222222223,90
2005,fall,MA,0.04236362637362637,91
2005,spring,MA,0.04920441304347826,92
2005,summer,MA,0.01633794565217391,92
2005,winter,MA,0.04333497777777778,90
2005,fall,MD,0.02932148351648351,91
2005,spring,MD,0.04126647826086957,92
2005,summer,MD,0.011725869565217392,92
2005,winter,MD,0.036395388888888894,90
2005,fall,ME,0.021091934065934063,91
2005,spring,ME,0.03646591304347826,92
2005,summer,ME,0.009532326086956523,92
2005,winter,ME,0.029337744444444445,90
2005,fall,MI,0.0424590989010989,91
2005,spring,MI,0.03434732608695652,92
2005,summer,MI,0.015850239130434783,92
2005,winter,MI,0.03154651111111111,90
2005,fall,MN,0.059023087912087914,91
2005,spring,MN,0.06581369565217392,92
2005,summer,MN,0.03144034782608695,92
2005,winter,MN,0.042316011111111114,90
2005,fall,MO,0.033326494505494506,91
2005,spring,MO,0.05354155434782608,92
2005,summer,MO,0.017734641304347827,92
2005,winter,MO,0.033782811111111116,90
2005,fall,MS,0.02039223076923077,91
2005,spring,MS,0.024345315217391302,92
2005,summer,MS,0.016453652173913043,92
2005,winter,MS,0.02243892222222222,90
2005,fall,MT,0.0679873846153846,91
2005,spring,MT,0.08794466304347826,92
2005,summer,MT,0.050342510869565225,92
2005,winter,MT,0.0819149,90
2005,fall,NC,0.016463857142857145,91
2005,spring,NC,0.03169933695652174,92
2005,summer,NC,0.0056942717391304356,92
2005,winter,NC,0.02081964444444444,90
2005,fall,ND,0.08855772527472527,91
2005,spring,ND,0.12405666304347827,92
2005,summer,ND,0.06383502173913044,92
2005,winter,ND,0.07757331111111111,90
2005,fall,NE,0.0774547142857143,91
2005,spring,NE,0.0971551956521739,92
2005,summer,NE,0.045035076086956526,92
2005,winter,NE,0.05438370000000001,90
2005,fall,NH,0.010926285714285713,91
2005,spring,NH,0.017608739130434783,92
2005,summer,NH,0.00414304347826087,92
2005,winter,NH,0.013223255555555556,90
2005,fall,NJ,0.03073791208791209,91
2005,spring,NJ,0.0383695,92
2005,summer,NJ,0.010265108695652173,92
2005,winter,NJ,0.033740655555555554,90
2005,fall,NM,0.051404384615384616,91
2005,spring,NM,0.08923382608695653,92
2005,summer,NM,0.049393880434782614,92
2005,winter,NM,0.0525433,90
2005,fall,NV,0.03549123076923077,91
2005,spring,NV,0.06000099999999998,92
2005,summer,NV,0.04346053260869565,92
2005,winter,NV,0.02708845555555555,90
2005,fall,NY,0.04657756043956044,91
2005,spring,NY,0.0461123152173913,92
2005,summer,NY,0.01802658695652174,92
2005,winter,NY,0.04633667777777777,90
2005,fall,OH,0.03731735164835165,91
2005,spring,OH,0.050117184782608695,92
2005,summer,OH,0.015838956521739132,92
2005,winter,OH,0.041614599999999995,90
2005,fall,OK,0.05266337362637363,91
2005,spring,OK,0.06847834782608696,92
2005,summer,OK,0.033321141304347816,92
2005,winter,OK,0.03961107777777778,90
2005,fall,OR,0.020160857142857144,91
2005,spring,OR,0.03344194565217391,92
2005,summer,OR,0.026803097826086957,92
2005,winter,OR,0.030865300000000002,90
2005,fall,PA,0.02665396703296703,91
2005,spring,PA,0.03233003260869565,92
2005,summer,PA,0.00835554347826087,92
2005,winter,PA,0.03250784444444444,90
2005,fall,RI,0.03777145054945055,91
2005,spring,RI,0.05215834782608695,92
2005,summer,RI,0.01800123913043478,92
2005,winter,RI,0.039502211111111116,90
2005,fall,SC,0.014652593406593407,91
2005,spring,SC,0.032504336956521745,92
2005,summer,SC,0.008690913043478262,92
2005,winter,SC,0.018704988888888892,90
2005,fall,SD,0.0940387912087912,91
2005,spring,SD,0.1257623913043478,92
2005,summer,SD,0.0675600652173913,92
2005,winter,SD,0.08069632222222221,90
2005,fall,TN,0.012967538461538463,91
2005,spring,TN,0.021235217391304347,92
2005,summer,TN,0.00910617391304348,92
2005,winter,TN,0.018265455555555556,90
2005,fall,TX,0.035879890109890115,91
2005,spring,TX,0.05847469565217391,92
2005,summer,TX,0.032483,92
2005,winter,TX,0.04073218888888889,90
2005,fall,UT,0.039716219780219775,91
2005,spring,UT,0.06301339130434781,92
2005,summer,UT,0.04852560869565218,92
2005,winter,UT,0.03521004444444445,90
2005,fall,VA,0.020582813186813185,91
2005,spring,VA,0.03407983695652174,92
2005,summer,VA,0.008140434782608697,92
2005,winter,VA,0.026445822222222217,90
2005,fall,VT,0.021557802197802196,91
2005,spring,VT,0.01996766304347826,92
2005,summer,VT,0.007155206521739131,92
2005,winter,VT,0.021719422222222225,90
2005,fall,WA,0.018704417582417577,91
2005,spring,WA,0.03228715217391304,92
2005,summer,WA,0.0276778152173913,92
2005,winter,WA,0.018222999999999996,90
2005,fall,WI,0.03235887912087912,91
2005,spring,WI,0.03328660869565217,92
2005,summer,WI,0.016878141304347827,92
2005,winter,WI,0.021161611111111114,90
2005,fall,WV,0.011881549450549448,91
2005,spring,WV,0.01746591304347826,92
2005,summer,WV,0.004302228260869566,92
2005,winter,WV,0.017734188888888888,90
2005,fall,WY,0.06509518681318681,91
2005,spring,WY,0.08515268478260869,92
2005,summer,WY,0.05351366304347826,92
2005,winter,WY,0.06585070000000001,90
2006,fall,AL,0.011056813186813187,91
2006,spring,AL,0.020519228260869563,92
2006,summer,AL,0.005992641304347826,92
2006,winter,AL,0.021017744444444444,90
2006,fall,AR,0.020876010989010988,91
2006,spring,AR,0.03769969565217391,92
2006,summer,AR,0.010929032608695653,92
2006,winter,AR,0.039437855555555554,90
2006,fall,AZ,0.030321824175824175,91
2006,spring,AZ,0.056269913043478274,92
2006,summer,AZ,0.03650896739130435,92
2006,winter,AZ,0.03758366666666667,90
2006,fall,CA,0.024481461538461542,91
2006,spring,CA,0.040534293478260874,92
2006,summer,CA,0.028476108695652175,92
2006,winter,CA,0.03304392222222222,90
2006,fall,CO,0.050992450549450556,91
2006,spring,CO,0.08349167391304348,92
2006,summer,CO,0.04331482608695652,92
2006,winter,CO,0.07549501111111111,90
2006,fall,CT,0.02821136263736264,91
2006,spring,CT,0.03479767391304348,92
2006,summer,CT,0.013555597826086957,92
2006,winter,CT,0.04046600000000001,90
2006,fall,DE,0.048241648351648354,91
2006,spring,DE,0.05614489130434781,92
2006,summer,DE,0.024139326086956524,92
2006,winter,DE,0.06364107777777778,90
2006,fall,FL,0.023796175824175828,91
2006,spring,FL,0.03391664130434782,92
2006,summer,FL,0.020688521739130435,92
2006,winter,FL,0.037108722222222223,90
2006,fall,GA,0.009044142857142858,91
2006,spring,GA,0.015364913043478258,92
2006,summer,GA,0.005997815217391304,92
2006,winter,GA,0.01586711111111111,90
2006,fall,IA,0.047440318681318684,91
2006,spring,IA,0.0981428695652174,92
2006,summer,IA,0.023158489130434782,92
2006,winter,IA,0.06966293333333333,90
2006,fall,ID,0.031067912087912087,91
2006,spring,ID,0.04378270652173913,92
2006,summer,ID,0.02495067391304348,92
2006,winter,ID,0.040954866666666666,90
2006,fall,IL,0.03389073626373626,91
2006,spring,IL,0.06321689130434782,92
2006,summer,IL,0.01395903260869565,92
2006,winter,IL,0.056608533333333336,90
2006,fall,IN,0.031124065934065928,91
2006,spring,IN,0.054399923913043484,92
2006,summer,IN,0.013826260869565218,92
2006,winter,IN,0.06106959999999999,90
2006,fall,KS,0.07798686813186813,91
2006,spring,KS,0.12027373913043476,92
2006,summer,KS,0.061516228260869575,92
2006,winter,KS,0.08049758888888889,90
2006,fall,KY,0.012666428571428573,91
2006,spring,KY,0.025595293478260867,92
2006,summer,KY,0.007921673913043478,92
2006,winter,KY,0.032748533333333336,90
2006,fall,LA,0.01938324175824176,91
2006,spring,LA,0.027076717391304347,92
2006,summer,LA,0.0064557608695652155,92
2006,winter,LA,0.030075066666666667,90
2006,fall,MA,0.03725463736263736,91
2006,spring,MA,0.053115532608695656,92
2006,summer,MA,0.02382976086956522,92
2006,winter,MA,0.06901120000000001,90
2006,fall,MD,0.02848587912087912,91
2006,spring,MD,0.041365717391304346,92
2006,summer,MD,0.012678108695652175,92
2006,winter,MD,0.04937358888888888,90
2006,fall,ME,0.019809725274725277,91
2006,spring,ME,0.030050326086956524,92
2006,summer,ME,0.010414934782608696,92
2006,winter,ME,0.033892288888888886,90
2006,fall,MI,0.02753467032967033,91
2006,spring,MI,0.04001175,92
2006,summer,MI,0.015151760869565217,92
2006,winter,MI,0.04809906666666666,90
2006,fall,MN,0.04714259340659342,91
2006,spring,MN,0.06183598913043478,92
2006,summer,MN,0.024181967391304352,92
2006,winter,MN,0.048670211111111104,90
2006,fall,MO,0.032680373626373625,91
2006,spring,MO,0.058619315217391305,92
2006,summer,MO,0.018409065217391305,92
2006,winter,MO,0.0489769,90
2006,fall,MS,0.017866285714285713,91
2006,spring,MS,0.02710216304347826,92
2006,summer,MS,0.008342826086956523,92
2006,winter,MS,0.029888277777777774,90
2006,fall,MT,0.07824762637362637,91
2006,spring,MT,0.08249120652173912,92
2006,summer,MT,0.05307741304347826,92
2006,winter,MT,0.11080384444444447,90
2006,fall,NC,0.016889813186813186,91
2006,spring,NC,0.021927815217391303,92
2006,summer,NC,0.00806125,92
2006,winter,NC,0.023270844444444445,90
2006,fall,ND,0.08411285714285714,91
2006,spring,ND,0.09663953260869566,92
2006,summer,ND,0.05918842391304348,92
2006,winter,ND,0.08933325555555555,90
2006,fall,NE,0.06588884615384615,91
2006,spring,NE,0.1241100108695652,92
2006,summer,NE,0.04770027173913043,92
2006,winter,NE,0.08146471111111112,90
2006,fall,NH,0.05093696703296704,91
2006,spring,NH,0.05661473913043477,92
2006,summer,NH,0.04544120652173913,92
2006,winter,NH,0.05431836666666667,90
2006,fall,NJ,0.027698967032967037,91
2006,spring,NJ,0.03892377173913043,92
2006,summer,NJ,0.014300554347826084,92
2006,winter,NJ,0.04646816666666667,90
2006,fall,NM,0.04967614285714284,91
2006,spring,NM,0.10431164130434784,92
2006,summer,NM,0.04590998913043479,92
2006,winter,NM,0.07164977777777778,90
2006,fall,NV,0.03613265934065934,91
2006,spring,NV,0.07049466304347826,92
2006,summer,NV,0.04603819565217391,92
2006,winter,NV,0.03768041111111112,90
2006,fall,NY,0.03316852747252748,91
2006,spring,NY,0.04766378260869566,92
2006,summer,NY,0.01983661956521739,92
2006,winter,NY,0.06765162222222222,90
2006,fall,OH,0.030618,91
2006,spring,OH,0.04656843478260869,92
2006,summer,OH,0.014581999999999998,92
2006,winter,OH,0.06731574444444444,90
2006,fall,OK,0.05602027472527472,91
2006,spring,OK,0.08347255434782609,92
2006,summer,OK,0.03899298913043478,92
2006,winter,OK,0.07021253333333334,90
2006,fall,OR,0.031708109890109894,91
2006,spring,OR,0.03651058695652174,92
2006,summer,OR,0.024083434782608694,92
2006,winter,OR,0.05322555555555555,90
2006,fall,PA,0.02345676923076923,91
2006,spring,PA,0.035919228260869566,92
2006,summer,PA,0.011307402173913043,92
2006,winter,PA,0.05200895555555555,90
2006,fall,RI,0.03218418681318682,91
2006,spring,RI,0.03926942391304348,92
2006,summer,RI,0.018941989130434784,92
2006,winter,RI,0.04714405555555556,90
2006,fall,SC,0.01196868131868132,91
2006,spring,SC,0.02362445652173913,92
2006,summer,SC,0.010678684782608696,92
2006,winter,SC,0.021481911111111113,90
2006,fall,SD,0.08828834065934066,91
2006,spring,SD,0.12820502173913043,92
2006,summer,SD,0.069045,92
2006,winter,SD,0.08616077777777777,90
2006,fall,TN,0.012203989010989008,91
2006,spring,TN,0.026405532608695652,92
2006,summer,TN,0.0072392173913043475,92
2006,winter,TN,0.02723061111111111,90
2006,fall,TX,0.04249563736263737,91
2006,spring,TX,0.0732858152173913,92
2006,summer,TX,0.03475561956521739,92
2006,winter,TX,0.05959986666666667,90
2006,fall,UT,0.03469798901098901,91
2006,spring,UT,0.058267369565217386,92
2006,summer,UT,0.04241028260869566,92
2006,winter,UT,0.030537377777777777,90
2006,fall,VA,0.02579616483516484,91
2006,spring,VA,0.031139630434782614,92
2006,summer,VA,0.009795489130434782,92
2006,winter,VA,0.03668135555555555,90
2006,fall,VT,0.01690943956043956,91
2006,spring,VT,0.022992565217391302,92
2006,summer,VT,0.007064663043478262,92
2006,winter,VT,0.02830096666666666,90
2006,fall,WA,0.029135296703296707,91
2006,spring,WA,0.03227972826086956,92
2006,summer,WA,0.024125793478260864,92
2006,winter,WA,0.04469628888888888,90
2006,fall,WI,0.025809571428571425,91
2006,spring,WI,0.03997610869565218,92
2006,summer,WI,0.013761130434782607,92
2006,winter,WI,0.03270357777777778,90
2006,fall,WV,0.010110912087912089,91
2006,spring,WV,0.020299065217391304,92
2006,summer,WV,0.004108967391304348,92
2006,winter,WV,0.02833101111111111,90
2006,fall,WY,0.07490776923076924,91
2006,spring,WY,0.09214878260869566,92
2006,summer,WY,0.05065107608695652,92
2006,winter,WY,0.10231681111111113,90
2007,fall,AL,0.008006439560439562,91
2007,spring,AL,0.01469284782608696,92
2007,summer,AL,0.006025641304347826,92
2007,winter,AL,0.01583597777777778,90
2007,fall,AR,0.014840824175824177,91
2007,spring,AR,0.026684239130434783,92
2007,summer,AR,0.009751684782608693,92
2007,winter,AR,0.03216633333333333,90
2007,fall,AZ,0.03132512087912088,91
2007,spring,AZ,0.04912855434782609,92
2007,summer,AZ,0.035484891304347836,92
2007,winter,AZ,0.04071772222222222,90
2007,fall,CA,0.02715565934065934,91
2007,spring,CA,0.04426747826086956,92
2007,summer,CA,0.03489861956521739,92
2007,winter,CA,0.034999444444444444,90
2007,fall,CO,0.05650164835164836,91
2007,spring,CO,0.06610333695652174,92
2007,summer,CO,0.04187602173913043,92
2007,winter,CO,0.06621427777777779,90
2007,fall,CT,0.018931802197802196,91
2007,spring,CT,0.039426749999999997,92
2007,summer,CT,0.012690956521739129,92
2007,winter,CT,0.03950736666666666,90
2007,fall,DE,0.029187329670329665,91
2007,spring,DE,0.06517442391304347,92
2007,summer,DE,0.02097545652173913,92
2007,winter,DE,0.0662965888888889,90
2007,fall,FL,0.028093483516483515,91
2007,spring,FL,0.04112117391304348,92
2007,summer,FL,0.01803888043478261,92
2007,winter,FL,0.023568511111111117,90
2007,fall,GA,0.008010670329670332,91
2007,spring,GA,0.015344239130434782,92
2007,summer,GA,0.006779847826086957,92
2007,winter,GA,0.01265568888888889,90
2007,fall,IA,0.0563618021978022,91
2007,spring,IA,0.1061355652173913,92
2007,summer,IA,0.02681978260869565,92
2007,winter,IA,0.07416410000000001,90
2007,fall,ID,0.027989516483516486,91
2007,spring,ID,0.041297456521739134,92
2007,summer,ID,0.026342489130434785,92
2007,winter,ID,0.03437316666666667,90
2007,fall,IL,0.036811362637362635,91
2007,spring,IL,0.06457361956521739,92
2007,summer,IL,0.01488354347826087,92
2007,winter,IL,0.06322777777777779,90
2007,fall,IN,0.03143661538461538,91
2007,spring,IN,0.060051706521739134,92
2007,summer,IN,0.01694390217391304,92
2007,winter,IN,0.06325282222222223,90
2007,fall,KS,0.0826081758241758,91
2007,spring,KS,0.09488028260869565,92
2007,summer,KS,0.049675663043478265,92
2007,winter,KS,0.07681644444444444,90
2007,fall,KY,0.01273365934065934,91
2007,spring,KY,0.02497928260869565,92
2007,summer,KY,0.008946565217391303,92
2007,winter,KY,0.027332188888888886,90
2007,fall,LA,0.013271197802197801,91
2007,spring,LA,0.018703260869565218,92
2007,summer,LA,0.0070914347826086955,92
2007,winter,LA,0.022736655555555554,90
2007,fall,MA,0.03284453846153847,91
2007,spring,MA,0.06381174999999999,92
2007,summer,MA,0.019721978260869567,92
2007,winter,MA,0.06864628888888889,90
2007,fall,MD,0.016515175824175825,91
2007,spring,MD,0.04110886956521739,92
2007,summer,MD,0.009591380434782608,92
2007,winter,MD,0.04763365555555555,90
2007,fall,ME,0.019904296703296704,91
2007,spring,ME,0.04059452173913043,92
2007,summer,ME,0.00939933695652174,92
2007,winter,ME,0.03459262222222222,90
2007,fall,MI,0.03782113186813187,91
2007,spring,MI,0.04892067391304347,92
2007,summer,MI,0.017382163043478262,92
2007,winter,MI,0.04868005555555555,90
2007,fall,MN,0.061113769230769235,91
2007,spring,MN,0.07480127173913043,92
2007,summer,MN,0.029951239130434782,92
2007,winter,MN,0.050809188888888884,90
2007,fall,MO,0.028584945054945052,91
2007,spring,MO,0.049614978260869566,92
2007,summer,MO,0.01657839130434783,92
2007,winter,MO,0.04755747777777778,90
2007,fall,MS,0.011357780219780218,91
2007,spring,MS,0.020400402173913045,92
2007,summer,MS,0.007054141304347826,92
2007,winter,MS,0.02460141111111111,90
2007,fall,MT,0.0765825164835165,91
2007,spring,MT,0.08233429347826086,92
2007,summer,MT,0.04945308695652174,92
2007,winter,MT,0.09902224444444443,90
2007,fall,NC,0.010292967032967034,91
2007,spring,NC,0.02517254347826087,92
2007,summer,NC,0.007932195652173913,92
2007,winter,NC,0.02172097777777778,90
2007,fall,ND,0.08895492307692308,91
2007,spring,ND,0.10541640217391304,92
2007,summer,ND,0.05477772826086957,92
2007,winter,ND,0.0848354,90
2007,fall,NE,0.07340661538461539,91
2007,spring,NE,0.10431680434782609,92
2007,summer,NE,0.045834793478260874,92
2007,winter,NE,0.07515235555555555,90
2007,fall,NH,0.04598686813186813,91
2007,spring,NH,0.05978530434782608,92
2007,summer,NH,0.045900652173913044,92
2007,winter,NH,0.046914988888888884,90
2007,fall,NJ,0.016377857142857142,91
2007,spring,NJ,0.037699086956521737,92
2007,summer,NJ,0.012485663043478262,92
2007,winter,NJ,0.04464692222222223,90
2007,fall,NM,0.04460673626373627,91
2007,spring,NM,0.07228760869565218,92
2007,summer,NM,0.04370520652173913,92
2007,winter,NM,0.06741737777777777,90
2007,fall,NV,0.03756723076923076,91
2007,spring,NV,0.053728760869565205,92
2007,summer,NV,0.04664939130434783,92
2007,winter,NV,0.036233222222222215,90
2007,fall,NY,0.029278186813186814,91
2007,spring,NY,0.05070322826086956,92
2007,summer,NY,0.01882713043478261,92
2007,winter,NY,0.06651961111111113,90
2007,fall,OH,0.02768724175824176,91
2007,spring,OH,0.05583334782608697,92
2007,summer,OH,0.014981945652173916,92
2007,winter,OH,0.06307352222222222,90
2007,fall,OK,0.052059472527472526,91
2007,spring,OK,0.06096907608695652,92
2007,summer,OK,0.030836249999999996,92
2007,winter,OK,0.0611343,90
2007,fall,OR,0.023280835164835163,91
2007,spring,OR,0.025007391304347825,92
2007,summer,OR,0.021098532608695653,92
2007,winter,OR,0.03819736666666667,90
2007,fall,PA,0.016095131868131867,91
2007,spring,PA,0.03908300000000001,92
2007,summer,PA,0.00954720652173913,92
2007,winter,PA,0.048841300000000004,90
2007,fall,RI,0.027103615384615386,91
2007,spring,RI,0.04955982608695652,92
2007,summer,RI,0.01887754347826087,92
2007,winter,RI,0.047846377777777775,90
2007,fall,SC,0.011950670329670331,91
2007,spring,SC,0.024602717391304346,92
2007,summer,SC,0.011032119565217392,92
2007,winter,SC,0.020561855555555553,90
2007,fall,SD,0.09136507692307691,91
2007,spring,SD,0.11285697826086957,92
2007,summer,SD,0.06240140217391306,92
2007,winter,SD,0.0925014111111111,90
2007,fall,TN,0.009055868131868133,91
2007,spring,TN,0.019031260869565216,92
2007,summer,TN,0.007138097826086958,92
2007,winter,TN,0.02343062222222223,90
2007,fall,TX,0.03193474725274725,91
2007,spring,TX,0.05334849999999999,92
2007,summer,TX,0.02690383695652174,92
2007,winter,TX,0.05035266666666666,90
2007,fall,UT,0.040528,91
2007,spring,UT,0.050045597826086946,92
2007,summer,UT,0.04598234782608696,92
2007,winter,UT,0.032589700000000006,90
2007,fall,VA,0.015285263736263736,91
2007,spring,VA,0.03648625,92
2007,summer,VA,0.009938478260869566,92
2007,winter,VA,0.038605799999999996,90
2007,fall,VT,0.014292098901098903,91
2007,spring,VT,0.02473536956521739,92
2007,summer,VT,0.008645989130434783,92
2007,winter,VT,0.025544611111111108,90
2007,fall,WA,0.0218930989010989,91
2007,spring,WA,0.030097434782608696,92
2007,summer,WA,0.021714195652173914,92
2007,winter,WA,0.03486045555555555,90
2007,fall,WI,0.037606131868131866,91
2007,spring,WI,0.04919328260869565,92
2007,summer,WI,0.017211010869565217,92
2007,winter,WI,0.034336599999999995,90
2007,fall,WV,0.007548494505494506,91
2007,spring,WV,0.019769315217391302,92
2007,summer,WV,0.0037942391304347832,92
2007,winter,WV,0.025675111111111114,90
2007,fall,WY,0.06207842857142857,91
2007,spring,WY,0.08223225,92
2007,summer,WY,0.04649482608695652,92
2007,winter,WY,0.09100636666666667,90
2008,fall,AL,0.010032923076923076,91
2008,spring,AL,0.02127736956521739,92
2008,summer,AL,0.008048,92
2008,winter,AL,0.022211230769230768,91
2008,fall,AR,0.017948285714285715,91
2008,spring,AR,0.04325866304347826,92
2008,summer,AR,0.016204434782608693,92
2008,winter,AR,0.048810230769230765,91
2008,fall,AZ,0.028246406593406593,91
2008,spring,AZ,0.058983108695652174,92
2008,summer,AZ,0.03217314130434783,92
2008,winter,AZ,0.04110662637362636,91
2008,fall,CA,0.022191164835164836,91
2008,spring,CA,0.05152920652173913,92
2008,summer,CA,0.03448911956521739,92
2008,winter,CA,0.03693443956043957,91
2008,fall,CO,0.05892552747252747,91
2008,spring,CO,0.09860890217391305,92
2008,summer,CO,0.05076357608695652,92
2008,winter,CO,0.08223670329670328,91
2008,fall,CT,0.03462674725274725,91
2008,spring,CT,0.05181416304347827,92
2008,summer,CT,0.014238467391304348,92
2008,winter,CT,0.056973494505494514,91
2008,fall,DE,0.048231395604395606,91
2008,spring,DE,0.0647051956521739,92
2008,summer,DE,0.019038032608695656,92
2008,winter,DE,0.062278395604395596,91
2008,fall,FL,0.03165708791208791,91
2008,spring,FL,0.04075883695652174,92
2008,summer,FL,0.026486967391304347,92
2008,winter,FL,0.03301817582417582,91
2008,fall,GA,0.011045846153846153,91
2008,spring,GA,0.01826920652173913,92
2008,summer,GA,0.010777206521739132,92
2008,winter,GA,0.017152956043956044,91
2008,fall,IA,0.04890462637362638,91
2008,spring,IA,0.0927598695652174,92
2008,summer,IA,0.03272793478260869,92
2008,winter,IA,0.0925871098901099,91
2008,fall,ID,0.026265395604395603,91
2008,spring,ID,0.048959869565217404,92
2008,summer,ID,0.03169489130434783,92
2008,winter,ID,0.05661302197802198,91
2008,fall,IL,0.028639153846153842,91
2008,spring,IL,0.06734739130434783,92
2008,summer,IL,0.024960456521739127,92
2008,winter,IL,0.09240698901098901,91
2008,fall,IN,0.03742550549450549,91
2008,spring,IN,0.06296991304347827,92
2008,summer,IN,0.02684834782608696,92
2008,winter,IN,0.09991389010989012,91
2008,fall,KS,0.07910974725274726,91
2008,spring,KS,0.12537839130434783,92
2008,summer,KS,0.06193590217391305,92
2008,winter,KS,0.11088459340659342,91
2008,fall,KY,0.011044846153846155,91
2008,spring,KY,0.029755597826086957,92
2008,summer,KY,0.00982325,92
2008,winter,KY,0.04589087912087912,91
2008,fall,LA,0.030533824175824176,91
2008,spring,LA,0.038587913043478264,92
2008,summer,LA,0.01514,92
2008,winter,LA,0.041758604395604394,91
2008,fall,MA,0.03266331868131868,91
2008,spring,MA,0.05361439130434782,92
2008,summer,MA,0.015441576086956522,92
2008,winter,MA,0.06983425274725275,91
2008,fall,MD,0.03315306593406593,91
2008,spring,MD,0.04530401086956521,92
2008,summer,MD,0.01712245652173913,92
2008,winter,MD,0.051041461538461536,91
2008,fall,ME,0.022165076923076923,91
2008,spring,ME,0.031325978260869566,92
2008,summer,ME,0.008472097826086957,92
2008,winter,ME,0.032163,91
2008,fall,MI,0.038621,91
2008,spring,MI,0.048771097826086955,92
2008,summer,MI,0.024266597826086957,92
2008,winter,MI,0.07158975824175824,91
2008,fall,MN,0.04545714285714286,91
2008,spring,MN,0.06885030434782609,92
2008,summer,MN,0.03530722826086957,92
2008,winter,MN,0.06346091208791209,91
2008,fall,MO,0.025352747252747256,91
2008,spring,MO,0.05634543478260868,92
2008,summer,MO,0.022296141304347827,92
2008,winter,MO,0.06537256043956044,91
2008,fall,MS,0.017631615384615384,91
2008,spring,MS,0.03123955434782609,92
2008,summer,MS,0.00933457608695652,92
2008,winter,MS,0.034328901098901105,91
2008,fall,MT,0.0640028901098901,91
2008,spring,MT,0.07968980434782609,92
2008,summer,MT,0.05713063043478261,92
2008,winter,MT,0.0996852087912088,91
2008,fall,NC,0.017919087912087912,91
2008,spring,NC,0.0272505,92
2008,summer,NC,0.00902079347826087,92
2008,winter,NC,0.022685494505494504,91
2008,fall,ND,0.08056824175824176,91
2008,spring,ND,0.11324855434782609,92
2008,summer,ND,0.07064200000000001,92
2008,winter,ND,0.09800242857142856,91
2008,fall,NE,0.07994425274725275,91
2008,spring,NE,0.11666881521739132,92
2008,summer,NE,0.04920690217391305,92
2008,winter,NE,0.0916840989010989,91
2008,fall,NH,0.04419368131868132,91
2008,spring,NH,0.05261786956521739,92
2008,summer,NH,0.035897239130434785,92
2008,winter,NH,0.047207406593406595,91
2008,fall,NJ,0.03309323076923077,91
2008,spring,NJ,0.05113638043478261,92
2008,summer,NJ,0.016014445652173914,92
2008,winter,NJ,0.052206197802197804,91
2008,fall,NM,0.04325621978021978,91
2008,spring,NM,0.11354342391304349,92
2008,summer,NM,0.055625836956521735,92
2008,winter,NM,0.088592010989011,91
2008,fall,NV,0.02551352747252747,91
2008,spring,NV,0.06987598913043479,92
2008,summer,NV,0.03983201086956522,92
2008,winter,NV,0.047511087912087906,91
2008,fall,NY,0.03074963736263736,91
2008,spring,NY,0.04862292391304348,92
2008,summer,NY,0.016536097826086955,92
2008,winter,NY,0.06853742857142857,91
2008,fall,OH,0.04156938461538462,91
2008,spring,OH,0.05191239130434783,92
2008,summer,OH,0.024195499999999998,92
2008,winter,OH,0.0991277912087912,91
2008,fall,OK,0.050793791208791204,91
2008,spring,OK,0.100806,92
2008,summer,OK,0.052519576086956524,92
2008,winter,OK,0.09453562637362636,91
2008,fall,OR,0.021154010989010985,91
2008,spring,OR,0.026979478260869563,92
2008,summer,OR,0.02489991304347826,92
2008,winter,OR,0.04226348351648352,91
2008,fall,PA,0.01817672527472527,91
2008,spring,PA,0.03148929347826086,92
2008,summer,PA,0.009646619565217392,92
2008,winter,PA,0.04698772527472526,91
2008,fall,RI,0.035270197802197804,91
2008,spring,RI,0.056255130434782606,92
2008,summer,RI,0.02518997826086957,92
2008,winter,RI,0.06197543956043957,91
2008,fall,SC,0.018823824175824178,91
2008,spring,SC,0.032388945652173914,92
2008,summer,SC,0.017029989130434783,92
2008,winter,SC,0.02364558241758241,91
2008,fall,SD,0.08647990109890111,91
2008,spring,SD,0.12691468478260867,92
2008,summer,SD,0.06422522826086956,92
2008,winter,SD,0.10761658241758242,91
2008,fall,TN,0.00874830769230769,91
2008,spring,TN,0.027071304347826085,92
2008,summer,TN,0.007711934782608697,92
2008,winter,TN,0.033039087912087914,91
2008,fall,TX,0.035210549450549446,91
2008,spring,TX,0.08951890217391305,92
2008,summer,TX,0.054060576086956524,92
2008,winter,TX,0.07350023076923078,91
2008,fall,UT,0.02376105494505494,91
2008,spring,UT,0.05976828260869565,92
2008,summer,UT,0.034664869565217395,92
2008,winter,UT,0.04209286813186814,91
2008,fall,VA,0.031270747252747255,91
2008,spring,VA,0.0424678695652174,92
2008,summer,VA,0.015334728260869566,92
2008,winter,VA,0.04462385714285714,91
2008,fall,VT,0.011512692307692307,91
2008,spring,VT,0.0241699347826087,92
2008,summer,VT,0.005286902173913042,92
2008,winter,VT,0.027136604395604398,91
2008,fall,WA,0.019057439560439562,91
2008,spring,WA,0.02783446739130435,92
2008,summer,WA,0.025901,92
2008,winter,WA,0.03576751648351648,91
2008,fall,WI,0.028174274725274725,91
2008,spring,WI,0.0482020652173913,92
2008,summer,WI,0.021953021739130437,92
2008,winter,WI,0.04778197802197802,91
2008,fall,WV,0.008272109890109892,91
2008,spring,WV,0.017688652173913043,92
2008,summer,WV,0.004228434782608696,92
2008,winter,WV,0.031020461538461542,91
2008,fall,WY,0.05691946153846154,91
2008,spring,WY,0.09009101086956521,92
2008,summer,WY,0.04668804347826088,92
2008,winter,WY,0.10783580219780217,91
2009,fall,AL,0.007311670329670329,91
2009,spring,AL,0.019521521739130437,92
2009,summer,AL,0.00486816304347826,92
2009,winter,AL,0.02089222222222222,90
2009,fall,AR,0.013347329670329668,91
2009,spring,AR,0.042554532608695655,92
2009,summer,AR,0.010568184782608694,92
2009,winter,AR,0.0344291,90
2009,fall,AZ,0.030905835164835166,91
2009,spring,AZ,0.05324590217391304,92
2009,summer,AZ,0.03415905434782609,92
2009,winter,AZ,0.03267132222222222,90
2009,fall,CA,0.02587393406593406,91
2009,spring,CA,0.0439358804347826,92
2009,summer,CA,0.030719065217391314,92
2009,winter,CA,0.023593133333333332,90
2009,fall,CO,0.05968987912087913,91
2009,spring,CO,0.0906400108695652,92
2009,summer,CO,0.04622091304347826,92
2009,winter,CO,0.07533930000000001,90
2009,fall,CT,0.03325983516483516,91
2009,spring,CT,0.03795669565217392,92
2009,summer,CT,0.012882521739130435,92
2009,winter,CT,0.0573311111111111,90
2009,fall,DE,0.054941043956043954,91
2009,spring,DE,0.05189936956521739,92
2009,summer,DE,0.014189336956521737,92
2009,winter,DE,0.07300523333333332,90
2009,fall,FL,0.02018246153846154,91
2009,spring,FL,0.04222648913043478,92
2009,summer,FL,0.016350434782608697,92
2009,winter,FL,0.03140372222222222,90
2009,fall,GA,0.006683395604395604,91
2009,spring,GA,0.01835533695652174,92
2009,summer,GA,0.005962543478260869,92
2009,winter,GA,0.016998622222222225,90
2009,fall,IA,0.034914615384615384,91
2009,spring,IA,0.09086760869565216,92
2009,summer,IA,0.023235304347826086,92
2009,winter,IA,0.0782491,90
2009,fall,ID,0.02809996703296704,91
2009,spring,ID,0.04788219565217392,92
2009,summer,ID,0.018891554347826085,92
2009,winter,ID,0.030806700000000003,90
2009,fall,IL,0.02687979120879121,91
2009,spring,IL,0.068373,92
2009,summer,IL,0.017399934782608695,92
2009,winter,IL,0.06919026666666668,90
2009,fall,IN,0.030602197802197802,91
2009,spring,IN,0.06340702173913045,92
2009,summer,IN,0.018951902173913043,92
2009,winter,IN,0.0671573111111111,90
2009,fall,KS,0.059280373626373624,91
2009,spring,KS,0.11835644565217392,92
2009,summer,KS,0.049484021739130434,92
2009,winter,KS,0.0980100111111111,90
2009,fall,KY,0.011235032967032968,91
2009,spring,KY,0.03081283695652174,92
2009,summer,KY,0.008020478260869565,92
2009,winter,KY,0.03445381111111112,90
2009,fall,LA,0.01902573626373626,91
2009,spring,LA,0.03384702173913044,92
2009,summer,LA,0.00779479347826087,92
2009,winter,LA,0.03532866666666666,90
2009,fall,MA,0.039338351648351644,91
2009,spring,MA,0.044625358695652165,92
2009,summer,MA,0.016893097826086955,92
2009,winter,MA,0.07128364444444446,90
2009,fall,MD,0.032402868131868136,91
2009,spring,MD,0.03775163043478261,92
2009,summer,MD,0.013512847826086957,92
2009,winter,MD,0.0561544111111111,90
2009,fall,ME,0.014781417582417586,91
2009,spring,ME,0.03128319565217391,92
2009,summer,ME,0.010060304347826086,92
2009,winter,ME,0.03783900000000001,90
2009,fall,MI,0.03523594505494505,91
2009,spring,MI,0.05716898913043478,92
2009,summer,MI,0.023092413043478262,92
2009,winter,MI,0.05500467777777778,90
2009,fall,MN,0.02953749450549451,91
2009,spring,MN,0.07033411956521739,92
2009,summer,MN,0.027422445652173912,92
2009,winter,MN,0.05139673333333333,90
2009,fall,MO,0.02199657142857143,91
2009,spring,MO,0.05520632608695652,92
2009,summer,MO,0.016284891304347827,92
2009,winter,MO,0.04981504444444445,90
2009,fall,MS,0.016294791208791206,91
2009,spring,MS,0.03519314130434783,92
2009,summer,MS,0.009254097826086959,92
2009,winter,MS,0.03212407777777779,90
2009,fall,MT,0.07217668131868132,91
2009,spring,MT,0.07418003260869564,92
2009,summer,MT,0.03955996739130435,92
2009,winter,MT,0.0865779,90
2009,fall,NC,0.014338197802197802,91
2009,spring,NC,0.023240521739130434,92
2009,summer,NC,0.009089858695652172,92
2009,winter,NC,0.02413008888888889,90
2009,fall,ND,0.05913306593406593,91
2009,spring,ND,0.09997510869565218,92
2009,summer,ND,0.04604439130434783,92
2009,winter,ND,0.10294428888888889,90
2009,fall,NE,0.0524031978021978,91
2009,spring,NE,0.11183415217391306,92
2009,summer,NE,0.030223489130434777,92
2009,winter,NE,0.09676227777777777,90
2009,fall,NH,0.03667587912087912,91
2009,spring,NH,0.047218586956521744,92
2009,summer,NH,0.03367734782608696,92
2009,winter,NH,0.04965168888888889,90
2009,fall,NJ,0.03399330769230769,91
2009,spring,NJ,0.04356213043478261,92
2009,summer,NJ,0.01146154347826087,92
2009,winter,NJ,0.05789195555555555,90
2009,fall,NM,0.04488304395604396,91
2009,spring,NM,0.10026227173913042,92
2009,summer,NM,0.05035905434782608,92
2009,winter,NM,0.06330172222222223,90
2009,fall,NV,0.03918969230769232,91
2009,spring,NV,0.06810657608695653,92
2009,summer,NV,0.04131928260869565,92
2009,winter,NV,0.02928771111111111,90
2009,fall,NY,0.02956224175824176,91
2009,spring,NY,0.048896673913043476,92
2009,summer,NY,0.014160521739130435,92
2009,winter,NY,0.06734572222222222,90
2009,fall,OH,0.03761716483516484,91
2009,spring,OH,0.06386445652173914,92
2009,summer,OH,0.021231163043478263,92
2009,winter,OH,0.07487897777777777,90
2009,fall,OK,0.04624202197802198,91
2009,spring,OK,0.09611942391304348,92
2009,summer,OK,0.04310314130434782,92
2009,winter,OK,0.07492103333333335,90
2009,fall,OR,0.026882208791208794,91
2009,spring,OR,0.03560382608695652,92
2009,summer,OR,0.018435565217391304,92
2009,winter,OR,0.03241843333333334,90
2009,fall,PA,0.016306274725274725,91
2009,spring,PA,0.03294469565217392,92
2009,summer,PA,0.007470065217391304,92
2009,winter,PA,0.04598502222222222,90
2009,fall,RI,0.04283645054945055,91
2009,spring,RI,0.03356494565217392,92
2009,summer,RI,0.01558795652173913,92
2009,winter,RI,0.05812236666666667,90
2009,fall,SC,0.009676076923076923,91
2009,spring,SC,0.023196826086956522,92
2009,summer,SC,0.007868097826086955,92
2009,winter,SC,0.019581711111111108,90
2009,fall,SD,0.06739617582417584,91
2009,spring,SD,0.11239776086956521,92
2009,summer,SD,0.041554695652173915,92
2009,winter,SD,0.10873885555555557,90
2009,fall,TN,0.007259340659340661,91
2009,spring,TN,0.02363401086956522,92
2009,summer,TN,0.006323891304347824,92
2009,winter,TN,0.02736142222222222,90
2009,fall,TX,0.03651047252747252,91
2009,spring,TX,0.08238773913043479,92
2009,summer,TX,0.04252251086956521,92
2009,winter,TX,0.058898555555555565,90
2009,fall,UT,0.037471417582417586,91
2009,spring,UT,0.05850935869565217,92
2009,summer,UT,0.03981880434782609,92
2009,winter,UT,0.022485222222222222,90
2009,fall,VA,0.029284516483516487,91
2009,spring,VA,0.03274669565217391,92
2009,summer,VA,0.011915673913043478,92
2009,winter,VA,0.04556606666666667,90
2009,fall,VT,0.009847428571428571,91
2009,spring,VT,0.023172347826086955,92
2009,summer,VT,0.005899076086956522,92
2009,winter,VT,0.02282584444444444,90
2009,fall,WA,0.033702945054945053,91
2009,spring,WA,0.03253966304347826,92
2009,summer,WA,0.02024092391304348,92
2009,winter,WA,0.021041177777777777,90
2009,fall,WI,0.027721252747252748,91
2009,spring,WI,0.050498456521739135,92
2009,summer,WI,0.018547043478260868,92
2009,winter,WI,0.04111048888888889,90
2009,fall,WV,0.008415967032967034,91
2009,spring,WV,0.018107489130434782,92
2009,summer,WV,0.004347684782608696,92
2009,winter,WV,0.02746396666666667,90
2009,fall,WY,0.05609,91
2009,spring,WY,0.0864711304347826,92
2009,summer,WY,0.038615489130434784,92
2009,winter,WY,0.08507734444444444,90
2010,fall,AL,0.008524901098901099,91
2010,spring,AL,0.014822413043478262,92
2010,summer,AL,0.00502854347826087,92
2010,winter,AL,0.0180813,90
2010,fall,AR,0.019576736263736263,91
2010,spring,AR,0.03421675,92
2010,summer,AR,0.009922141304347825,92
2010,winter,AR,0.023994333333333333,90
2010,fall,AZ,0.027184725274725277,91
2010,spring,AZ,0.05890557608695652,92
2010,summer,AZ,0.03313691304347827,92
2010,winter,AZ,0.02686402222222222,90
2010,fall,CA,0.022621912087912085,91
2010,spring,CA,0.04830422826086957,92
2010,summer,CA,0.03392005434782609,92
2010,winter,CA,0.028046999999999996,90
2010,fall,CO,0.049227406593406596,91
2010,spring,CO,0.09417685869565219,92
2010,summer,CO,0.045973934782608694,92
2010,winter,CO,0.041511566666666666,90
2010,fall,CT,0.039610252747252744,91
2010,spring,CT,0.04530241304347826,92
2010,summer,CT,0.015829195652173913,92
2010,winter,CT,0.06716564444444442,90
2010,fall,DE,0.04416625274725275,91
2010,spring,DE,0.05010834782608696,92
2010,summer,DE,0.015411456521739132,92
2010,winter,DE,0.09735294444444445,90
2010,fall,FL,0.020567384615384616,91
2010,spring,FL,0.0340581195652174,92
2010,summer,FL,0.018852,92
2010,winter,FL,0.03916377777777778,90
2010,fall,GA,0.005680967032967033,91
2010,spring,GA,0.011712000000000002,92
2010,summer,GA,0.005376380434782608,92
2010,winter,GA,0.022483666666666666,90
2010,fall,IA,0.06307605494505496,91
2010,spring,IA,0.0726599347826087,92
2010,summer,IA,0.024792402173913045,92
2010,winter,IA,0.061052699999999994,90
2010,fall,ID,0.03190474725274725,91
2010,spring,ID,0.05151391304347825,92
2010,summer,ID,0.027742728260869567,92
2010,winter,ID,0.031037455555555555,90
2010,fall,IL,0.0460648021978022,91
2010,spring,IL,0.05449416304347826,92
2010,summer,IL,0.014844021739130438,92
2010,winter,IL,0.045450099999999986,90
2010,fall,IN,0.050071549450549445,91
2010,spring,IN,0.0463225652173913,92
2010,summer,IN,0.01758211956521739,92
2010,winter,IN,0.050974622222222224,90
2010,fall,KS,0.07508806593406593,91
2010,spring,KS,0.11572664130434783,92
2010,summer,KS,0.06162132608695652,92
2010,winter,KS,0.05831771111111112,90
2010,fall,KY,0.015840186813186816,91
2010,spring,KY,0.020904597826086953,92
2010,summer,KY,0.0066928260869565225,92
2010,winter,KY,0.018811533333333335,90
2010,fall,LA,0.04021808791208791,91
2010,spring,LA,0.04812913043478261,92
2010,summer,LA,0.024670347826086955,92
2010,winter,LA,0.05818086666666667,90
2010,fall,MA,0.05095215384615384,91
2010,spring,MA,0.051465489130434784,92
2010,summer,MA,0.02252679347826087,92
2010,winter,MA,0.07320505555555555,90
2010,fall,MD,0.03194653846153846,91
2010,spring,MD,0.03746358695652173,92
2010,summer,MD,0.015455358695652172,92
2010,winter,MD,0.07886372222222222,90
2010,fall,ME,0.03044771428571429,91
2010,spring,ME,0.037566771739130436,92
2010,summer,ME,0.010608902173913044,92
2010,winter,ME,0.0541329888888889,90
2010,fall,MI,0.06607531868131868,91
2010,spring,MI,0.04140381521739131,92
2010,summer,MI,0.022875108695652173,92
2010,winter,MI,0.05583755555555556,90
2010,fall,MN,0.054982307692307705,91
2010,spring,MN,0.05024780434782608,92
2010,summer,MN,0.030571728260869565,92
2010,winter,MN,0.04126832222222222,90
2010,fall,MO,0.03152858241758242,91
2010,spring,MO,0.042590119565217396,92
2010,summer,MO,0.01689978260869565,92
2010,winter,MO,0.031202388888888884,90
2010,fall,MS,0.023479868131868135,91
2010,spring,MS,0.03428966304347827,92
2010,summer,MS,0.015029695652173913,92
2010,winter,MS,0.036944877777777774,90
2010,fall,MT,0.05617702197802198,91
2010,spring,MT,0.08406795652173912,92
2010,summer,MT,0.042657793478260875,92
2010,winter,MT,0.052007388888888895,90
2010,fall,NC,0.014052703296703297,91
2010,spring,NC,0.020222869565217395,92
2010,summer,NC,0.010045141304347825,92
2010,winter,NC,0.029693344444444443,90
2010,fall,ND,0.08660178021978023,91
2010,spring,ND,0.08624326086956521,92
2010,summer,ND,0.05705257608695651,92
2010,winter,ND,0.07827170000000001,90
2010,fall,NE,0.06571353846153845,91
2010,spring,NE,0.10338422826086957,92
2010,summer,NE,0.04851509782608696,92
2010,winter,NE,0.06929056666666668,90
2010,fall,NH,0.055275230769230764,91
2010,spring,NH,0.05788899999999999,92
2010,summer,NH,0.04674777173913043,92
2010,winter,NH,0.062102888888888895,90
2010,fall,NJ,0.039091186813186816,91
2010,spring,NJ,0.04985575,92
2010,summer,NJ,0.020082945652173917,92
2010,winter,NJ,0.07787381111111111,90
2010,fall,NM,0.047687252747252745,91
2010,spring,NM,0.11354635869565216,92
2010,summer,NM,0.04674265217391303,92
2010,winter,NM,0.052095855555555556,90
2010,fall,NV,0.03598469230769231,91
2010,spring,NV,0.08085866304347826,92
2010,summer,NV,0.0533434456521739,92
2010,winter,NV,0.023558755555555554,90
2010,fall,NY,0.04174631868131868,91
2010,spring,NY,0.04278702173913044,92
2010,summer,NY,0.01949152173913044,92
2010,winter,NY,0.06522073333333334,90
2010,fall,OH,0.050979945054945054,91
2010,spring,OH,0.04479583695652174,92
2010,summer,OH,0.021065869565217388,92
2010,winter,OH,0.05996094444444445,90
2010,fall,OK,0.05367573626373627,91
2010,spring,OK,0.08878210869565217,92
2010,summer,OK,0.03653002173913044,92
2010,winter,OK,0.044219777777777775,90
2010,fall,OR,0.023131956043956046,91
2010,spring,OR,0.03934063043478261,92
2010,summer,OR,0.025898565217391308,92
2010,winter,OR,0.042938811111111114,90
2010,fall,PA,0.021310813186813188,91
2010,spring,PA,0.027730586956521742,92
2010,summer,PA,0.009591847826086958,92
2010,winter,PA,0.049629066666666666,90
2010,fall,RI,0.05522951648351648,91
2010,spring,RI,0.05049576086956521,92
2010,summer,RI,0.025987771739130434,92
2010,winter,RI,0.07233594444444444,90
2010,fall,SC,0.006464252747252748,91
2010,spring,SC,0.014608380434782606,92
2010,summer,SC,0.008333217391304349,92
2010,winter,SC,0.019754166666666666,90
2010,fall,SD,0.08788027472527474,91
2010,spring,SD,0.1015953152173913,92
2010,summer,SD,0.0576506195652174,92
2010,winter,SD,0.08235553333333336,90
2010,fall,TN,0.01041387912087912,91
2010,spring,TN,0.016594141304347828,92
2010,summer,TN,0.006168891304347826,92
2010,winter,TN,0.017228911111111113,90
2010,fall,TX,0.04703063736263737,91
2010,spring,TX,0.07532786956521739,92
2010,summer,TX,0.03848534782608696,92
2010,winter,TX,0.05469031111111112,90
2010,fall,UT,0.03444584615384615,91
2010,spring,UT,0.06595603260869566,92
2010,summer,UT,0.045838641304347824,92
2010,winter,UT,0.017683377777777776,90
2010,fall,VA,0.023079274725274723,91
2010,spring,VA,0.02896284782608696,92
2010,summer,VA,0.013056771739130436,92
2010,winter,VA,0.05562516666666666,90
2010,fall,VT,0.01581117582417582,91
2010,spring,VT,0.017376217391304346,92
2010,summer,VT,0.006572336956521738,92
2010,winter,VT,0.019633677777777782,90
2010,fall,WA,0.024649461538461537,91
2010,spring,WA,0.03903047826086957,92
2010,summer,WA,0.022542891304347824,92
2010,winter,WA,0.025341644444444443,90
2010,fall,WI,0.046343274725274726,91
2010,spring,WI,0.0407978804347826,92
2010,summer,WI,0.017780206521739134,92
2010,winter,WI,0.037969755555555554,90
2010,fall,WV,0.010563142857142858,91
2010,spring,WV,0.01288945652173913,92
2010,summer,WV,0.004244326086956522,92
2010,winter,WV,0.0192335,90
2010,fall,WY,0.06676805494505496,91
2010,spring,WY,0.08541819565217391,92
2010,summer,WY,0.054009086956521735,92
2010,winter,WY,0.04709869999999999,90
2011,fall,AL,0.022879472527472525,91
2011,spring,AL,0.023050641304347825,92
2011,summer,AL,0.009005054347826088,92
2011,winter,AL,0.02102623333333333,90
2011,fall,AR,0.026489000000000002,91
2011,spring,AR,0.05120191304347826,92
2011,summer,AR,0.01737845652173913,92
2011,winter,AR,0.024390333333333337,90
2011,fall,AZ,0.025408989010989008,91
2011,spring,AZ,0.06266331521739131,92
2011,summer,AZ,0.0373604347826087,92
2011,winter,AZ,0.03008858888888889,90
2011,fall,CA,0.0186880989010989,91
2011,spring,CA,0.05360775000000001,92
2011,summer,CA,0.02964185869565218,92
2011,winter,CA,0.02464038888888889,90
2011,fall,CO,0.054186131868131863,91
2011,spring,CO,0.10098134782608698,92
2011,summer,CO,0.04966052173913044,92
2011,winter,CO,0.05808762222222222,90
2011,fall,CT,0.029579538461538463,91
2011,spring,CT,0.04445775,92
2011,summer,CT,0.01757180434782609,92
2011,winter,CT,0.04398406666666667,90
2011,fall,DE,0.03276163736263737,91
2011,spring,DE,0.048886097826086945,92
2011,summer,DE,0.02135488043478261,92
2011,winter,DE,0.05913894444444444,90
2011,fall,FL,0.0277274945054945,91
2011,spring,FL,0.03018058695652174,92
2011,summer,FL,0.01733161956521739,92
2011,winter,FL,0.024575544444444444,90
2011,fall,GA,0.011521670329670329,91
2011,spring,GA,0.016528391304347825,92
2011,summer,GA,0.007287000000000001,92
2011,winter,GA,0.01238212222222222,90
2011,fall,IA,0.052490736263736265,91
2011,spring,IA,0.09791656521739131,92
2011,summer,IA,0.02836271739130435,92
2011,winter,IA,0.060256011111111105,90
2011,fall,ID,0.02637047252747253,91
2011,spring,ID,0.053473869565217394,92
2011,summer,ID,0.023804934782608696,92
2011,winter,ID,0.02803153333333333,90
2011,fall,IL,0.05290667032967031,91
2011,spring,IL,0.07130983695652175,92
2011,summer,IL,0.018073000000000002,92
2011,winter,IL,0.048135700000000003,90
2011,fall,IN,0.055788714285714275,91
2011,spring,IN,0.0656605543478261,92
2011,summer,IN,0.019595880434782612,92
2011,winter,IN,0.05075844444444444,90
2011,fall,KS,0.0818077032967033,91
2011,spring,KS,0.11734469565217391,92
2011,summer,KS,0.06559703260869565,92
2011,winter,KS,0.07003222222222222,90
2011,fall,KY,0.020620956043956046,91
2011,spring,KY,0.03591497826086957,92
2011,summer,KY,0.00810216304347826,92
2011,winter,KY,0.0250316,90
2011,fall,LA,0.06638189010989011,91
2011,spring,LA,0.06910298913043479,92
2011,summer,LA,0.017997771739130437,92
2011,winter,LA,0.06513988888888889,90
2011,fall,MA,0.034114692307692304,91
2011,spring,MA,0.05132815217391304,92
2011,summer,MA,0.020916760869565214,92
2011,winter,MA,0.05344683333333334,90
2011,fall,MD,0.02872467032967033,91
2011,spring,MD,0.04162111956521739,92
2011,summer,MD,0.019745271739130436,92
2011,winter,MD,0.046927166666666666,90
2011,fall,ME,0.01745764835164835,91
2011,spring,ME,0.03550927173913043,92
2011,summer,ME,0.012449652173913046,92
2011,winter,ME,0.03421456666666667,90
2011,fall,MI,0.05639514285714286,91
2011,spring,MI,0.05453957608695652,92
2011,summer,MI,0.02414536956521739,92
2011,winter,MI,0.06066138888888888,90
2011,fall,MN,0.047477945054945056,91
2011,spring,MN,0.0646436847826087,92
2011,summer,MN,0.02773588043478261,92
2011,winter,MN,0.04857857777777778,90
2011,fall,MO,0.03471573626373626,91
2011,spring,MO,0.05422927173913043,92
2011,summer,MO,0.019575750000000003,92
2011,winter,MO,0.03211005555555555,90
2011,fall,MS,0.03128348351648351,91
2011,spring,MS,0.046627097826086955,92
2011,summer,MS,0.011815967391304347,92
2011,winter,MS,0.0331571,90
2011,fall,MT,0.06390935164835164,91
2011,spring,MT,0.08219940217391304,92
2011,summer,MT,0.04686415217391305,92
2011,winter,MT,0.10778803333333332,90
2011,fall,NC,0.018487604395604394,91
2011,spring,NC,0.025443934782608695,92
2011,summer,NC,0.015432423913043478,92
2011,winter,NC,0.021315122222222222,90
2011,fall,ND,0.08013923076923075,91
2011,spring,ND,0.10182034782608695,92
2011,summer,ND,0.05440761956521738,92
2011,winter,ND,0.10090308888888888,90
2011,fall,NE,0.06014938461538461,91
2011,spring,NE,0.1069977934782609,92
2011,summer,NE,0.04574452173913044,92
2011,winter,NE,0.07069797777777778,90
2011,fall,NH,0.04472621978021978,91
2011,spring,NH,0.0528865,92
2011,summer,NH,0.04148747826086957,92
2011,winter,NH,0.05386798888888889,90
2011,fall,NJ,0.026837417582417585,91
2011,spring,NJ,0.04741565217391304,92
2011,summer,NJ,0.0218398152173913,92
2011,winter,NJ,0.04931558888888889,90
2011,fall,NM,0.05423860439560439,91
2011,spring,NM,0.12984222826086955,92
2011,summer,NM,0.06276120652173912,92
2011,winter,NM,0.0647326,90
2011,fall,NV,0.02597554945054945,91
2011,spring,NV,0.07739754347826087,92
2011,summer,NV,0.0490883152173913,92
2011,winter,NV,0.03607678888888889,90
2011,fall,NY,0.031101780219780224,91
2011,spring,NY,0.05240221739130436,92
2011,summer,NY,0.021593913043478265,92
2011,winter,NY,0.050861677777777774,90
2011,fall,OH,0.053558395604395605,91
2011,spring,OH,0.06215173913043479,92
2011,summer,OH,0.022139739130434787,92
2011,winter,OH,0.05704967777777777,90
2011,fall,OK,0.0637002087912088,91
2011,spring,OK,0.10783195652173912,92
2011,summer,OK,0.06176504347826086,92
2011,winter,OK,0.05585775555555556,90
2011,fall,OR,0.02311342857142857,91
2011,spring,OR,0.037902467391304345,92
2011,summer,OR,0.02107706521739131,92
2011,winter,OR,0.031312733333333335,90
2011,fall,PA,0.015648087912087914,91
2011,spring,PA,0.030445663043478264,92
2011,summer,PA,0.010119728260869565,92
2011,winter,PA,0.034008688888888895,90
2011,fall,RI,0.04000145054945054,91
2011,spring,RI,0.06283619565217391,92
2011,summer,RI,0.027809619565217398,92
2011,winter,RI,0.053176133333333334,90
2011,fall,SC,0.01349923076923077,91
2011,spring,SC,0.020885402173913045,92
2011,summer,SC,0.0109795,92
2011,winter,SC,0.014565922222222222,90
2011,fall,SD,0.07269340659340659,91
2011,spring,SD,0.11078409782608696,92
2011,summer,SD,0.049264989130434776,92
2011,winter,SD,0.08830348888888889,90
2011,fall,TN,0.01601125274725275,91
2011,spring,TN,0.028101521739130435,92
2011,summer,TN,0.006841489130434783,92
2011,winter,TN,0.01812283333333333,90
2011,fall,TX,0.05786375824175825,91
2011,spring,TX,0.10363870652173912,92
2011,summer,TX,0.05059923913043478,92
2011,winter,TX,0.06134367777777778,90
2011,fall,UT,0.02912838461538462,91
2011,spring,UT,0.05374102173913043,92
2011,summer,UT,0.04121472826086957,92
2011,winter,UT,0.0289524888888889,90
2011,fall,VA,0.023691945054945054,91
2011,spring,VA,0.03494475,92
2011,summer,VA,0.01665904347826087,92
2011,winter,VA,0.03535567777777778,90
2011,fall,VT,0.010710417582417583,91
2011,spring,VT,0.02686871739130435,92
2011,summer,VT,0.008866760869565216,92
2011,winter,VT,0.018017966666666666,90
2011,fall,WA,0.025343516483516484,91
2011,spring,WA,0.038944456521739126,92
2011,summer,WA,0.021721554347826088,92
2011,winter,WA,0.030928944444444446,90
2011,fall,WI,0.04164131868131867,91
2011,spring,WI,0.05297219565217391,92
2011,summer,WI,0.020186402173913043,92
2011,winter,WI,0.03895227777777778,90
2011,fall,WV,0.011005153846153845,91
2011,spring,WV,0.020393989130434786,92
2011,summer,WV,0.004466130434782609,92
2011,winter,WV,0.020963155555555557,90
2011,fall,WY,0.0715036813186813,91
2011,spring,WY,0.10915345652173912,92
2011,summer,WY,0.05289791304347826,92
2011,winter,WY,0.09828401111111111,90
2012,fall,AL,0.013287417582417582,91
2012,spring,AL,0.020697630434782607,92
2012,summer,AL,0.016704282608695654,92
2012,winter,AL,0.02821904395604395,91
2012,fall,AR,0.01871535164835165,91
2012,spring,AR,0.03365766304347826,92
2012,summer,AR,0.015603826086956521,92
2012,winter,AR,0.038659285714285715,91
2012,fall,AZ,0.018793076923076926,91
2012,spring,AZ,0.05151895652173913,92
2012,summer,AZ,0.03040636956521739,92
2012,winter,AZ,0.02786854945054945,91
2012,fall,CA,0.019635054945054943,91
2012,spring,CA,0.04554370652173913,92
2012,summer,CA,0.03224828260869565,92
2012,winter,CA,0.02969703296703297,91
2012,fall,CO,0.04565103296703297,91
2012,spring,CO,0.08031454347826088,92
2012,summer,CO,0.04926216304347826,92
2012,winter,CO,0.06731447252747252,91
2012,fall,CT,0.035183219780219786,91
2012,spring,CT,0.03410579347826087,92
2012,summer,CT,0.013849858695652173,92
2012,winter,CT,0.048407956043956035,91
2012,fall,DE,0.04196487912087912,91
2012,spring,DE,0.03752342391304348,92
2012,summer,DE,0.018415956521739132,92
2012,winter,DE,0.055019439560439566,91
2012,fall,FL,0.023627230769230775,91
2012,spring,FL,0.031919597826086964,92
2012,summer,FL,0.02727288043478261,92
2012,winter,FL,0.024378,91
2012,fall,GA,0.008247593406593407,91
2012,spring,GA,0.012575130434782611,92
2012,summer,GA,0.0066783804347826095,92
2012,winter,GA,0.016524351648351646,91
2012,fall,IA,0.04997504395604395,91
2012,spring,IA,0.09542282608695653,92
2012,summer,IA,0.028672413043478263,92
2012,winter,IA,0.08188503296703296,91
2012,fall,ID,0.021214857142857146,91
2012,spring,ID,0.04769720652173912,92
2012,summer,ID,0.026702989130434784,92
2012,winter,ID,0.04174657142857142,91
2012,fall,IL,0.04109240659340659,91
2012,spring,IL,0.06264800000000001,92
2012,summer,IL,0.01939913043478261,92
2012,winter,IL,0.06996081318681317,91
2012,fall,IN,0.04295842857142857,91
2012,spring,IN,0.058466326086956524,92
2012,summer,IN,0.019382065217391303,92
2012,winter,IN,0.06838912087912087,91
2012,fall,KS,0.06394138461538462,91
2012,spring,KS,0.10203885869565217,92
2012,summer,KS,0.06553228260869566,92
2012,winter,KS,0.08967618681318683,91
2012,fall,KY,0.014303395604395605,91
2012,spring,KY,0.020181271739130435,92
2012,summer,KY,0.006875065217391304,92
2012,winter,KY,0.03403189010989011,91
2012,fall,LA,0.036821428571428574,91
2012,spring,LA,0.04982720652173913,92
2012,summer,LA,0.0365574347826087,92
2012,winter,LA,0.07252161538461538,91
2012,fall,MA,0.04093595604395604,91
2012,spring,MA,0.03595777173913044,92
2012,summer,MA,0.015333489130434782,92
2012,winter,MA,0.05100762637362639,91
2012,fall,MD,0.03145831868131869,91
2012,spring,MD,0.03017158695652174,92
2012,summer,MD,0.014974326086956521,92
2012,winter,MD,0.049155076923076926,91
2012,fall,ME,0.020535175824175828,91
2012,spring,ME,0.026094913043478263,92
2012,summer,ME,0.009764489130434784,92
2012,winter,ME,0.031021956043956047,91
2012,fall,MI,0.05323364835164836,91
2012,spring,MI,0.05271280434782609,92
2012,summer,MI,0.025150880434782606,92
2012,winter,MI,0.062437659340659334,91
2012,fall,MN,0.04674527472527472,91
2012,spring,MN,0.06898172826086957,92
2012,summer,MN,0.021656141304347832,92
2012,winter,MN,0.0514542967032967,91
2012,fall,MO,0.02642878021978022,91
2012,spring,MO,0.040770532608695655,92
2012,summer,MO,0.0173665,92
2012,winter,MO,0.049828,91
2012,fall,MS,0.01576354945054945,91
2012,spring,MS,0.028854673913043482,92
2012,summer,MS,0.01969955434782609,92
2012,winter,MS,0.03485129670329671,91
2012,fall,MT,0.07018327472527473,91
2012,spring,MT,0.09036875000000001,92
2012,summer,MT,0.05911186956521739,92
2012,winter,MT,0.0839822967032967,91
2012,fall,NC,0.01758508791208791,91
2012,spring,NC,0.018366717391304348,92
2012,summer,NC,0.010139108695652174,92
2012,winter,NC,0.026211736263736265,91
2012,fall,ND,0.09294617582417583,91
2012,spring,ND,0.11678054347826086,92
2012,summer,ND,0.050496543478260866,92
2012,winter,ND,0.07631074725274725,91
2012,fall,NE,0.06299467032967032,91
2012,spring,NE,0.10194415217391305,92
2012,summer,NE,0.05273402173913043,92
2012,winter,NE,0.0880614835164835,91
2012,fall,NH,0.046278835164835164,91
2012,spring,NH,0.05169754347826087,92
2012,summer,NH,0.036482119565217394,92
2012,winter,NH,0.05413820879120879,91
2012,fall,NJ,0.03724025274725275,91
2012,spring,NJ,0.03824446739130435,92
2012,summer,NJ,0.01932405434782609,92
2012,winter,NJ,0.05172663736263736,91
2012,fall,NM,0.04112905494505494,91
2012,spring,NM,0.09695344565217391,92
2012,summer,NM,0.048164,92
2012,winter,NM,0.07662721978021979,91
2012,fall,NV,0.025326923076923077,91
2012,spring,NV,0.07573785869565217,92
2012,summer,NV,0.05161744565217391,92
2012,winter,NV,0.03597728571428572,91
2012,fall,NY,0.03441183516483516,91
2012,spring,NY,0.04183725,92
2012,summer,NY,0.017125815217391302,92
2012,winter,NY,0.05956726373626374,91
2012,fall,OH,0.04592176923076924,91
2012,spring,OH,0.052025206521739135,92
2012,summer,OH,0.022945423913043477,92
2012,winter,OH,0.07700815384615387,91
2012,fall,OK,0.05357317582417581,91
2012,spring,OK,0.07736290217391303,92
2012,summer,OK,0.03972522826086957,92
2012,winter,OK,0.0740087912087912,91
2012,fall,OR,0.025582923076923076,91
2012,spring,OR,0.03812951086956522,92
2012,summer,OR,0.020914021739130435,92
2012,winter,OR,0.04439558241758242,91
2012,fall,PA,0.01717508791208791,91
2012,spring,PA,0.024446771739130433,92
2012,summer,PA,0.009085750000000002,92
2012,winter,PA,0.03816254945054945,91
2012,fall,RI,0.04724508791208791,91
2012,spring,RI,0.043044641304347826,92
2012,summer,RI,0.024139717391304348,92
2012,winter,RI,0.0539508021978022,91
2012,fall,SC,0.009912318681318682,91
2012,spring,SC,0.012505086956521737,92
2012,summer,SC,0.0068981630434782615,92
2012,winter,SC,0.01823576923076923,91
2012,fall,SD,0.08428062637362636,91
2012,spring,SD,0.11242999999999999,92
2012,summer,SD,0.06306459782608695,92
2012,winter,SD,0.08471082417582416,91
2012,fall,TN,0.010528230769230769,91
2012,spring,TN,0.01626245652173913,92
2012,summer,TN,0.0065245869565217374,92
2012,winter,TN,0.02651662637362637,91
2012,fall,TX,0.040496604395604395,91
2012,spring,TX,0.07191768478260871,92
2012,summer,TX,0.03790903260869566,92
2012,winter,TX,0.0644864835164835,91
2012,fall,UT,0.024295186813186813,91
2012,spring,UT,0.07202931521739131,92
2012,summer,UT,0.050536782608695645,92
2012,winter,UT,0.03349828571428571,91
2012,fall,VA,0.0237951978021978,91
2012,spring,VA,0.025557413043478264,92
2012,summer,VA,0.012841989130434783,92
2012,winter,VA,0.03864232967032967,91
2012,fall,VT,0.012590857142857141,91
2012,spring,VT,0.01912582608695652,92
2012,summer,VT,0.006503239130434784,92
2012,winter,VT,0.019043604395604395,91
2012,fall,WA,0.023206538461538466,91
2012,spring,WA,0.037728826086956525,92
2012,summer,WA,0.022023010869565218,92
2012,winter,WA,0.042722164835164826,91
2012,fall,WI,0.035085351648351644,91
2012,spring,WI,0.04831972826086956,92
2012,summer,WI,0.019235326086956522,92
2012,winter,WI,0.04309353846153846,91
2012,fall,WV,0.008497373626373626,91
2012,spring,WV,0.012962097826086956,92
2012,summer,WV,0.005344945652173914,92
2012,winter,WV,0.024924285714285715,91
2012,fall,WY,0.05854160439560441,91
2012,spring,WY,0.09703228260869566,92
2012,summer,WY,0.057587141304347826,92
2012,winter,WY,0.10752224175824177,91
2013,fall,AL,0.01833995604395604,91
2013,spring,AL,0.02667383695652174,92
2013,summer,AL,0.010705565217391303,92
2013,winter,AL,0.025861855555555556,90
2013,fall,AR,0.013389263736263736,91
2013,spring,AR,0.03525277173913044,92
2013,summer,AR,0.009190847826086956,92
2013,winter,AR,0.02699373333333334,90
2013,fall,AZ,0.02695320879120879,91
2013,spring,AZ,0.048927989130434786,92
2013,summer,AZ,0.03069296739130434,92
2013,winter,AZ,0.02935786666666667,90
2013,fall,CA,0.02406986813186813,91
2013,spring,CA,0.045692021739130444,92
2013,summer,CA,0.0336385,92
2013,winter,CA,0.020500566666666668,90
2013,fall,CO,0.05232770329670329,91
2013,spring,CO,0.08022821739130434,92
2013,summer,CO,0.04716296739130434,92
2013,winter,CO,0.05097556666666667,90
2013,fall,CT,0.025392076923076927,91
2013,spring,CT,0.0394811956521739,92
2013,summer,CT,0.015855858695652175,92
2013,winter,CT,0.042345777777777774,90
2013,fall,DE,0.04728923076923077,91
2013,spring,DE,0.059258315217391305,92
2013,summer,DE,0.016303978260869566,92
2013,winter,DE,0.05256193333333334,90
2013,fall,FL,0.019649967032967036,91
2013,spring,FL,0.029411,92
2013,summer,FL,0.0143775,92
2013,winter,FL,0.023152577777777777,90
2013,fall,GA,0.007473252747252748,91
2013,spring,GA,0.017366771739130434,92
2013,summer,GA,0.005629728260869565,92
2013,winter,GA,0.012587600000000001,90
2013,fall,IA,0.05558318681318682,91
2013,spring,IA,0.09112682608695655,92
2013,summer,IA,0.02794605434782609,92
2013,winter,IA,0.08377597777777779,90
2013,fall,ID,0.02389247252747253,91
2013,spring,ID,0.042323804347826094,92
2013,summer,ID,0.01860391304347826,92
2013,winter,ID,0.025775733333333332,90
2013,fall,IL,0.03361142857142857,91
2013,spring,IL,0.06252064130434783,92
2013,summer,IL,0.015621173913043475,92
2013,winter,IL,0.06296245555555556,90
2013,fall,IN,0.03615380219780219,91
2013,spring,IN,0.05723218478260868,92
2013,summer,IN,0.015886260869565218,92
2013,winter,IN,0.06629193333333333,90
2013,fall,KS,0.07944270329670332,91
2013,spring,KS,0.1065883804347826,92
2013,summer,KS,0.06019295652173912,92
2013,winter,KS,0.07028888888888889,90
2013,fall,KY,0.011979846153846155,91
2013,spring,KY,0.02491439130434783,92
2013,summer,KY,0.006181304347826087,92
2013,winter,KY,0.027139833333333335,90
2013,fall,LA,0.050104197802197804,91
2013,spring,LA,0.05316217391304348,92
2013,summer,LA,0.017751271739130433,92
2013,winter,LA,0.07020427777777778,90
2013,fall,MA,0.03694816483516484,91
2013,spring,MA,0.056865369565217386,92
2013,summer,MA,0.022971619565217392,92
2013,winter,MA,0.06409357777777777,90
2013,fall,MD,0.02884556043956044,91
2013,spring,MD,0.04495365217391304,92
2013,summer,MD,0.014680891304347828,92
2013,winter,MD,0.039531500000000004,90
2013,fall,ME,0.021959274725274727,91
2013,spring,ME,0.029682336956521744,92
2013,summer,ME,0.00916675,92
2013,winter,ME,0.03878173333333333,90
2013,fall,MI,0.05211347252747252,91
2013,spring,MI,0.052060184782608696,92
2013,summer,MI,0.017706521739130433,92
2013,winter,MI,0.06537492222222221,90
2013,fall,MN,0.04683959340659342,91
2013,spring,MN,0.059732532608695654,92
2013,summer,MN,0.02262066304347826,92
2013,winter,MN,0.05369284444444445,90
2013,fall,MO,0.02417545054945055,91
2013,spring,MO,0.04129825,92
2013,summer,MO,0.012293413043478259,92
2013,winter,MO,0.03668921111111112,90
2013,fall,MS,0.02249245054945055,91
2013,spring,MS,0.03328842391304348,92
2013,summer,MS,0.009444804347826087,92
2013,winter,MS,0.03335136666666667,90
2013,fall,MT,0.06250732967032967,91
2013,spring,MT,0.0906981956521739,92
2013,summer,MT,0.040436673913043474,92
2013,winter,MT,0.11977783333333332,90
2013,fall,NC,0.014649021978021981,91
2013,spring,NC,0.02399505434782609,92
2013,summer,NC,0.013264108695652175,92
2013,winter,NC,0.021933133333333337,90
2013,fall,ND,0.07295775824175825,91
2013,spring,ND,0.11190647826086957,92
2013,summer,ND,0.04226247826086957,92
2013,winter,ND,0.11407097777777776,90
2013,fall,NE,0.07322081318681319,91
2013,spring,NE,0.10799313043478262,92
2013,summer,NE,0.045651630434782604,92
2013,winter,NE,0.0738681,90
2013,fall,NH,0.044326450549450544,91
2013,spring,NH,0.05345583695652174,92
2013,summer,NH,0.040407391304347826,92
2013,winter,NH,0.050355911111111124,90
2013,fall,NJ,0.030381032967032966,91
2013,spring,NJ,0.043288956521739134,92
2013,summer,NJ,0.014129956521739132,92
2013,winter,NJ,0.04631291111111112,90
2013,fall,NM,0.04933627472527473,91
2013,spring,NM,0.10313755434782611,92
2013,summer,NM,0.054897271739130435,92
2013,winter,NM,0.06710699999999999,90
2013,fall,NV,0.03318710989010989,91
2013,spring,NV,0.05624967391304348,92
2013,summer,NV,0.045659391304347825,92
2013,winter,NV,0.02516452222222222,90
2013,fall,NY,0.03856240659340659,91
2013,spring,NY,0.050508978260869565,92
2013,summer,NY,0.017333913043478262,92
2013,winter,NY,0.054869688888888886,90
2013,fall,OH,0.04151212087912088,91
2013,spring,OH,0.06165391304347826,92
2013,summer,OH,0.01658904347826087,92
2013,winter,OH,0.07418567777777778,90
2013,fall,OK,0.05298097802197802,91
2013,spring,OK,0.08835431521739132,92
2013,summer,OK,0.039586489130434784,92
2013,winter,OK,0.05316953333333333,90
2013,fall,OR,0.021442087912087914,91
2013,spring,OR,0.028851597826086955,92
2013,summer,OR,0.02150590217391304,92
2013,winter,OR,0.021924844444444445,90
2013,fall,PA,0.01947674725274725,91
2013,spring,PA,0.03145378260869565,92
2013,summer,PA,0.00724675,92
2013,winter,PA,0.034492244444444445,90
2013,fall,RI,0.03729374725274725,91
2013,spring,RI,0.06866185869565218,92
2013,summer,RI,0.030005554347826084,92
2013,winter,RI,0.056312388888888884,90
2013,fall,SC,0.009650120879120882,91
2013,spring,SC,0.02095279347826087,92
2013,summer,SC,0.010035130434782609,92
2013,winter,SC,0.01571998888888889,90
2013,fall,SD,0.07868672527472526,91
2013,spring,SD,0.11186880434782608,92
2013,summer,SD,0.04670846739130435,92
2013,winter,SD,0.0960468,90
2013,fall,TN,0.010290747252747253,91
2013,spring,TN,0.020155097826086956,92
2013,summer,TN,0.005096847826086956,92
2013,winter,TN,0.020694022222222223,90
2013,fall,TX,0.04541746153846154,91
2013,spring,TX,0.08412340217391304,92
2013,summer,TX,0.03871130434782608,92
2013,winter,TX,0.05850398888888889,90
2013,fall,UT,0.031858648351648346,91
2013,spring,UT,0.04401495652173914,92
2013,summer,UT,0.040455065217391305,92
2013,winter,UT,0.016917644444444442,90
2013,fall,VA,0.02297789010989011,91
2013,spring,VA,0.0354634347826087,92
2013,summer,VA,0.014300108695652175,92
2013,winter,VA,0.03161813333333333,90
2013,fall,VT,0.015564010989010989,91
2013,spring,VT,0.022397108695652174,92
2013,summer,VT,0.005515282608695651,92
2013,winter,VT,0.019720877777777777,90
2013,fall,WA,0.01957289010989011,91
2013,spring,WA,0.03163710869565218,92
2013,summer,WA,0.015992695652173913,92
2013,winter,WA,0.02343768888888889,90
2013,fall,WI,0.0370290989010989,91
2013,spring,WI,0.043688152173913045,92
2013,summer,WI,0.014940423913043479,92
2013,winter,WI,0.04378871111111111,90
2013,fall,WV,0.009171076923076922,91
2013,spring,WV,0.021406521739130435,92
2013,summer,WV,0.0034173369565217394,92
2013,winter,WV,0.02409371111111111,90
2013,fall,WY,0.06660646153846153,91
2013,spring,WY,0.09753130434782609,92
2013,summer,WY,0.05257752173913042,92
2013,winter,WY,0.08939209999999999,90
2014,fall,AL,0.01598845054945055,91
2014,spring,AL,0.0227585,92
2014,summer,AL,0.00932386956521739,92
2014,winter,AL,0.02383886666666667,90
2014,fall,AR,0.02089363736263736,91
2014,spring,AR,0.038723760869565214,92
2014,summer,AR,0.011731847826086958,92
2014,winter,AR,0.033850377777777774,90
2014,fall,AZ,0.021053560439560443,91
2014,spring,AZ,0.05446580434782609,92
2014,summer,AZ,0.03587291304347826,92
2014,winter,AZ,0.02042551111111111,90
2014,fall,CA,0.02005921978021978,91
2014,spring,CA,0.04257886956521739,92
2014,summer,CA,0.03510985869565217,92
2014,winter,CA,0.023539033333333334,90
2014,fall,CO,0.05429451648351648,91
2014,spring,CO,0.09761888043478258,92
2014,summer,CO,0.050369173913043484,92
2014,winter,CO,0.06485642222222222,90
2014,fall,CT,0.036532901098901095,91
2014,spring,CT,0.048340260869565214,92
2014,summer,CT,0.015755641304347826,92
2014,winter,CT,0.04207654444444445,90
2014,fall,DE,0.051331406593406584,91
2014,spring,DE,0.06139940217391304,92
2014,summer,DE,0.02343744565217391,92
2014,winter,DE,0.06449448888888888,90
2014,fall,FL,0.01670010989010989,91
2014,spring,FL,0.02555233695652174,92
2014,summer,FL,0.013379358695652177,92
2014,winter,FL,0.018120999999999998,90
2014,fall,GA,0.008056736263736262,91
2014,spring,GA,0.01435213043478261,92
2014,summer,GA,0.006037021739130434,92
2014,winter,GA,0.013499622222222223,90
2014,fall,IA,0.06787393406593407,91
2014,spring,IA,0.11176852173913045,92
2014,summer,IA,0.03188967391304348,92
2014,winter,IA,0.10038638888888887,90
2014,fall,ID,0.032888989010989,91
2014,spring,ID,0.04906736956521739,92
2014,summer,ID,0.02363438043478261,92
2014,winter,ID,0.043181055555555556,90
2014,fall,IL,0.04521364835164836,91
2014,spring,IL,0.06796869565217391,92
2014,summer,IL,0.02214523913043478,92
2014,winter,IL,0.06976968888888889,90
2014,fall,IN,0.04608761538461538,91
2014,spring,IN,0.06298527173913042,92
2014,summer,IN,0.019411282608695655,92
2014,winter,IN,0.06468615555555556,90
2014,fall,KS,0.07564735164835167,91
2014,spring,KS,0.14042703260869566,92
2014,summer,KS,0.07033890217391303,92
2014,winter,KS,0.08485185555555555,90
2014,fall,KY,0.01849165934065934,91
2014,spring,KY,0.03164376086956521,92
2014,summer,KY,0.008556804347826087,92
2014,winter,KY,0.027948177777777784,90
2014,fall,LA,0.04269731868131868,91
2014,spring,LA,0.05840653260869567,92
2014,summer,LA,0.01876123913043478,92
2014,winter,LA,0.061368455555555555,90
2014,fall,MA,0.04325983516483517,91
2014,spring,MA,0.05978294565217391,92
2014,summer,MA,0.02486669565217391,92
2014,winter,MA,0.05852434444444443,90
2014,fall,MD,0.03473825274725275,91
2014,spring,MD,0.04244416304347826,92
2014,summer,MD,0.01542238043478261,92
2014,winter,MD,0.03978658888888889,90
2014,fall,ME,0.025404076923076925,91
2014,spring,ME,0.035139586956521744,92
2014,summer,ME,0.011806369565217393,92
2014,winter,ME,0.0322543,90
2014,fall,MI,0.05911721978021978,91
2014,spring,MI,0.04558870652173913,92
2014,summer,MI,0.022055152173913045,92
2014,winter,MI,0.06415941111111112,90
2014,fall,MN,0.0542936043956044,91
2014,spring,MN,0.06998955434782608,92
2014,summer,MN,0.030123967391304348,92
2014,winter,MN,0.06972483333333333,90
2014,fall,MO,0.030659450549450556,91
2014,spring,MO,0.0554313043478261,92
2014,summer,MO,0.018003826086956522,92
2014,winter,MO,0.047404977777777774,90
2014,fall,MS,0.01722496703296703,91
2014,spring,MS,0.02858776086956522,92
2014,summer,MS,0.007698554347826086,92
2014,winter,MS,0.029576377777777777,90
2014,fall,MT,0.08538974725274726,91
2014,spring,MT,0.08609123913043479,92
2014,summer,MT,0.05031503260869566,92
2014,winter,MT,0.11433755555555557,90
2014,fall,NC,0.01546125274725275,91
2014,spring,NC,0.030731315217391305,92
2014,summer,NC,0.011093695652173914,92
2014,winter,NC,0.024085255555555556,90
2014,fall,ND,0.11010895604395604,91
2014,spring,ND,0.1157114347826087,92
2014,summer,ND,0.057896108695652176,92
2014,winter,ND,0.14344705555555556,90
2014,fall,NE,0.07480003296703296,91
2014,spring,NE,0.13319127173913042,92
2014,summer,NE,0.04699954347826087,92
2014,winter,NE,0.10233396666666665,90
2014,fall,NH,0.049670164835164836,91
2014,spring,NH,0.060215065217391305,92
2014,summer,NH,0.03733473913043478,92
2014,winter,NH,0.04876538888888889,90
2014,fall,NJ,0.03296037362637363,91
2014,spring,NJ,0.04889989130434782,92
2014,summer,NJ,0.018843402173913042,92
2014,winter,NJ,0.045248000000000003,90
2014,fall,NM,0.04875439560439561,91
2014,spring,NM,0.11155253260869566,92
2014,summer,NM,0.055557478260869556,92
2014,winter,NM,0.06775076666666667,90
2014,fall,NV,0.0324670989010989,91
2014,spring,NV,0.06452427173913045,92
2014,summer,NV,0.04592101086956522,92
2014,winter,NV,0.030829888888888886,90
2014,fall,NY,0.03906114285714286,91
2014,spring,NY,0.05236815217391305,92
2014,summer,NY,0.018440380434782605,92
2014,winter,NY,0.05671512222222222,90
2014,fall,OH,0.054541032967032964,91
2014,spring,OH,0.06273075,92
2014,summer,OH,0.022038836956521736,92
2014,winter,OH,0.07132583333333334,90
2014,fall,OK,0.05511786813186813,91
2014,spring,OK,0.10508426086956522,92
2014,summer,OK,0.04744117391304347,92
2014,winter,OK,0.06834777777777777,90
2014,fall,OR,0.02983945054945055,91
2014,spring,OR,0.03284741304347826,92
2014,summer,OR,0.023975880434782607,92
2014,winter,OR,0.041811911111111114,90
2014,fall,PA,0.023546890109890112,91
2014,spring,PA,0.034270293478260876,92
2014,summer,PA,0.009063739130434782,92
2014,winter,PA,0.03500053333333333,90
2014,fall,RI,0.05008250549450549,91
2014,spring,RI,0.06029357608695652,92
2014,summer,RI,0.02975535869565217,92
2014,winter,RI,0.056408655555555555,90
2014,fall,SC,0.009318714285714284,91
2014,spring,SC,0.021176989130434785,92
2014,summer,SC,0.008564978260869565,92
2014,winter,SC,0.015423899999999999,90
2014,fall,SD,0.10295320879120878,91
2014,spring,SD,0.12268199999999999,92
2014,summer,SD,0.05116964130434783,92
2014,winter,SD,0.13058196666666666,90
2014,fall,TN,0.01534978021978022,91
2014,spring,TN,0.024061815217391307,92
2014,summer,TN,0.0070898913043478265,92
2014,winter,TN,0.024758711111111116,90
2014,fall,TX,0.04651290109890109,91
2014,spring,TX,0.08366139130434784,92
2014,summer,TX,0.048585097826086956,92
2014,winter,TX,0.060395544444444435,90
2014,fall,UT,0.031378296703296706,91
2014,spring,UT,0.060276021739130436,92
2014,summer,UT,0.04346409782608695,92
2014,winter,UT,0.027484800000000004,90
2014,fall,VA,0.02532854945054945,91
2014,spring,VA,0.03960373913043479,92
2014,summer,VA,0.012449521739130436,92
2014,winter,VA,0.03454655555555555,90
2014,fall,VT,0.014796714285714283,91
2014,spring,VT,0.027541760869565217,92
2014,summer,VT,0.007804684782608697,92
2014,winter,VT,0.01852277777777778,90
2014,fall,WA,0.028175208791208793,91
2014,spring,WA,0.03724490217391305,92
2014,summer,WA,0.02695252173913043,92
2014,winter,WA,0.03739182222222222,90
2014,fall,WI,0.03627542857142857,91
2014,spring,WI,0.044448499999999995,92
2014,summer,WI,0.02006383695652174,92
2014,winter,WI,0.048403699999999994,90
2014,fall,WV,0.014755296703296703,91
2014,spring,WV,0.024679304347826083,92
2014,summer,WV,0.005853043478260871,92
2014,winter,WV,0.023763355555555553,90
2014,fall,WY,0.08752612087912087,91
2014,spring,WY,0.11117092391304349,92
2014,summer,WY,0.05413875,92
2014,winter,WY,0.12477113333333334,90
2015,fall,AL,0.01845946153846154,91
2015,spring,AL,0.016392228260869564,92
2015,summer,AL,0.011564739130434784,92
2015,winter,AL,0.02654007777777778,90
2015,fall,AR,0.014141835164835163,91
2015,spring,AR,0.02399757608695652,92
2015,summer,AR,0.010809413043478261,92
2015,winter,AR,0.0314619,90
2015,fall,AZ,0.0284080989010989,91
2015,spring,AZ,0.03793715217391304,92
2015,summer,AZ,0.030362695652173914,92
2015,winter,AZ,0.02611572222222222,90
2015,fall,CA,0.022472494505494506,91
2015,spring,CA,0.034334826086956524,92
2015,summer,CA,0.03299988043478261,92
2015,winter,CA,0.02435044444444445,90
2015,fall,CO,0.049597197802197804,91
2015,spring,CO,0.0623229347826087,92
2015,summer,CO,0.040269695652173906,92
2015,winter,CO,0.0607614,90
2015,fall,CT,0.02882432967032967,91
2015,spring,CT,0.038317554347826084,92
2015,summer,CT,0.014223,92
2015,winter,CT,0.04496272222222222,90
2015,fall,DE,0.04981487912087912,91
2015,spring,DE,0.04571960869565217,92
2015,summer,DE,0.019360065217391306,92
2015,winter,DE,0.06533742222222223,90
2015,fall,FL,0.020438989010989013,91
2015,spring,FL,0.01980014130434783,92
2015,summer,FL,0.014078858695652173,92
2015,winter,FL,0.027112433333333335,90
2015,fall,GA,0.006817263736263736,91
2015,spring,GA,0.009532913043478261,92
2015,summer,GA,0.006099739130434783,92
2015,winter,GA,0.014282233333333333,90
2015,fall,IA,0.06146002197802198,91
2015,spring,IA,0.0845909456521739,92
2015,summer,IA,0.022724228260869565,92
2015,winter,IA,0.0887086111111111,90
2015,fall,ID,0.02609245054945055,91
2015,spring,ID,0.034923749999999996,92
2015,summer,ID,0.020928815217391306,92
2015,winter,ID,0.03119487777777778,90
2015,fall,IL,0.05395824175824176,91
2015,spring,IL,0.056160739130434775,92
2015,summer,IL,0.017373597826086957,92
2015,winter,IL,0.06994902222222223,90
2015,fall,IN,0.04620281318681319,91
2015,spring,IN,0.04778033695652173,92
2015,summer,IN,0.018412152173913038,92
2015,winter,IN,0.061344211111111116,90
2015,fall,KS,0.07517682417582418,91
2015,spring,KS,0.07808277173913043,92
2015,summer,KS,0.04763473913043478,92
2015,winter,KS,0.08465941111111111,90
2015,fall,KY,0.011965351648351647,91
2015,spring,KY,0.01914048913043478,92
2015,summer,KY,0.007899684782608695,92
2015,winter,KY,0.027440988888888886,90
2015,fall,LA,0.05736997802197801,91
2015,spring,LA,0.03927653260869566,92
2015,summer,LA,0.020443315217391303,92
2015,winter,LA,0.06862997777777778,90
2015,fall,MA,0.0412870989010989,91
2015,spring,MA,0.05537322826086956,92
2015,summer,MA,0.020689489130434783,92
2015,winter,MA,0.06806982222222223,90
2015,fall,MD,0.028021868131868133,91
2015,spring,MD,0.03452419565217391,92
2015,summer,MD,0.015393728260869566,92
2015,winter,MD,0.04687326666666667,90
2015,fall,ME,0.01969287912087912,91
2015,spring,ME,0.03825872826086957,92
2015,summer,ME,0.010256597826086957,92
2015,winter,ME,0.04070866666666667,90
2015,fall,MI,0.054279021978021987,91
2015,spring,MI,0.0454895,92
2015,summer,MI,0.022312695652173913,92
2015,winter,MI,0.0680298,90
2015,fall,MN,0.048415659340659334,91
2015,spring,MN,0.07017510869565217,92
2015,summer,MN,0.026893260869565224,92
2015,winter,MN,0.05642545555555556,90
2015,fall,MO,0.026773461538461538,91
2015,spring,MO,0.03313911956521739,92
2015,summer,MO,0.01295233695652174,92
2015,winter,MO,0.04386731111111112,90
2015,fall,MS,0.019460945054945052,91
2015,spring,MS,0.02100616304347826,92
2015,summer,MS,0.009689891304347827,92
2015,winter,MS,0.03239438888888889,90
2015,fall,MT,0.08479554945054946,91
2015,spring,MT,0.08721035869565216,92
2015,summer,MT,0.05288667391304348,92
2015,winter,MT,0.10750145555555554,90
2015,fall,NC,0.019125032967032968,91
2015,spring,NC,0.02123544565217391,92
2015,summer,NC,0.010183728260869565,92
2015,winter,NC,0.025462766666666668,90
2015,fall,ND,0.09180045054945055,91
2015,spring,ND,0.12259521739130434,92
2015,summer,ND,0.05917503260869565,92
2015,winter,ND,0.09777122222222222,90
2015,fall,NE,0.06449243956043957,91
2015,spring,NE,0.09081915217391305,92
2015,summer,NE,0.04225869565217391,92
2015,winter,NE,0.0974226,90
2015,fall,NH,0.04350228571428571,91
2015,spring,NH,0.05962402173913044,92
2015,summer,NH,0.039063054347826094,92
2015,winter,NH,0.0546968,90
2015,fall,NJ,0.03030302197802198,91
2015,spring,NJ,0.04151001086956522,92
2015,summer,NJ,0.01908983695652174,92
2015,winter,NJ,0.048325822222222224,90
2015,fall,NM,0.04754363736263737,91
2015,spring,NM,0.07160040217391304,92
2015,summer,NM,0.03686028260869565,92
2015,winter,NM,0.0613695,90
2015,fall,NV,0.03272997802197802,91
2015,spring,NV,0.047782086956521745,92
2015,summer,NV,0.04328519565217391,92
2015,winter,NV,0.02956735555555556,90
2015,fall,NY,0.03389412087912088,91
2015,spring,NY,0.04449688043478262,92
2015,summer,NY,0.017027684782608694,92
2015,winter,NY,0.05403101111111111,90
2015,fall,OH,0.05293769230769231,91
2015,spring,OH,0.04974130434782609,92
2015,summer,OH,0.021752456521739124,92
2015,winter,OH,0.0625276,90
2015,fall,OK,0.04891341758241758,91
2015,spring,OK,0.0538504347826087,92
2015,summer,OK,0.03143590217391304,92
2015,winter,OK,0.06395575555555556,90
2015,fall,OR,0.023634417582417584,91
2015,spring,OR,0.023151358695652175,92
2015,summer,OR,0.02398754347826087,92
2015,winter,OR,0.04076348888888889,90
2015,fall,PA,0.01847156043956044,91
2015,spring,PA,0.028106065217391306,92
2015,summer,PA,0.009236,92
2015,winter,PA,0.035818744444444446,90
2015,fall,RI,0.044667505494505495,91
2015,spring,RI,0.050091510869565224,92
2015,summer,RI,0.026113032608695647,92
2015,winter,RI,0.06147257777777777,90
2015,fall,SC,0.012579736263736265,91
2015,spring,SC,0.014489934782608694,92
2015,summer,SC,0.009584902173913043,92
2015,winter,SC,0.016247877777777777,90
2015,fall,SD,0.07307094505494506,91
2015,spring,SD,0.11366828260869567,92
2015,summer,SD,0.05128720652173912,92
2015,winter,SD,0.09592844444444444,90
2015,fall,TN,0.01011476923076923,91
2015,spring,TN,0.016099956521739133,92
2015,summer,TN,0.006864521739130435,92
2015,winter,TN,0.025295444444444447,90
2015,fall,TX,0.04297894505494506,91
2015,spring,TX,0.05345507608695652,92
2015,summer,TX,0.03520773913043478,92
2015,winter,TX,0.05788724444444445,90
2015,fall,UT,0.03998747252747252,91
2015,spring,UT,0.04434959782608695,92
2015,summer,UT,0.039383326086956515,92
2015,winter,UT,0.025254922222222222,90
2015,fall,VA,0.023924219780219778,91
2015,spring,VA,0.02822696739130435,92
2015,summer,VA,0.012406076086956522,92
2015,winter,VA,0.03703306666666666,90
2015,fall,VT,0.013503857142857142,91
2015,spring,VT,0.026117043478260864,92
2015,summer,VT,0.00707420652173913,92
2015,winter,VT,0.02056781111111111,90
2015,fall,WA,0.028623318681318684,91
2015,spring,WA,0.02891752173913043,92
2015,summer,WA,0.033760793478260866,92
2015,winter,WA,0.028226499999999995,90
2015,fall,WI,0.03891038461538462,91
2015,spring,WI,0.0423969347826087,92
2015,summer,WI,0.018952728260869564,92
2015,winter,WI,0.047379155555555566,90
2015,fall,WV,0.011879241758241758,91
2015,spring,WV,0.01853098913043478,92
2015,summer,WV,0.005794630434782609,92
2015,winter,WV,0.0240714,90
2015,fall,WY,0.06630562637362639,91
2015,spring,WY,0.07220514130434783,92
2015,summer,WY,0.04761511956521739,92
2015,winter,WY,0.09644019999999999,90
2016,fall,AL,0.009208615384615385,91
2016,spring,AL,0.018632684782608697,92
2016,summer,AL,0.007913543478260869,92
2016,winter,AL,0.022506120879120878,91
2016,fall,AR,0.014644615384615381,91
2016,spring,AR,0.033107489130434785,92
2016,summer,AR,0.009304391304347825,92
2016,winter,AR,0.03371457142857143,91
2016,fall,AZ,0.02806210989010989,91
2016,spring,AZ,0.048992271739130434,92
2016,summer,AZ,0.03270163043478261,92
2016,winter,AZ,0.03116620879120879,91
2016,fall,CA,0.025632032967032967,91
2016,spring,CA,0.04433166304347826,92
2016,summer,CA,0.032871163043478265,92
2016,winter,CA,0.028686384615384614,91
2016,fall,CO,0.06009498901098902,91
2016,spring,CO,0.08459016304347826,92
2016,summer,CO,0.041623184782608694,92
2016,winter,CO,0.0736364945054945,91
2016,fall,CT,0.025085208791208787,91
2016,spring,CT,0.030852097826086954,92
2016,summer,CT,0.01460504347826087,92
2016,winter,CT,0.039917835164835165,91
2016,fall,DE,0.04028681318681318,91
2016,spring,DE,0.05192179347826086,92
2016,summer,DE,0.02278185869565217,92
2016,winter,DE,0.06918264835164836,91
2016,fall,FL,0.028457714285714288,91
2016,spring,FL,0.02995260869565218,92
2016,summer,FL,0.019823467391304344,92
2016,winter,FL,0.03374364835164835,91
2016,fall,GA,0.009026406593406594,91
2016,spring,GA,0.011736173913043478,92
2016,summer,GA,0.006701173913043479,92
2016,winter,GA,0.015291813186813186,91
2016,fall,IA,0.05035656043956043,91
2016,spring,IA,0.09097000000000001,92
2016,summer,IA,0.02736982608695652,92
2016,winter,IA,0.0952597252747253,91
2016,fall,ID,0.026032098901098904,91
2016,spring,ID,0.03768976086956522,92
2016,summer,ID,0.024600021739130437,92
2016,winter,ID,0.033601626373626375,91
2016,fall,IL,0.028832615384615387,91
2016,spring,IL,0.054749728260869567,92
2016,summer,IL,0.012491978260869565,92
2016,winter,IL,0.0623487032967033,91
2016,fall,IN,0.024515868131868127,91
2016,spring,IN,0.04891909782608695,92
2016,summer,IN,0.01373470652173913,92
2016,winter,IN,0.06082638461538462,91
2016,fall,KS,0.07168353846153845,91
2016,spring,KS,0.10813280434782607,92
2016,summer,KS,0.049475815217391306,92
2016,winter,KS,0.07600623076923077,91
2016,fall,KY,0.010520428571428573,91
2016,spring,KY,0.026941228260869567,92
2016,summer,KY,0.00827163043478261,92
2016,winter,KY,0.03139342857142858,91
2016,fall,LA,0.035112780219780225,91
2016,spring,LA,0.05774416304347825,92
2016,summer,LA,0.01818922826086956,92
2016,winter,LA,0.0764977032967033,91
2016,fall,MA,0.04199393406593407,91
2016,spring,MA,0.0556021847826087,92
2016,summer,MA,0.02753483695652174,92
2016,winter,MA,0.07679917582417582,91
2016,fall,MD,0.024987208791208793,91
2016,spring,MD,0.03109180434782608,92
2016,summer,MD,0.01049186956521739,92
2016,winter,MD,0.043417868131868126,91
2016,fall,ME,0.014998406593406592,91
2016,spring,ME,0.02701651086956522,92
2016,summer,ME,0.013133554347826088,92
2016,winter,ME,0.029325945054945058,91
2016,fall,MI,0.027102164835164835,91
2016,spring,MI,0.030608793478260867,92
2016,summer,MI,0.017169445652173914,92
2016,winter,MI,0.056308505494505494,91
2016,fall,MN,0.04208835164835165,91
2016,spring,MN,0.058392380434782606,92
2016,summer,MN,0.02863463043478261,92
2016,winter,MN,0.07017041758241759,91
2016,fall,MO,0.023546494505494505,91
2016,spring,MO,0.04430760869565217,92
2016,summer,MO,0.012350695652173916,92
2016,winter,MO,0.04415818681318681,91
2016,fall,MS,0.011796087912087912,91
2016,spring,MS,0.02788905434782609,92
2016,summer,MS,0.008405576086956523,92
2016,winter,MS,0.029213065934065936,91
2016,fall,MT,0.07753502197802198,91
2016,spring,MT,0.0934911304347826,92
2016,summer,MT,0.06662186956521739,92
2016,winter,MT,0.12905340659340658,91
2016,fall,NC,0.015429593406593407,91
2016,spring,NC,0.0196115,92
2016,summer,NC,0.008714641304347825,92
2016,winter,NC,0.02367352747252747,91
2016,fall,ND,0.08227910989010989,91
2016,spring,ND,0.12300533695652177,92
2016,summer,ND,0.07145017391304348,92
2016,winter,ND,0.1427244065934066,91
2016,fall,NE,0.06705903296703297,91
2016,spring,NE,0.1175023043478261,92
2016,summer,NE,0.049203402173913044,92
2016,winter,NE,0.09834456043956044,91
2016,fall,NH,0.04556187912087912,91
2016,spring,NH,0.05287515217391304,92
2016,summer,NH,0.046395782608695646,92
2016,winter,NH,0.05664259340659342,91
2016,fall,NJ,0.024748230769230765,91
2016,spring,NJ,0.03198197826086956,92
2016,summer,NJ,0.014052804347826088,92
2016,winter,NJ,0.04180046153846155,91
2016,fall,NM,0.04880925274725276,91
2016,spring,NM,0.09362401086956522,92
2016,summer,NM,0.04738127173913043,92
2016,winter,NM,0.0654248021978022,91
2016,fall,NV,0.04150876923076923,91
2016,spring,NV,0.05835177173913044,92
2016,summer,NV,0.04673289130434783,92
2016,winter,NV,0.029816241758241758,91
2016,fall,NY,0.03256592307692308,91
2016,spring,NY,0.04052033695652174,92
2016,summer,NY,0.022723467391304347,92
2016,winter,NY,0.06210801098901099,91
2016,fall,OH,0.026985989010989014,91
2016,spring,OH,0.0459868152173913,92
2016,summer,OH,0.01676620652173913,92
2016,winter,OH,0.06609464835164834,91
2016,fall,OK,0.04814520879120879,91
2016,spring,OK,0.07479346739130435,92
2016,summer,OK,0.035342902173913046,92
2016,winter,OK,0.06026368131868131,91
2016,fall,OR,0.02605720879120879,91
2016,spring,OR,0.03315198913043478,92
2016,summer,OR,0.022462684782608697,92
2016,winter,OR,0.030804395604395608,91
2016,fall,PA,0.022212065934065932,91
2016,spring,PA,0.02997760869565217,92
2016,summer,PA,0.011021239130434783,92
2016,winter,PA,0.04345582417582418,91
2016,fall,RI,0.036196043956043956,91
2016,spring,RI,0.051651206521739136,92
2016,summer,RI,0.028350771739130438,92
2016,winter,RI,0.05747062637362638,91
2016,fall,SC,0.013337439560439564,91
2016,spring,SC,0.01485117391304348,92
2016,summer,SC,0.009139967391304347,92
2016,winter,SC,0.016774681318681317,91
2016,fall,SD,0.08187115384615384,91
2016,spring,SD,0.10693326086956521,92
2016,summer,SD,0.06490456521739131,92
2016,winter,SD,0.11271203296703297,91
2016,fall,TN,0.008666846153846153,91
2016,spring,TN,0.02093623913043478,92
2016,summer,TN,0.00804904347826087,92
2016,winter,TN,0.023163164835164833,91
2016,fall,TX,0.03235672527472527,91
2016,spring,TX,0.06428528260869566,92
2016,summer,TX,0.03683584782608696,92
2016,winter,TX,0.05802451648351648,91
2016,fall,UT,0.04406291208791208,91
2016,spring,UT,0.054922456521739126,92
2016,summer,UT,0.04750358695652175,92
2016,winter,UT,0.027211164835164836,91
2016,fall,VA,0.018934494505494507,91
2016,spring,VA,0.026523945652173912,92
2016,summer,VA,0.008314815217391304,92
2016,winter,VA,0.0338107032967033,91
2016,fall,VT,0.010825362637362636,91
2016,spring,VT,0.018103858695652175,92
2016,summer,VT,0.009316510869565217,92
2016,winter,VT,0.023276560439560442,91
2016,fall,WA,0.02398346153846154,91
2016,spring,WA,0.03535057608695653,92
2016,summer,WA,0.025701521739130432,92
2016,winter,WA,0.022448703296703294,91
2016,fall,WI,0.024836659340659338,91
2016,spring,WI,0.03452342391304348,92
2016,summer,WI,0.01681967391304348,92
2016,winter,WI,0.040809384615384615,91
2016,fall,WV,0.010172692307692308,91
2016,spring,WV,0.022834467391304347,92
2016,summer,WV,0.005957880434782609,92
2016,winter,WV,0.028489120879120883,91
2016,fall,WY,0.06848242857142858,91
2016,spring,WY,0.08977826086956522,92
2016,summer,WY,0.05609513043478261,92
2016,winter,WY,0.11304459340659338,91
2017,fall,AL,0.017748846153846157,91
2017,spring,AL,0.025163902173913042,92
2017,summer,AL,0.009866521739130435,92
2017,winter,AL,0.021109422222222226,90
2017,fall,AR,0.016892307692307693,91
2017,spring,AR,0.04047479347826087,92
2017,summer,AR,0.008892380434782608,92
2017,winter,AR,0.03175666666666666,90
2017,fall,AZ,0.027869560439560438,91
2017,spring,AZ,0.04964550000000001,92
2017,summer,AZ,0.029842760869565218,92
2017,winter,AZ,0.03285394444444444,90
2017,fall,CA,0.021994538461538468,91
2017,spring,CA,0.04208180434782609,92
2017,summer,CA,0.03077941304347826,92
2017,winter,CA,0.035050344444444444,90
2017,fall,CO,0.07005600000000001,91
2017,spring,CO,0.08776448913043478,92
2017,summer,CO,0.04278002173913044,92
2017,winter,CO,0.0756701888888889,90
2017,fall,CT,0.03751847252747253,91
2017,spring,CT,0.05261995652173913,92
2017,summer,CT,0.01424521739130435,92
2017,winter,CT,0.043726688888888886,90
2017,fall,DE,0.038517285714285705,91
2017,spring,DE,0.0673504891304348,92
2017,summer,DE,0.02160933695652174,92
2017,winter,DE,0.05642343333333333,90
2017,fall,FL,0.034704604395604396,91
2017,spring,FL,0.034372880434782614,92
2017,summer,FL,0.013949445652173913,92
2017,winter,FL,0.022500277777777775,90
2017,fall,GA,0.012239857142857143,91
2017,spring,GA,0.015440076086956522,92
2017,summer,GA,0.005368597826086957,92
2017,winter,GA,0.01227507777777778,90
2017,fall,IA,0.05777836263736265,91
2017,spring,IA,0.08982221739130435,92
2017,summer,IA,0.030989836956521737,92
2017,winter,IA,0.07799853333333331,90
2017,fall,ID,0.02826552747252747,91
2017,spring,ID,0.04307029347826088,92
2017,summer,ID,0.017995478260869568,92
2017,winter,ID,0.03599376666666666,90
2017,fall,IL,0.03865376923076923,91
2017,spring,IL,0.07870621739130435,92
2017,summer,IL,0.02341654347826087,92
2017,winter,IL,0.06529486666666666,90
2017,fall,IN,0.03432176923076923,91
2017,spring,IN,0.07381852173913042,92
2017,summer,IN,0.022783358695652175,92
2017,winter,IN,0.06281476666666667,90
2017,fall,KS,0.07855202197802197,91
2017,spring,KS,0.11461193478260868,92
2017,summer,KS,0.05222944565217392,92
2017,winter,KS,0.06898015555555555,90
2017,fall,KY,0.013965956043956044,91
2017,spring,KY,0.03172971739130435,92
2017,summer,KY,0.0073202717391304345,92
2017,winter,KY,0.027716100000000004,90
2017,fall,LA,0.046786956043956045,91
2017,spring,LA,0.06156511956521738,92
2017,summer,LA,0.03269948913043478,92
2017,winter,LA,0.06559665555555556,90
2017,fall,MA,0.0487415054945055,91
2017,spring,MA,0.06725157608695652,92
2017,summer,MA,0.024164032608695655,92
2017,winter,MA,0.061959455555555557,90
2017,fall,MD,0.024712175824175824,91
2017,spring,MD,0.052144499999999996,92
2017,summer,MD,0.017316054347826088,92
2017,winter,MD,0.04570557777777777,90
2017,fall,ME,0.02415242857142857,91
2017,spring,ME,0.03349766304347826,92
2017,summer,ME,0.01048113043478261,92
2017,winter,ME,0.03274016666666667,90
2017,fall,MI,0.04967963736263736,91
2017,spring,MI,0.06368310869565218,92
2017,summer,MI,0.024585978260869567,92
2017,winter,MI,0.06569246666666666,90
2017,fall,MN,0.052460065934065936,91
2017,spring,MN,0.058279956521739125,92
2017,summer,MN,0.022151282608695654,92
2017,winter,MN,0.05248033333333334,90
2017,fall,MO,0.025886219780219783,91
2017,spring,MO,0.05290961956521739,92
2017,summer,MO,0.015027760869565221,92
2017,winter,MO,0.04215828888888889,90
2017,fall,MS,0.01766743956043956,91
2017,spring,MS,0.034077326086956516,92
2017,summer,MS,0.013152945652173915,92
2017,winter,MS,0.026652222222222226,90
2017,fall,MT,0.10455053846153849,91
2017,spring,MT,0.09015194565217394,92
2017,summer,MT,0.05775196739130435,92
2017,winter,MT,0.09857880000000001,90
2017,fall,NC,0.016071956043956042,91
2017,spring,NC,0.028451054347826087,92
2017,summer,NC,0.012438923913043479,92
2017,winter,NC,0.021848088888888888,90
2017,fall,ND,0.11186110989010989,91
2017,spring,ND,0.1239681195652174,92
2017,summer,ND,0.06233721739130435,92
2017,winter,ND,0.11525284444444445,90
2017,fall,NE,0.07665063736263736,91
2017,spring,NE,0.10408427173913042,92
2017,summer,NE,0.043362782608695645,92
2017,winter,NE,0.08569428888888889,90
2017,fall,NH,0.045387648351648345,91
2017,spring,NH,0.056863836956521745,92
2017,summer,NH,0.0432438695652174,92
2017,winter,NH,0.04964814444444444,90
2017,fall,NJ,0.02981984615384616,91
2017,spring,NJ,0.05871568478260869,92
2017,summer,NJ,0.01929261956521739,92
2017,winter,NJ,0.04960321111111111,90
2017,fall,NM,0.05255191208791208,91
2017,spring,NM,0.09832665217391304,92
2017,summer,NM,0.04453286956521738,92
2017,winter,NM,0.07429485555555557,90
2017,fall,NV,0.033587989010989014,91
2017,spring,NV,0.0645176195652174,92
2017,summer,NV,0.03725063043478261,92
2017,winter,NV,0.04737384444444445,90
2017,fall,NY,0.033323989010989014,91
2017,spring,NY,0.05432321739130434,92
2017,summer,NY,0.016948750000000002,92
2017,winter,NY,0.05074801111111111,90
2017,fall,OH,0.041759021978021976,91
2017,spring,OH,0.07620631521739131,92
2017,summer,OH,0.026922423913043482,92
2017,winter,OH,0.07364727777777777,90
2017,fall,OK,0.05407315384615385,91
2017,spring,OK,0.0837914347826087,92
2017,summer,OK,0.03650321739130435,92
2017,winter,OK,0.05582639999999999,90
2017,fall,OR,0.027013714285714283,91
2017,spring,OR,0.03638427173913043,92
2017,summer,OR,0.021197228260869564,92
2017,winter,OR,0.04259748888888889,90
2017,fall,PA,0.017631351648351647,91
2017,spring,PA,0.03821880434782609,92
2017,summer,PA,0.009877108695652174,92
2017,winter,PA,0.03848197777777778,90
2017,fall,RI,0.06148349450549452,91
2017,spring,RI,0.07103045652173912,92
2017,summer,RI,0.03423958695652174,92
2017,winter,RI,0.057499288888888875,90
2017,fall,SC,0.01275231868131868,91
2017,spring,SC,0.02075569565217391,92
2017,summer,SC,0.009822717391304346,92
2017,winter,SC,0.013057688888888887,90
2017,fall,SD,0.0864349010989011,91
2017,spring,SD,0.09112654347826087,92
2017,summer,SD,0.0521363804347826,92
2017,winter,SD,0.09451847777777778,90
2017,fall,TN,0.010925142857142857,91
2017,spring,TN,0.026922989130434782,92
2017,summer,TN,0.005610554347826088,92
2017,winter,TN,0.022936166666666664,90
2017,fall,TX,0.039406483516483515,91
2017,spring,TX,0.07891996739130436,92
2017,summer,TX,0.04459926086956521,92
2017,winter,TX,0.059800566666666666,90
2017,fall,UT,0.037051395604395604,91
2017,spring,UT,0.059436967391304336,92
2017,summer,UT,0.04105982608695652,92
2017,winter,UT,0.04395392222222221,90
2017,fall,VA,0.01942310989010989,91
2017,spring,VA,0.04022688043478261,92
2017,summer,VA,0.014555576086956522,92
2017,winter,VA,0.033010055555555556,90
2017,fall,VT,0.017093593406593405,91
2017,spring,VT,0.024471760869565214,92
2017,summer,VT,0.006953619565217391,92
2017,winter,VT,0.020262344444444445,90
2017,fall,WA,0.02718675824175824,91
2017,spring,WA,0.03601985869565217,92
2017,summer,WA,0.024532913043478263,92
2017,winter,WA,0.026277966666666666,90
2017,fall,WI,0.02989192307692308,91
2017,spring,WI,0.04974395652173914,92
2017,summer,WI,0.017887521739130434,92
2017,winter,WI,0.037942244444444446,90
2017,fall,WV,0.009173901098901097,91
2017,spring,WV,0.02479245652173913,92
2017,summer,WV,0.005557315217391304,92
2017,winter,WV,0.02569598888888889,90
2017,fall,WY,0.08344042857142858,91
2017,spring,WY,0.09616845652173912,92
2017,summer,WY,0.04893889130434783,92
2017,winter,WY,0.10619068888888887,90
2018,fall,AL,0.014231582417582418,91
2018,spring,AL,0.020802163043478265,92
2018,summer,AL,0.007418467391304347,92
2018,winter,AL,0.022826288888888886,90
2018,fall,AR,0.013228208791208791,91
2018,spring,AR,0.034594456521739134,92
2018,summer,AR,0.01148938043478261,92
2018,winter,AR,0.031609344444444444,90
2018,fall,AZ,0.0236061978021978,91
2018,spring,AZ,0.05098520652173912,92
2018,summer,AZ,0.03529315217391304,92
2018,winter,AZ,0.027454444444444445,90
2018,fall,CA,0.02098101098901099,91
2018,spring,CA,0.03916402173913043,92
2018,summer,CA,0.03328027173913043,92
2018,winter,CA,0.022501066666666666,90
2018,fall,CO,0.04858192307692308,91
2018,spring,CO,0.0965820434782609,92
2018,summer,CO,0.04980733695652174,92
2018,winter,CO,0.07145366666666667,90
2018,fall,CT,0.03847227472527472,91
2018,spring,CT,0.05082672826086956,92
2018,summer,CT,0.01701551086956522,92
2018,winter,CT,0.043425766666666664,90
2018,fall,DE,0.05328432967032967,91
2018,spring,DE,0.07264103260869564,92
2018,summer,DE,0.023732152173913047,92
2018,winter,DE,0.04930362222222221,90
2018,fall,FL,0.018458725274725276,91
2018,spring,FL,0.02999347826086957,92
2018,summer,FL,0.011551010869565215,92
2018,winter,FL,0.029562322222222222,90
2018,fall,GA,0.010452868131868132,91
2018,spring,GA,0.016545902173913045,92
2018,summer,GA,0.0046742065217391295,92
2018,winter,GA,0.011581788888888885,90
2018,fall,IA,0.04610809890109889,91
2018,spring,IA,0.08570538043478261,92
2018,summer,IA,0.027924565217391305,92
2018,winter,IA,0.07124481111111111,90
2018,fall,ID,0.0194481978021978,91
2018,spring,ID,0.039312760869565214,92
2018,summer,ID,0.022795293478260873,92
2018,winter,ID,0.03706287777777779,90
2018,fall,IL,0.04007340659340659,91
2018,spring,IL,0.06081,92
2018,summer,IL,0.017637532608695654,92
2018,winter,IL,0.0610804,90
2018,fall,IN,0.03142986813186813,91
2018,spring,IN,0.056346369565217394,92
2018,summer,IN,0.01493158695652174,92
2018,winter,IN,0.05139173333333333,90
2018,fall,KS,0.06021931868131869,91
2018,spring,KS,0.12603579347826088,92
2018,summer,KS,0.06531590217391305,92
2018,winter,KS,0.08972104444444445,90
2018,fall,KY,0.012066340659340659,91
2018,spring,KY,0.027031228260869566,92
2018,summer,KY,0.006808989130434782,92
2018,winter,KY,0.022361999999999996,90
2018,fall,LA,0.03892612087912088,91
2018,spring,LA,0.04642864130434783,92
2018,summer,LA,0.019982054347826086,92
2018,winter,LA,0.0686303888888889,90
2018,fall,MA,0.04793238461538461,91
2018,spring,MA,0.07106505434782609,92
2018,summer,MA,0.022325858695652175,92
2018,winter,MA,0.06172885555555555,90
2018,fall,MD,0.034836219780219786,91
2018,spring,MD,0.05196432608695652,92
2018,summer,MD,0.01614254347826087,92
2018,winter,MD,0.03751397777777778,90
2018,fall,ME,0.028919879120879118,91
2018,spring,ME,0.03926327173913043,92
2018,summer,ME,0.011398586956521739,92
2018,winter,ME,0.0339411,90
2018,fall,MI,0.048760362637362636,91
2018,spring,MI,0.04659107608695652,92
2018,summer,MI,0.019779771739130435,92
2018,winter,MI,0.05576965555555556,90
2018,fall,MN,0.03945996703296704,91
2018,spring,MN,0.04827352173913043,92
2018,summer,MN,0.02334614130434783,92
2018,winter,MN,0.04906546666666667,90
2018,fall,MO,0.02064153846153846,91
2018,spring,MO,0.044745869565217394,92
2018,summer,MO,0.01451411956521739,92
2018,winter,MO,0.0422456,90
2018,fall,MS,0.014540813186813188,91
2018,spring,MS,0.023788358695652174,92
2018,summer,MS,0.007950760869565218,92
2018,winter,MS,0.028998711111111113,90
2018,fall,MT,0.06126199999999999,91
2018,spring,MT,0.06780702173913043,92
2018,summer,MT,0.047508695652173916,92
2018,winter,MT,0.10886598888888889,90
2018,fall,NC,0.023020351648351648,91
2018,spring,NC,0.029729413043478266,92
2018,summer,NC,0.009783402173913044,92
2018,winter,NC,0.02412661111111111,90
2018,fall,ND,0.06726372527472528,91
2018,spring,ND,0.09957772826086957,92
2018,summer,ND,0.05055919565217392,92
2018,winter,ND,0.09314717777777777,90
2018,fall,NE,0.053640692307692306,91
2018,spring,NE,0.10637998913043478,92
2018,summer,NE,0.04425670652173914,92
2018,winter,NE,0.08293668888888889,90
2018,fall,NH,0.04613536263736264,91
2018,spring,NH,0.05301902173913043,92
2018,summer,NH,0.03920373913043478,92
2018,winter,NH,0.0501256,90
2018,fall,NJ,0.03980993406593407,91
2018,spring,NJ,0.050060608695652174,92
2018,summer,NJ,0.01883536956521739,92
2018,winter,NJ,0.043307222222222226,90
2018,fall,NM,0.04195774725274725,91
2018,spring,NM,0.0985330543478261,92
2018,summer,NM,0.04927194565217392,92
2018,winter,NM,0.06623396666666666,90
2018,fall,NV,0.027452307692307693,91
2018,spring,NV,0.05844396739130435,92
2018,summer,NV,0.0425156847826087,92
2018,winter,NV,0.026574277777777777,90
2018,fall,NY,0.03531274725274726,91
2018,spring,NY,0.046005326086956524,92
2018,summer,NY,0.016793271739130432,92
2018,winter,NY,0.04506588888888889,90
2018,fall,OH,0.046354758241758234,91
2018,spring,OH,0.06534094565217391,92
2018,summer,OH,0.020290717391304346,92
2018,winter,OH,0.057110433333333335,90
2018,fall,OK,0.038809483516483514,91
2018,spring,OK,0.0930761304347826,92
2018,summer,OK,0.04025747826086957,92
2018,winter,OK,0.07433123333333333,90
2018,fall,OR,0.017705912087912088,91
2018,spring,OR,0.03235505434782608,92
2018,summer,OR,0.022023434782608695,92
2018,winter,OR,0.036625644444444445,90
2018,fall,PA,0.02243204395604395,91
2018,spring,PA,0.037400499999999996,92
2018,summer,PA,0.008603271739130437,92
2018,winter,PA,0.029703488888888893,90
2018,fall,RI,0.04363421978021978,91
2018,spring,RI,0.07831023913043479,92
2018,summer,RI,0.02868273913043478,92
2018,winter,RI,0.05685094444444444,90
2018,fall,SC,0.01565674725274725,91
2018,spring,SC,0.02065183695652174,92
2018,summer,SC,0.00680375,92
2018,winter,SC,0.014264944444444443,90
2018,fall,SD,0.0663709010989011,91
2018,spring,SD,0.09142414130434783,92
2018,summer,SD,0.051179358695652176,92
2018,winter,SD,0.07975506666666667,90
2018,fall,TN,0.0098800989010989,91
2018,spring,TN,0.022941347826086957,92
2018,summer,TN,0.005719728260869564,92
2018,winter,TN,0.022360233333333337,90
2018,fall,TX,0.04183041758241758,91
2018,spring,TX,0.07344818478260869,92
2018,summer,TX,0.04342539130434782,92
2018,winter,TX,0.062474499999999995,90
2018,fall,UT,0.03522034065934067,91
2018,spring,UT,0.06686110869565216,92
2018,summer,UT,0.049020945652173915,92
2018,winter,UT,0.02658637777777778,90
2018,fall,VA,0.025653296703296698,91
2018,spring,VA,0.04385415217391304,92
2018,summer,VA,0.011387673913043479,92
2018,winter,VA,0.031071,90
2018,fall,VT,0.014156098901098901,91
2018,spring,VT,0.01975358695652174,92
2018,summer,VT,0.007963293478260868,92
2018,winter,VT,0.020489688888888885,90
2018,fall,WA,0.016940725274725274,91
2018,spring,WA,0.03023555434782609,92
2018,summer,WA,0.02182392391304348,92
2018,winter,WA,0.04036893333333333,90
2018,fall,WI,0.02859734065934066,91
2018,spring,WI,0.03413086956521739,92
2018,summer,WI,0.015218456521739131,92
2018,winter,WI,0.033146744444444445,90
2018,fall,WV,0.011887164835164837,91
2018,spring,WV,0.022184706521739133,92
2018,summer,WV,0.003953195652173913,92
2018,winter,WV,0.017540811111111113,90
2018,fall,WY,0.06481507692307692,91
2018,spring,WY,0.08703110869565217,92
2018,summer,WY,0.05342482608695653,92
2018,winter,WY,0.10135433333333334,90
2019,fall,AL,0.013747736263736264,91
2019,spring,AL,0.019012195652173915,92
2019,summer,AL,0.009877782608695653,92
2019,winter,AL,0.0245706,90
2019,fall,AR,0.016070857142857144,91
2019,spring,AR,0.0317301847826087,92
2019,summer,AR,0.011322652173913044,92
2019,winter,AR,0.026792999999999997,90
2019,fall,AZ,0.03465118681318682,91
2019,spring,AZ,0.04873570652173913,92
2019,summer,AZ,0.028815456521739127,92
2019,winter,AZ,0.028522811111111112,90
2019,fall,CA,0.023689725274725276,91
2019,spring,CA,0.03749359782608695,92
2019,summer,CA,0.026495760869565222,92
2019,winter,CA,0.033611444444444444,90
2019,fall,CO,0.06436042857142858,91
2019,spring,CO,0.0672950543478261,92
2019,summer,CO,0.03581138043478261,92
2019,winter,CO,0.05969046666666667,90
2019,fall,CT,0.04135545054945055,91
2019,spring,CT,0.0397119347826087,92
2019,summer,CT,0.014346836956521742,92
2019,winter,CT,0.05112847777777777,90
2019,fall,DE,0.06097478021978023,91
2019,spring,DE,0.05707825,92
2019,summer,DE,0.02462880434782609,92
2019,winter,DE,0.059281644444444455,90
2019,fall,FL,0.024997582417582414,91
2019,spring,FL,0.02509766304347826,92
2019,summer,FL,0.012961402173913044,92
2019,winter,FL,0.027238822222222226,90
2019,fall,GA,0.00902356043956044,91
2019,spring,GA,0.011808880434782608,92
2019,summer,GA,0.005672521739130435,92
2019,winter,GA,0.01486991111111111,90
2019,fall,IA,0.05275261538461539,91
2019,spring,IA,0.08947055434782607,92
2019,summer,IA,0.02298155434782609,92
2019,winter,IA,0.0880656777777778,90
2019,fall,ID,0.025128648351648356,91
2019,spring,ID,0.0322865652173913,92
2019,summer,ID,0.019733510869565214,92
2019,winter,ID,0.03225463333333333,90
2019,fall,IL,0.03484963736263735,91
2019,spring,IL,0.06808748913043479,92
2019,summer,IL,0.020435608695652172,92
2019,winter,IL,0.0682675888888889,90
2019,fall,IN,0.034498450549450554,91
2019,spring,IN,0.05652704347826087,92
2019,summer,IN,0.018018195652173913,92
2019,winter,IN,0.06545194444444444,90
2019,fall,KS,0.08970796703296703,91
2019,spring,KS,0.10070229347826087,92
2019,summer,KS,0.050632163043478264,92
2019,winter,KS,0.07591904444444446,90
2019,fall,KY,0.011966758241758243,91
2019,spring,KY,0.025748391304347827,92
2019,summer,KY,0.008641510869565218,92
2019,winter,KY,0.027331300000000003,90
2019,fall,LA,0.03857678021978021,91
2019,spring,LA,0.04835515217391305,92
2019,summer,LA,0.021453260869565217,92
2019,winter,LA,0.0591185,90
2019,fall,MA,0.05437118681318682,91
2019,spring,MA,0.05698941304347826,92
2019,summer,MA,0.019049260869565217,92
2019,winter,MA,0.0716800777777778,90
2019,fall,MD,0.032423472527472526,91
2019,spring,MD,0.04100946739130435,92
2019,summer,MD,0.01743414130434783,92
2019,winter,MD,0.04200872222222222,90
2019,fall,ME,0.02498651648351648,91
2019,spring,ME,0.027701717391304347,92
2019,summer,ME,0.008861467391304348,92
2019,winter,ME,0.04298272222222223,90
2019,fall,MI,0.051347241758241756,91
2019,spring,MI,0.04676388043478261,92
2019,summer,MI,0.019925869565217393,92
2019,winter,MI,0.06783665555555556,90
2019,fall,MN,0.04499761538461538,91
2019,spring,MN,0.048789804347826086,92
2019,summer,MN,0.020344010869565218,92
2019,winter,MN,0.050443155555555556,90
2019,fall,MO,0.024610142857142855,91
2019,spring,MO,0.04627278260869565,92
2019,summer,MO,0.014378836956521738,92
2019,winter,MO,0.040648222222222224,90
2019,fall,MS,0.016085758241758244,91
2019,spring,MS,0.025196478260869567,92
2019,summer,MS,0.010392652173913042,92
2019,winter,MS,0.024329922222222224,90
2019,fall,MT,0.09011751648351649,91
2019,spring,MT,0.06674865217391304,92
2019,summer,MT,0.04431523913043477,92
2019,winter,MT,0.0965421777777778,90
2019,fall,NC,0.022224362637362643,91
2019,spring,NC,0.023583195652173913,92
2019,summer,NC,0.011618032608695655,92
2019,winter,NC,0.023352244444444448,90
2019,fall,ND,0.09342597802197802,91
2019,spring,ND,0.09522791304347826,92
2019,summer,ND,0.04532357608695653,92
2019,winter,ND,0.08679336666666665,90
2019,fall,NE,0.08209817582417582,91
2019,spring,NE,0.0891311956521739,92
2019,summer,NE,0.034393119565217393,92
2019,winter,NE,0.08088672222222223,90
2019,fall,NH,0.048786527472527465,91
2019,spring,NH,0.05485373913043478,92
2019,summer,NH,0.04519846739130435,92
2019,winter,NH,0.05317867777777778,90
2019,fall,NJ,0.036013384615384614,91
2019,spring,NJ,0.04724183695652174,92
2019,summer,NJ,0.01640866304347826,92
2019,winter,NJ,0.05311336666666666,90
2019,fall,NM,0.055535098901098895,91
2019,spring,NM,0.09109369565217391,92
2019,summer,NM,0.04446023913043478,92
2019,winter,NM,0.0707798111111111,90
2019,fall,NV,0.032772296703296705,91
2019,spring,NV,0.049354184782608695,92
2019,summer,NV,0.03411733695652174,92
2019,winter,NV,0.041001277777777775,90
2019,fall,NY,0.033603472527472526,91
2019,spring,NY,0.045305510869565205,92
2019,summer,NY,0.015799554347826088,92
2019,winter,NY,0.06268801111111112,90
2019,fall,OH,0.04190114285714285,91
2019,spring,OH,0.05695133695652174,92
2019,summer,OH,0.021518445652173913,92
2019,winter,OH,0.08261773333333333,90
2019,fall,OK,0.05719020879120879,91
2019,spring,OK,0.07240776086956523,92
2019,summer,OK,0.03590960869565217,92
2019,winter,OK,0.058411755555555556,90
2019,fall,OR,0.018614076923076924,91
2019,spring,OR,0.026260228260869562,92
2019,summer,OR,0.01933514130434783,92
2019,winter,OR,0.03483346666666666,90
2019,fall,PA,0.02068735164835165,91
2019,spring,PA,0.03263561956521739,92
2019,summer,PA,0.010343934782608694,92
2019,winter,PA,0.04377646666666667,90
2019,fall,RI,0.060146307692307686,91
2019,spring,RI,0.04984394565217391,92
2019,summer,RI,0.022359065217391304,92
2019,winter,RI,0.05998018888888889,90
2019,fall,SC,0.012584956043956043,91
2019,spring,SC,0.014665608695652175,92
2019,summer,SC,0.007280402173913043,92
2019,winter,SC,0.014952855555555554,90
2019,fall,SD,0.0883246813186813,91
2019,spring,SD,0.09341942391304349,92
2019,summer,SD,0.03844738043478261,92
2019,winter,SD,0.08852494444444445,90
2019,fall,TN,0.00941442857142857,91
2019,spring,TN,0.022137,92
2019,summer,TN,0.0075745000000000005,92
2019,winter,TN,0.02220911111111111,90
2019,fall,TX,0.05326854945054946,91
2019,spring,TX,0.07411396739130435,92
2019,summer,TX,0.03979307608695652,92
2019,winter,TX,0.05358961111111111,90
2019,fall,UT,0.04079581318681319,91
2019,spring,UT,0.04804739130434782,92
2019,summer,UT,0.036565999999999994,92
2019,winter,UT,0.0393653,90
2019,fall,VA,0.024190384615384617,91
2019,spring,VA,0.030274913043478263,92
2019,summer,VA,0.01391154347826087,92
2019,winter,VA,0.03279011111111112,90
2019,fall,VT,0.015297395604395603,91
2019,spring,VT,0.024030619565217393,92
2019,summer,VT,0.006278369565217391,92
2019,winter,VT,0.025712677777777776,90
2019,fall,WA,0.01870294505494505,91
2019,spring,WA,0.021221934782608694,92
2019,summer,WA,0.02134245652173913,92
2019,winter,WA,0.023494255555555555,90
2019,fall,WI,0.02989202197802198,91
2019,spring,WI,0.03714970652173913,92
2019,summer,WI,0.014662608695652175,92
2019,winter,WI,0.03804188888888889,90
2019,fall,WV,0.011426978021978021,91
2019,spring,WV,0.020710586956521736,92
2019,summer,WV,0.006449021739130435,92
2019,winter,WV,0.02762515555555556,90
2019,fall,WY,0.08179094505494505,91
2019,spring,WY,0.06812752173913043,92
2019,summer,WY,0.04579458695652173,92
2019,winter,WY,0.09032456666666669,90
2020,fall,AL,0.01910586813186813,91
2020,spring,AL,0.020427586956521738,92
2020,summer,AL,0.013593510869565216,92
2020,winter,AL,0.021859076923076922,91
2020,fall,AR,0.015677615384615384,91
2020,spring,AR,0.02586120652173913,92
2020,summer,AR,0.014168597826086956,92
2020,winter,AR,0.023889428571428572,91
2020,fall,AZ,0.025510021978021977,91
2020,spring,AZ,0.03955045652173913,92
2020,summer,AZ,0.038015271739130434,92
2020,winter,AZ,0.026982142857142857,91
2020,fall,CA,0.018102373626373628,91
2020,spring,CA,0.032532304347826085,92
2020,summer,CA,0.032962706521739125,92
2020,winter,CA,0.021958285714285715,91
2020,fall,CO,0.06019623076923077,91
2020,spring,CO,0.0734821304347826,92
2020,summer,CO,0.06130407608695652,92
2020,winter,CO,0.06927247252747251,91
2020,fall,CT,0.035217769230769226,91
2020,spring,CT,0.05662318478260869,92
2020,summer,CT,0.014919347826086955,92
2020,winter,CT,0.04884450549450549,91
2020,fall,DE,0.039133197802197796,91
2020,spring,DE,0.07870069565217391,92
2020,summer,DE,0.026277652173913042,92
2020,winter,DE,0.05766654945054944,91
2020,fall,FL,0.028996494505494505,91
2020,spring,FL,0.027309206521739134,92
2020,summer,FL,0.01630321739130435,92
2020,winter,FL,0.028386483516483516,91
2020,fall,GA,0.009574835164835165,91
2020,spring,GA,0.013577836956521738,92
2020,summer,GA,0.005722130434782609,92
2020,winter,GA,0.014573450549450548,91
2020,fall,IA,0.06595657142857143,91
2020,spring,IA,0.08614410869565217,92
2020,summer,IA,0.03380752173913044,92
2020,winter,IA,0.07246213186813187,91
2020,fall,ID,0.03144772527472527,91
2020,spring,ID,0.037583065217391305,92
2020,summer,ID,0.024941184782608698,92
2020,winter,ID,0.036358758241758236,91
2020,fall,IL,0.04893420879120881,91
2020,spring,IL,0.05513938043478261,92
2020,summer,IL,0.017364880434782612,92
2020,winter,IL,0.05135053846153846,91
2020,fall,IN,0.036228395604395607,91
2020,spring,IN,0.052360163043478264,92
2020,summer,IN,0.016906195652173914,92
2020,winter,IN,0.04729807692307692,91
2020,fall,KS,0.08138164835164835,91
2020,spring,KS,0.09415177173913043,92
2020,summer,KS,0.07731408695652173,92
2020,winter,KS,0.07281927472527473,91
2020,fall,KY,0.01166701098901099,91
2020,spring,KY,0.023522826086956522,92
2020,summer,KY,0.007786260869565217,92
2020,winter,KY,0.02187642857142857,91
2020,fall,LA,0.05309896703296703,91
2020,spring,LA,0.04126166304347825,92
2020,summer,LA,0.029764804347826086,92
2020,winter,LA,0.05269160439560439,91
2020,fall,MA,0.04068476923076924,91
2020,spring,MA,0.07417115217391304,92
2020,summer,MA,0.02248292391304348,92
2020,winter,MA,0.06047595604395604,91
2020,fall,MD,0.0244098021978022,91
2020,spring,MD,0.05022675000000001,92
2020,summer,MD,0.01664175,92
2020,winter,MD,0.03947724175824176,91
2020,fall,ME,0.022387263736263735,91
2020,spring,ME,0.04366244565217392,92
2020,summer,ME,0.010817478260869566,92
2020,winter,ME,0.029619890109890114,91
2020,fall,MI,0.05601959340659341,91
2020,spring,MI,0.05190343478260869,92
2020,summer,MI,0.021110717391304348,92
2020,winter,MI,0.061308879120879116,91
2020,fall,MN,0.04950164835164835,91
2020,spring,MN,0.05269647826086956,92
2020,summer,MN,0.03360448913043478,92
2020,winter,MN,0.04645726373626374,91
2020,fall,MO,0.028403274725274725,91
2020,spring,MO,0.03844906521739131,92
2020,summer,MO,0.01328182608695652,92
2020,winter,MO,0.030754758241758242,91
2020,fall,MS,0.020573813186813186,91
2020,spring,MS,0.02434676086956522,92
2020,summer,MS,0.013515739130434783,92
2020,winter,MS,0.02380536263736264,91
2020,fall,MT,0.10522324175824177,91
2020,spring,MT,0.09548522826086957,92
2020,summer,MT,0.05191411956521739,92
2020,winter,MT,0.11695741758241758,91
2020,fall,NC,0.01552564835164835,91
2020,spring,NC,0.0312974347826087,92
2020,summer,NC,0.012204163043478265,92
2020,winter,NC,0.027095230769230767,91
2020,fall,ND,0.10401102197802198,91
2020,spring,ND,0.11112334782608697,92
2020,summer,ND,0.06585992391304347,92
2020,winter,ND,0.08713335164835165,91
2020,fall,NE,0.06812894505494506,91
2020,spring,NE,0.0982900652173913,92
2020,summer,NE,0.06933989130434783,92
2020,winter,NE,0.08778335164835165,91
2020,fall,NH,0.05095340659340659,91
2020,spring,NH,0.05257656521739131,92
2020,summer,NH,0.038981467391304356,92
2020,winter,NH,0.04989085714285714,91
2020,fall,NJ,0.022282384615384614,91
2020,spring,NJ,0.05478023913043478,92
2020,summer,NJ,0.01810561956521739,92
2020,winter,NJ,0.045134714285714285,91
2020,fall,NM,0.05619210989010989,91
2020,spring,NM,0.077173,92
2020,summer,NM,0.05960604347826086,92
2020,winter,NM,0.060928340659340656,91
2020,fall,NV,0.027813450549450548,91
2020,spring,NV,0.05163122826086957,92
2020,summer,NV,0.04383772826086956,92
2020,winter,NV,0.02789134065934066,91
2020,fall,NY,0.033331241758241766,91
2020,spring,NY,0.0496094347826087,92
2020,summer,NY,0.018649826086956523,92
2020,winter,NY,0.04864435164835164,91
2020,fall,OH,0.04088338461538461,91
2020,spring,OH,0.05618904347826087,92
2020,summer,OH,0.020752999999999997,92
2020,winter,OH,0.05942147252747253,91
2020,fall,OK,0.053528945054945064,91
2020,spring,OK,0.06615247826086956,92
2020,summer,OK,0.045231434782608694,92
2020,winter,OK,0.05859660439560439,91
2020,fall,OR,0.025090824175824176,91
2020,spring,OR,0.024637347826086953,92
2020,summer,OR,0.02372278260869565,92
2020,winter,OR,0.03714925274725274,91
2020,fall,PA,0.018116153846153848,91
2020,spring,PA,0.036543478260869566,92
2020,summer,PA,0.010869347826086955,92
2020,winter,PA,0.03490125274725275,91
2020,fall,RI,0.039012670329670325,91
2020,spring,RI,0.06935940217391304,92
2020,summer,RI,0.021841336956521736,92
2020,winter,RI,0.056070197802197796,91
2020,fall,SC,0.010625956043956043,91
2020,spring,SC,0.018160891304347827,92
2020,summer,SC,0.007431771739130436,92
2020,winter,SC,0.017824395604395606,91
2020,fall,SD,0.07628767032967032,91
2020,spring,SD,0.09613910869565219,92
2020,summer,SD,0.0683635,92
2020,winter,SD,0.08292448351648349,91
2020,fall,TN,0.010267230769230768,91
2020,spring,TN,0.02095908695652174,92
2020,summer,TN,0.008345195652173914,92
2020,winter,TN,0.01979502197802198,91
2020,fall,TX,0.04007246153846154,91
2020,spring,TX,0.0614216847826087,92
2020,summer,TX,0.042985249999999996,92
2020,winter,TX,0.056033087912087914,91
2020,fall,UT,0.041420780219780226,91
2020,spring,UT,0.05749998913043478,92
2020,summer,UT,0.050040869565217395,92
2020,winter,UT,0.028629131868131867,91
2020,fall,VA,0.020056813186813186,91
2020,spring,VA,0.040344836956521746,92
2020,summer,VA,0.014940619565217387,92
2020,winter,VA,0.03356247252747253,91
2020,fall,VT,0.01798514285714286,91
2020,spring,VT,0.02531216304347826,92
2020,summer,VT,0.008264891304347826,92
2020,winter,VT,0.021296274725274726,91
2020,fall,WA,0.028649263736263735,91
2020,spring,WA,0.03046090217391304,92
2020,summer,WA,0.02468341304347826,92
2020,winter,WA,0.04180548351648352,91
2020,fall,WI,0.03599894505494505,91
2020,spring,WI,0.041661891304347824,92
2020,summer,WI,0.014633793478260871,92
2020,winter,WI,0.0329961978021978,91
2020,fall,WV,0.010401912087912087,91
2020,spring,WV,0.023227489130434785,92
2020,summer,WV,0.005365706521739131,92
2020,winter,WV,0.021757054945054945,91
2020,fall,WY,0.082195010989011,91
2020,spring,WY,0.08619607608695651,92
2020,summer,WY,0.06126566304347827,92
2020,winter,WY,0.09667394505494505,91
2021,fall,AL,0.004079758241758242,91
2021,spring,AL,0.018333945652173913,92
2021,summer,AL,0.007545293478260869,92
2021,winter,AL,0.015995022222222228,90
2021,fall,AR,0.01605576923076923,91
2021,spring,AR,0.02813828260869565,92
2021,summer,AR,0.009275228260869565,92
2021,winter,AR,0.02988414444444444,90
2021,fall,AZ,0.021484252747252748,91
2021,spring,AZ,0.05376363043478261,92
2021,summer,AZ,0.031478869565217386,92
2021,winter,AZ,0.03342426666666667,90
2021,fall,CA,0.02270234065934066,91
2021,spring,CA,0.043342717391304346,92
2021,summer,CA,0.03411519565217392,92
2021,winter,CA,0.03273618888888889,90
2021,fall,CO,0.05298884615384615,91
2021,spring,CO,0.07634946739130435,92
2021,summer,CO,0.03758763043478261,92
2021,winter,CO,0.08313546666666667,90
2021,fall,CT,0.03172123076923077,91
2021,spring,CT,0.04799799999999999,92
2021,summer,CT,0.01268716304347826,92
2021,winter,CT,0.04186982222222223,90
2021,fall,DE,0.04969143956043956,91
2021,spring,DE,0.06496517391304348,92
2021,summer,DE,0.015352760869565218,92
2021,winter,DE,0.049013633333333334,90
2021,fall,FL,0.014257362637362637,91
2021,spring,FL,0.02903583695652174,92
2021,summer,FL,0.01769329347826087,92
2021,winter,FL,0.01847453333333333,90
2021,fall,GA,0.004908307692307692,91
2021,spring,GA,0.012853271739130437,92
2021,summer,GA,0.0058828586956521725,92
2021,winter,GA,0.010365066666666665,90
2021,fall,IA,0.054798043956043964,91
2021,spring,IA,0.08962307608695654,92
2021,summer,IA,0.02199945652173913,92
2021,winter,IA,0.07043944444444446,90
2021,fall,ID,0.025994615384615383,91
2021,spring,ID,0.04228044565217392,92
2021,summer,ID,0.023077815217391308,92
2021,winter,ID,0.04523925555555556,90
2021,fall,IL,0.03615337362637362,91
2021,spring,IL,0.06122069565217391,92
2021,summer,IL,0.016585869565217393,92
2021,winter,IL,0.05415899999999999,90
2021,fall,IN,0.030317560439560444,91
2021,spring,IN,0.04764508695652174,92
2021,summer,IN,0.015269760869565219,92
2021,winter,IN,0.04628351111111111,90
2021,fall,KS,0.07258314285714286,91
2021,spring,KS,0.12102254347826087,92
2021,summer,KS,0.05215471739130435,92
2021,winter,KS,0.07888913333333333,90
2021,fall,KY,0.008893604395604396,91
2021,spring,KY,0.020088358695652175,92
2021,summer,KY,0.005750304347826088,92
2021,winter,KY,0.020823666666666667,90
2021,fall,LA,0.027193747252747247,91
2021,spring,LA,0.05604071739130435,92
2021,summer,LA,0.02359141304347826,92
2021,winter,LA,0.048440544444444456,90
2021,fall,MA,0.035903164835164834,91
2021,spring,MA,0.06438341304347826,92
2021,summer,MA,0.020756836956521738,92
2021,winter,MA,0.05134755555555555,90
2021,fall,MD,0.03298823076923078,91
2021,spring,MD,0.04314990217391305,92
2021,summer,MD,0.014722456521739133,92
2021,winter,MD,0.031480522222222224,90
2021,fall,ME,0.01883869230769231,91
2021,spring,ME,0.04145331521739131,92
2021,summer,ME,0.009182173913043478,92
2021,winter,ME,0.027979133333333333,90
2021,fall,MI,0.04054112087912088,91
2021,spring,MI,0.048309630434782605,92
2021,summer,MI,0.01975807608695652,92
2021,winter,MI,0.05406078888888889,90
2021,fall,MN,0.04344627472527472,91
2021,spring,MN,0.05644884782608695,92
2021,summer,MN,0.021600934782608695,92
2021,winter,MN,0.046620044444444446,90
2021,fall,MO,0.024679736263736266,91
2021,spring,MO,0.0437086847826087,92
2021,summer,MO,0.011463347826086958,92
2021,winter,MO,0.037060777777777776,90
2021,fall,MS,0.008233758241758241,91
2021,spring,MS,0.025424945652173916,92
2021,summer,MS,0.012833804347826086,92
2021,winter,MS,0.021565455555555554,90
2021,fall,MT,0.0964824835164835,91
2021,spring,MT,0.08430388043478261,92
2021,summer,MT,0.05597417391304348,92
2021,winter,MT,0.1208488888888889,90
2021,fall,NC,0.01532236263736264,91
2021,spring,NC,0.024460391304347823,92
2021,summer,NC,0.01000207608695652,92
2021,winter,NC,0.018101277777777782,90
2021,fall,ND,0.09165329670329671,91
2021,spring,ND,0.11066864130434784,92
2021,summer,ND,0.06266342391304348,92
2021,winter,ND,0.09941117777777778,90
2021,fall,NE,0.06778635164835164,91
2021,spring,NE,0.09606104347826086,92
2021,summer,NE,0.040055619565217394,92
2021,winter,NE,0.08218765555555556,90
2021,fall,NH,0.04329773626373626,91
2021,spring,NH,0.0573275,92
2021,summer,NH,0.038787706521739136,92
2021,winter,NH,0.050874466666666666,90
2021,fall,NJ,0.03140921978021978,91
2021,spring,NJ,0.04703779347826087,92
2021,summer,NJ,0.01256954347826087,92
2021,winter,NJ,0.03600414444444444,90
2021,fall,NM,0.039685945054945056,91
2021,spring,NM,0.09938360869565216,92
2021,summer,NM,0.039680847826086954,92
2021,winter,NM,0.07219126666666667,90
2021,fall,NV,0.02958241758241758,91
2021,spring,NV,0.052794010869565214,92
2021,summer,NV,0.04330644565217392,92
2021,winter,NV,0.041564300000000005,90
2021,fall,NY,0.027283934065934067,91
2021,spring,NY,0.047898576086956524,92
2021,summer,NY,0.01577123913043478,92
2021,winter,NY,0.045195211111111105,90
2021,fall,OH,0.040856527472527465,91
2021,spring,OH,0.0490750652173913,92
2021,summer,OH,0.018365021739130433,92
2021,winter,OH,0.05136343333333334,90
2021,fall,OK,0.05468853846153846,91
2021,spring,OK,0.07939619565217391,92
2021,summer,OK,0.03166147826086957,92
2021,winter,OK,0.0611382,90
2021,fall,OR,0.027746648351648348,91
2021,spring,OR,0.03148319565217392,92
2021,summer,OR,0.025538826086956522,92
2021,winter,OR,0.03948840000000001,90
2021,fall,PA,0.017080373626373622,91
2021,spring,PA,0.033409184782608695,92
2021,summer,PA,0.00809288043478261,92
2021,winter,PA,0.03000605555555556,90
2021,fall,RI,0.036861208791208785,91
2021,spring,RI,0.05112668478260869,92
2021,summer,RI,0.02086482608695652,92
2021,winter,RI,0.049045977777777784,90
2021,fall,SC,0.007333615384615385,91
2021,spring,SC,0.017087684782608695,92
2021,summer,SC,0.007654902173913043,92
2021,winter,SC,0.010709244444444444,90
2021,fall,SD,0.08496364835164837,91
2021,spring,SD,0.10235305434782607,92
2021,summer,SD,0.0538184347826087,92
2021,winter,SD,0.08731958888888888,90
2021,fall,TN,0.007772736263736264,91
2021,spring,TN,0.018230869565217394,92
2021,summer,TN,0.00634566304347826,92
2021,winter,TN,0.02270424444444444,90
2021,fall,TX,0.03571350549450549,91
2021,spring,TX,0.07378490217391305,92
2021,summer,TX,0.030157652173913047,92
2021,winter,TX,0.051589622222222235,90
2021,fall,UT,0.02996325274725275,91
2021,spring,UT,0.058054500000000016,92
2021,summer,UT,0.04316667391304348,92
2021,winter,UT,0.04200063333333333,90
2021,fall,VA,0.02122575824175824,91
2021,spring,VA,0.03004975,92
2021,summer,VA,0.011367260869565217,92
2021,winter,VA,0.023484544444444443,90
2021,fall,VT,0.009683428571428572,91
2021,spring,VT,0.024153934782608695,92
2021,summer,VT,0.006142184782608695,92
2021,winter,VT,0.016233188888888885,90
2021,fall,WA,0.027804879120879127,91
2021,spring,WA,0.03233389130434783,92
2021,summer,WA,0.02428198913043478,92
2021,winter,WA,0.03962011111111111,90
2021,fall,WI,0.02648482417582418,91
2021,spring,WI,0.03887896739130435,92
2021,summer,WI,0.014515065217391307,92
2021,winter,WI,0.033634899999999995,90
2021,fall,WV,0.008892879120879119,91
2021,spring,WV,0.016739054347826084,92
2021,summer,WV,0.0042787282608695645,92
2021,winter,WV,0.017261555555555558,90
2021,fall,WY,0.07264438461538461,91
2021,spring,WY,0.07848031521739132,92
2021,summer,WY,0.05109224999999999,92
2021,winter,WY,0.1193260222222222,90
2022,fall,AL,0.010236428571428572,91
2022,spring,AL,0.020973956521739133,92
2022,summer,AL,0.004455967391304348,92
2022,winter,AL,0.019101544444444448,90
2022,fall,AR,0.015729406593406593,91
2022,spring,AR,0.03915373913043478,92
2022,summer,AR,0.00872921739130435,92
2022,winter,AR,0.03183688888888889,90
2022,fall,AZ,0.026575208791208796,91
2022,spring,AZ,0.06080457608695651,92
2022,summer,AZ,0.033311760869565214,92
2022,winter,AZ,0.029917255555555564,90
2022,fall,CA,0.0203780989010989,91
2022,spring,CA,0.049540086956521734,92
2022,summer,CA,0.03576908695652174,92
2022,winter,CA,0.02184642222222222,90
2022,fall,CO,0.04744893406593406,91
2022,spring,CO,0.1104901304347826,92
2022,summer,CO,0.043941260869565214,92
2022,winter,CO,0.07075005555555557,90
2022,fall,CT,0.03417346153846154,91
2022,spring,CT,0.053756141304347825,92
2022,summer,CT,0.017327956521739133,92
2022,winter,CT,0.057058033333333334,90
2022,fall,DE,0.04821405494505494,91
2022,spring,DE,0.08025567391304347,92
2022,summer,DE,0.017671402173913043,92
2022,winter,DE,0.0739950111111111,90
2022,fall,FL,0.029790681318681317,91
2022,spring,FL,0.037824565217391304,92
2022,summer,FL,0.016341771739130435,92
2022,winter,FL,0.0231647,90
2022,fall,GA,0.010718879120879122,91
2022,spring,GA,0.016248652173913046,92
2022,summer,GA,0.005191402173913043,92
2022,winter,GA,0.015402088888888889,90
2022,fall,IA,0.058294,91
2022,spring,IA,0.13196921739130432,92
2022,summer,IA,0.030598184782608697,92
2022,winter,IA,0.11941845555555557,90
2022,fall,ID,0.02425989010989011,91
2022,spring,ID,0.05073228260869565,92
2022,summer,ID,0.021229532608695655,92
2022,winter,ID,0.03138783333333334,90
2022,fall,IL,0.04245354945054945,91
2022,spring,IL,0.07395085869565217,92
2022,summer,IL,0.01577284782608696,92
2022,winter,IL,0.07854334444444445,90
2022,fall,IN,0.03556313186813187,91
2022,spring,IN,0.0594696847826087,92
2022,summer,IN,0.014165054347826085,92
2022,winter,IN,0.06719607777777778,90
2022,fall,KS,0.07235593406593406,91
2022,spring,KS,0.1607649891304348,92
2022,summer,KS,0.05850806521739131,92
2022,winter,KS,0.10535407777777779,90
2022,fall,KY,0.01288702197802198,91
2022,spring,KY,0.02782488043478261,92
2022,summer,KY,0.005290934782608696,92
2022,winter,KY,0.024697033333333333,90
2022,fall,LA,0.033874153846153846,91
2022,spring,LA,0.050179586956521735,92
2022,summer,LA,0.010772597826086954,92
2022,winter,LA,0.0551067,90
2022,fall,MA,0.03902858241758241,91
2022,spring,MA,0.06390870652173915,92
2022,summer,MA,0.026320195652173913,92
2022,winter,MA,0.07650152222222223,90
2022,fall,MD,0.029955505494505492,91
2022,spring,MD,0.04973396739130435,92
2022,summer,MD,0.017085815217391304,92
2022,winter,MD,0.04921415555555555,90
2022,fall,ME,0.021529186813186812,91
2022,spring,ME,0.03301110869565218,92
2022,summer,ME,0.01200491304347826,92
2022,winter,ME,0.04951356666666667,90
2022,fall,MI,0.05377767032967034,91
2022,spring,MI,0.05190029347826087,92
2022,summer,MI,0.023430695652173917,92
2022,winter,MI,0.07517719999999999,90
2022,fall,MN,0.04487826373626374,91
2022,spring,MN,0.08904282608695653,92
2022,summer,MN,0.032400217391304345,92
2022,winter,MN,0.08264315555555556,90
2022,fall,MO,0.029094967032967035,91
2022,spring,MO,0.05754864130434782,92
2022,summer,MO,0.01249386956521739,92
2022,winter,MO,0.04999947777777777,90
2022,fall,MS,0.013825329670329671,91
2022,spring,MS,0.030201706521739136,92
2022,summer,MS,0.005904739130434783,92
2022,winter,MS,0.028953744444444443,90
2022,fall,MT,0.08978787912087913,91
2022,spring,MT,0.11743389130434782,92
2022,summer,MT,0.06203851086956521,92
2022,winter,MT,0.14443664444444446,90
2022,fall,NC,0.01810854945054945,91
2022,spring,NC,0.03198660869565218,92
2022,summer,NC,0.011027434782608696,92
2022,winter,NC,0.0267668,90
2022,fall,ND,0.10442491208791209,91
2022,spring,ND,0.17630474999999998,92
2022,summer,ND,0.06657272826086957,92
2022,winter,ND,0.1682198888888889,90
2022,fall,NE,0.06927934065934066,91
2022,spring,NE,0.15843142391304346,92
2022,summer,NE,0.050932826086956526,92
2022,winter,NE,0.12237251111111112,90
2022,fall,NH,0.043271000000000004,91
2022,spring,NH,0.05857976086956521,92
2022,summer,NH,0.043078130434782605,92
2022,winter,NH,0.06098873333333333,90
2022,fall,NJ,0.032915747252747256,91
2022,spring,NJ,0.060099782608695654,92
2022,summer,NJ,0.02239648913043478,92
2022,winter,NJ,0.05241665555555556,90
2022,fall,NM,0.044692560439560436,91
2022,spring,NM,0.11969097826086955,92
2022,summer,NM,0.04253108695652174,92
2022,winter,NM,0.05969292222222222,90
2022,fall,NV,0.028829692307692306,91
2022,spring,NV,0.06910344565217391,92
2022,summer,NV,0.04632532608695652,92
2022,winter,NV,0.028473511111111113,90
2022,fall,NY,0.03083252747252747,91
2022,spring,NY,0.048189739130434776,92
2022,summer,NY,0.02086177173913043,92
2022,winter,NY,0.061126988888888886,90
2022,fall,OH,0.04703515384615385,91
2022,spring,OH,0.062918,92
2022,summer,OH,0.02240625,92
2022,winter,OH,0.07239863333333332,90
2022,fall,OK,0.04646096703296704,91
2022,spring,OK,0.11988603260869565,92
2022,summer,OK,0.03915419565217392,92
2022,winter,OK,0.08187064444444445,90
2022,fall,OR,0.020258527472527474,91
2022,spring,OR,0.03363807608695652,92
2022,summer,OR,0.018258152173913047,92
2022,winter,OR,0.03652938888888888,90
2022,fall,PA,0.018948296703296705,91
2022,spring,PA,0.03580392391304348,92
2022,summer,PA,0.010697641304347827,92
2022,winter,PA,0.038561622222222224,90
2022,fall,RI,0.04269665934065933,91
2022,spring,RI,0.051787293478260873,92
2022,summer,RI,0.022507271739130436,92
2022,winter,RI,0.0652168888888889,90
2022,fall,SC,0.015382351648351647,91
2022,spring,SC,0.021492597826086958,92
2022,summer,SC,0.009286576086956521,92
2022,winter,SC,0.017260433333333332,90
2022,fall,SD,0.08288332967032967,91
2022,spring,SD,0.16816881521739127,92
2022,summer,SD,0.057338641304347814,92
2022,winter,SD,0.14107506666666667,90
2022,fall,TN,0.011194307692307691,91
2022,spring,TN,0.027621413043478264,92
2022,summer,TN,0.005701858695652174,92
2022,winter,TN,0.024762266666666664,90
2022,fall,TX,0.03492627472527472,91
2022,spring,TX,0.09467201086956524,92
2022,summer,TX,0.04222006521739131,92
2022,winter,TX,0.05933248888888889,90
2022,fall,UT,0.03372404395604396,91
2022,spring,UT,0.06758110869565216,92
2022,summer,UT,0.05035930434782609,92
2022,winter,UT,0.02879113333333333,90
2022,fall,VA,0.021441472527472524,91
2022,spring,VA,0.03747779347826088,92
2022,summer,VA,0.012420586956521738,92
2022,winter,VA,0.03192662222222223,90
2022,fall,VT,0.012466516483516482,91
2022,spring,VT,0.022686945652173912,92
2022,summer,VT,0.009505097826086956,92
2022,winter,VT,0.02749365555555556,90
2022,fall,WA,0.021261648351648354,91
2022,spring,WA,0.03320771739130435,92
2022,summer,WA,0.020751695652173916,92
2022,winter,WA,0.02808997777777778,90
2022,fall,WI,0.03267107692307693,91
2022,spring,WI,0.049561934782608695,92
2022,summer,WI,0.01819967391304348,92
2022,winter,WI,0.05004308888888889,90
2022,fall,WV,0.010384582417582418,91
2022,spring,WV,0.021586304347826085,92
2022,summer,WV,0.004883967391304348,92
2022,winter,WV,0.02130252222222222,90
2022,fall,WY,0.057731450549450544,91
2022,spring,WY,0.11881873913043478,92
2022,summer,WY,0.05586177173913042,92
2022,winter,WY,0.10760659999999998,90
2023,fall,AL,0.009509747252747251,91
2023,spring,AL,0.016456869565217393,92
2023,summer,AL,0.0077304782608695645,92
2023,winter,AL,0.01932448888888889,90
2023,fall,AR,0.011047054945054943,91
2023,spring,AR,0.028883543478260866,92
2023,summer,AR,0.009484434782608697,92
2023,winter,AR,0.02802406666666667,90
2023,fall,AZ,0.026006065934065934,91
2023,spring,AZ,0.04514214130434782,92
2023,summer,AZ,0.03601128260869565,92
2023,winter,AZ,0.03572246666666667,90
2023,fall,CA,0.019198802197802196,91
2023,spring,CA,0.040800510869565224,92
2023,summer,CA,0.03134323913043478,92
2023,winter,CA,0.03629742222222222,90
2023,fall,CO,0.040977989010989015,91
2023,spring,CO,0.07802082608695651,92
2023,summer,CO,0.041251967391304344,92
2023,winter,CO,0.06879255555555557,90
2023,fall,CT,0.025459923076923078,91
2023,spring,CT,0.043907858695652176,92
2023,summer,CT,0.01597075,92
2023,winter,CT,0.04028714444444445,90
2023,fall,DE,0.04293747252747253,91
2023,spring,DE,0.05929770652173912,92
2023,summer,DE,0.02377011956521739,92
2023,winter,DE,0.0476383,90
2023,fall,FL,0.023982978021978022,91
2023,spring,FL,0.03258372826086957,92
2023,summer,FL,0.02257528260869565,92
2023,winter,FL,0.0335619,90
2023,fall,GA,0.007057351648351648,91
2023,spring,GA,0.014740739130434782,92
2023,summer,GA,0.007892836956521739,92
2023,winter,GA,0.013084788888888888,90
2023,fall,IA,0.046276769230769225,91
2023,spring,IA,0.10184620652173913,92
2023,summer,IA,0.017328967391304347,92
2023,winter,IA,0.06646595555555557,90
2023,fall,ID,0.016312956043956044,91
2023,spring,ID,0.04016172826086956,92
2023,summer,ID,0.018948717391304347,92
2023,winter,ID,0.030144744444444444,90
2023,fall,IL,0.027339923076923078,91
2023,spring,IL,0.06249747826086957,92
2023,summer,IL,0.016951608695652175,92
2023,winter,IL,0.052858055555555554,90
2023,fall,IN,0.024021769230769232,91
2023,spring,IN,0.05269985869565217,92
2023,summer,IN,0.016776228260869563,92
2023,winter,IN,0.0489188,90
2023,fall,KS,0.061655549450549456,91
2023,spring,KS,0.10770642391304348,92
2023,summer,KS,0.03727111956521739,92
2023,winter,KS,0.07640055555555555,90
2023,fall,KY,0.0070346373626373635,91
2023,spring,KY,0.027335282608695652,92
2023,summer,KY,0.0073584130434782595,92
2023,winter,KY,0.02477073333333333,90
2023,fall,LA,0.029995505494505494,91
2023,spring,LA,0.039987934782608696,92
2023,summer,LA,0.017236152173913045,92
2023,winter,LA,0.04508534444444444,90
2023,fall,MA,0.028146340659340657,91
2023,spring,MA,0.04942390217391305,92
2023,summer,MA,0.016991532608695653,92
2023,winter,MA,0.04769221111111111,90
2023,fall,MD,0.023892285714285717,91
2023,spring,MD,0.04341616304347826,92
2023,summer,MD,0.018679010869565218,92
2023,winter,MD,0.03685885555555555,90
2023,fall,ME,0.016332263736263737,91
2023,spring,ME,0.03608032608695652,92
2023,summer,ME,0.008988608695652175,92
2023,winter,ME,0.0315198,90
2023,fall,MI,0.037139725274725276,91
2023,spring,MI,0.04928114130434783,92
2023,summer,MI,0.01790132608695652,92
2023,winter,MI,0.05207731111111112,90
2023,fall,MN,0.03563548351648352,91
2023,spring,MN,0.06466482608695652,92
2023,summer,MN,0.016169804347826087,92
2023,winter,MN,0.04426615555555556,90
2023,fall,MO,0.020233065934065934,91
2023,spring,MO,0.047481239130434776,92
2023,summer,MO,0.012952282608695654,92
2023,winter,MO,0.04146133333333334,90
2023,fall,MS,0.014498000000000002,91
2023,spring,MS,0.023796076086956525,92
2023,summer,MS,0.010212695652173915,92
2023,winter,MS,0.02771432222222222,90
2023,fall,MT,0.057688945054945054,91
2023,spring,MT,0.06817777173913042,92
2023,summer,MT,0.039704913043478264,92
2023,winter,MT,0.10421158888888889,90
2023,fall,NC,0.014983593406593405,91
2023,spring,NC,0.028301152173913043,92
2023,summer,NC,0.012267097826086959,92
2023,winter,NC,0.021093066666666667,90
2023,fall,ND,0.06850115384615385,91
2023,spring,ND,0.10340803260869565,92
2023,summer,ND,0.03725258695652174,92
2023,winter,ND,0.08778996666666666,90
2023,fall,NE,0.05377774725274725,91
2023,spring,NE,0.10706327173913043,92
2023,summer,NE,0.032006945652173914,92
2023,winter,NE,0.08032432222222222,90
2023,fall,NH,0.04149897802197802,91
2023,spring,NH,0.05837444565217391,92
2023,summer,NH,0.03361338043478261,92
2023,winter,NH,0.04810730000000001,90
2023,fall,NJ,0.024013604395604397,91
2023,spring,NJ,0.04576898913043478,92
2023,summer,NJ,0.018982782608695646,92
2023,winter,NJ,0.03768275555555556,90
2023,fall,NM,0.04033067032967033,91
2023,spring,NM,0.09476764130434784,92
2023,summer,NM,0.05532922826086957,92
2023,winter,NM,0.07432453333333335,90
2023,fall,NV,0.024188956043956048,91
2023,spring,NV,0.05876265217391305,92
2023,summer,NV,0.03659536956521738,92
2023,winter,NV,0.03737392222222222,90
2023,fall,NY,0.024385813186813186,91
2023,spring,NY,0.04250955434782609,92
2023,summer,NY,0.015547934782608698,92
2023,winter,NY,0.04091322222222222,90
2023,fall,OH,0.028678307692307694,91
2023,spring,OH,0.053761641304347824,92
2023,summer,OH,0.019130065217391305,92
2023,winter,OH,0.05548434444444445,90
2023,fall,OK,0.04172636263736264,91
2023,spring,OK,0.06779727173913043,92
2023,summer,OK,0.02881895652173913,92
2023,winter,OK,0.06122325555555556,90
2023,fall,OR,0.017336417582417583,91
2023,spring,OR,0.027856315217391302,92
2023,summer,OR,0.020097858695652174,92
2023,winter,OR,0.038401399999999995,90
2023,fall,PA,0.014167527472527473,91
2023,spring,PA,0.03190325,92
2023,summer,PA,0.009897913043478262,92
2023,winter,PA,0.029311166666666673,90
2023,fall,RI,0.02925553846153846,91
2023,spring,RI,0.049169891304347825,92
2023,summer,RI,0.025074195652173913,92
2023,winter,RI,0.04632365555555555,90
2023,fall,SC,0.008057747252747252,91
2023,spring,SC,0.022498456521739124,92
2023,summer,SC,0.010587510869565218,92
2023,winter,SC,0.015269466666666667,90
2023,fall,SD,0.06223443956043955,91
2023,spring,SD,0.10413325,92
2023,summer,SD,0.03613629347826087,92
2023,winter,SD,0.08093011111111112,90
2023,fall,TN,0.007008164835164835,91
2023,spring,TN,0.02257892391304348,92
2023,summer,TN,0.007132260869565218,92
2023,winter,TN,0.023227888888888895,90
2023,fall,TX,0.03340141758241758,91
2023,spring,TX,0.057785750000000004,92
2023,summer,TX,0.03793923913043479,92
2023,winter,TX,0.050395355555555556,90
2023,fall,UT,0.026850461538461535,91
2023,spring,UT,0.055958097826086954,92
2023,summer,UT,0.04218835869565218,92
2023,winter,UT,0.030227166666666663,90
2023,fall,VA,0.015640659340659342,91
2023,spring,VA,0.034030554347826085,92
2023,summer,VA,0.014439945652173911,92
2023,winter,VA,0.025947333333333336,90
2023,fall,VT,0.00813712087912088,91
2023,spring,VT,0.022005434782608694,92
2023,summer,VT,0.005875271739130435,92
2023,winter,VT,0.015174255555555556,90
2023,fall,WA,0.016867384615384614,91
2023,spring,WA,0.028315282608695657,92
2023,summer,WA,0.024238326086956526,92
2023,winter,WA,0.02857376666666667,90
2023,fall,WI,0.024189637362637365,91
2023,spring,WI,0.04051610869565218,92
2023,summer,WI,0.012919728260869566,92
2023,winter,WI,0.02856444444444444,90
2023,fall,WV,0.006469219780219781,91
2023,spring,WV,0.021171630434782606,92
2023,summer,WV,0.005939119565217391,92
2023,winter,WV,0.018777277777777778,90
2023,fall,WY,0.04333431868131868,91
2023,spring,WY,0.0733859347826087,92
2023,summer,WY,0.04002215217391305,92
2023,winter,WY,0.08805896666666667,90
2024,fall,AL,0.010033604395604396,91
2024,spring,AL,0.015170836956521739,92
2024,summer,AL,0.004576608695652175,92
2024,winter,AL,0.02177136263736264,91
2024,fall,AR,0.015145923076923078,91
2024,spring,AR,0.03079286956521739,92
2024,summer,AR,0.009000347826086956,92
2024,winter,AR,0.026033659340659338,91
2024,fall,AZ,0.025584428571428574,91
2024,spring,AZ,0.044910228260869565,92
2024,summer,AZ,0.03494998913043478,92
2024,winter,AZ,0.023444516483516482,91
2024,fall,CA,0.022166010989010988,91
2024,spring,CA,0.0383765,92
2024,summer,CA,0.029822391304347832,92
2024,winter,CA,0.025994142857142855,91
2024,fall,CO,0.05433436263736264,91
2024,spring,CO,0.08817344565217392,92
2024,summer,CO,0.0520638152173913,92
2024,winter,CO,0.0620155054945055,91
2024,fall,CT,0.017558538461538462,91
2024,spring,CT,0.04504605434782609,92
2024,summer,CT,0.012451467391304349,92
2024,winter,CT,0.03908985714285715,91
2024,fall,DE,0.03446326373626374,91
2024,spring,DE,0.05217564130434781,92
2024,summer,DE,0.021293684782608697,92
2024,winter,DE,0.05006621978021978,91
2024,fall,FL,0.035490065934065944,91
2024,spring,FL,0.03282754347826087,92
2024,summer,FL,0.02397704347826087,92
2024,winter,FL,0.033081593406593404,91
2024,fall,GA,0.011248923076923076,91
2024,spring,GA,0.01317929347826087,92
2024,summer,GA,0.008497434782608695,92
2024,winter,GA,0.01739189010989011,91
2024,fall,IA,0.05470327472527472,91
2024,spring,IA,0.10757866304347827,92
2024,summer,IA,0.03164716304347826,92
2024,winter,IA,0.07840962637362639,91
2024,fall,ID,0.023773835164835163,91
2024,spring,ID,0.04239916304347825,92
2024,summer,ID,0.02437256521739131,92
2024,winter,ID,0.03227197802197802,91
2024,fall,IL,0.03964478021978022,91
2024,spring,IL,0.06754266304347825,92
2024,summer,IL,0.019934304347826087,92
2024,winter,IL,0.05479021978021978,91
2024,fall,IN,0.033017901098901105,91
2024,spring,IN,0.05396655434782609,92
2024,summer,IN,0.01774940217391304,92
2024,winter,IN,0.053081989010989004,91
2024,fall,KS,0.0719422087912088,91
2024,spring,KS,0.1115684891304348,92
2024,summer,KS,0.06712230434782608,92
2024,winter,KS,0.06784997802197801,91
2024,fall,KY,0.011504362637362637,91
2024,spring,KY,0.022802097826086953,92
2024,summer,KY,0.005718043478260869,92
2024,winter,KY,0.025039802197802198,91
2024,fall,LA,0.03636448351648351,91
2024,spring,LA,0.04916057608695652,92
2024,summer,LA,0.018739641304347826,92
2024,winter,LA,0.0516499010989011,91
2024,fall,MA,0.03190482417582417,91
2024,spring,MA,0.053588163043478264,92
2024,summer,MA,0.020810771739130433,92
2024,winter,MA,0.052772109890109886,91
2024,fall,MD,0.024026879120879124,91
2024,spring,MD,0.039282228260869564,92
2024,summer,MD,0.021666978260869572,92
2024,winter,MD,0.04333296703296704,91
2024,fall,ME,0.02120524175824176,91
2024,spring,ME,0.03376251086956522,92
2024,summer,ME,0.007992402173913043,92
2024,winter,ME,0.03185343956043956,91
2024,fall,MI,0.0439425054945055,91
2024,spring,MI,0.05558354347826087,92
2024,summer,MI,0.02198730434782609,92
2024,winter,MI,0.05750551648351648,91
2024,fall,MN,0.04427902197802197,91
2024,spring,MN,0.07342943478260869,92
2024,summer,MN,0.027679684782608693,92
2024,winter,MN,0.047686373626373624,91
2024,fall,MO,0.027937505494505493,91
2024,spring,MO,0.05173759782608696,92
2024,summer,MO,0.015854532608695654,92
2024,winter,MO,0.03963814285714285,91
2024,fall,MS,0.014559384615384611,91
2024,spring,MS,0.025949956521739127,92
2024,summer,MS,0.007301260869565218,92
2024,winter,MS,0.03146700000000001,91
2024,fall,MT,0.0725873076923077,91
2024,spring,MT,0.08737745652173913,92
2024,summer,MT,0.05947206521739131,92
2024,winter,MT,0.08580096703296701,91
2024,fall,NC,0.013549791208791209,91
2024,spring,NC,0.023872369565217395,92
2024,summer,NC,0.012046478260869565,92
2024,winter,NC,0.026848923076923076,91
2024,fall,ND,0.08604545054945055,91
2024,spring,ND,0.12319277173913044,92
2024,summer,ND,0.05998861956521738,92
2024,winter,ND,0.09975575824175824,91
2024,fall,NE,0.06364769230769231,91
2024,spring,NE,0.11416632608695654,92
2024,summer,NE,0.04582306521739131,92
2024,winter,NE,0.07091715384615385,91
2024,fall,NH,0.03893063736263736,91
2024,spring,NH,0.051446641304347826,92
2024,summer,NH,0.03773055434782609,92
2024,winter,NH,0.04955450549450549,91
2024,fall,NJ,0.020563758241758243,91
2024,spring,NJ,0.04686347826086957,92
2024,summer,NJ,0.024277152173913043,92
2024,winter,NJ,0.041252131868131876,91
2024,fall,NM,0.04718090109890111,91
2024,spring,NM,0.10292514130434782,92
2024,summer,NM,0.05014416304347826,92
2024,winter,NM,0.0647547912087912,91
2024,fall,NV,0.0327139010989011,91
2024,spring,NV,0.05698285869565216,92
2024,summer,NV,0.04035564130434782,92
2024,winter,NV,0.029808802197802197,91
2024,fall,NY,0.026885439560439563,91
2024,spring,NY,0.041555358695652175,92
2024,summer,NY,0.018124010869565218,92
2024,winter,NY,0.047256890109890114,91
2024,fall,OH,0.03936676923076923,91
2024,spring,OH,0.053597510869565206,92
2024,summer,OH,0.021587891304347826,92
2024,winter,OH,0.06613748351648352,91
2024,fall,OK,0.04456126373626374,91
2024,spring,OK,0.0745005,92
2024,summer,OK,0.04056370652173913,92
2024,winter,OK,0.0569185934065934,91
2024,fall,OR,0.021273648351648352,91
2024,spring,OR,0.03173303260869565,92
2024,summer,OR,0.02209002173913043,92
2024,winter,OR,0.04113632967032967,91
2024,fall,PA,0.016293417582417584,91
2024,spring,PA,0.03049380434782609,92
2024,summer,PA,0.011206478260869566,92
2024,winter,PA,0.03487292307692307,91
2024,fall,RI,0.029098208791208797,91
2024,spring,RI,0.0575435,92
2024,summer,RI,0.02255223913043478,92
2024,winter,RI,0.05026410989010988,91
2024,fall,SC,0.014387428571428572,91
2024,spring,SC,0.017443163043478264,92
2024,summer,SC,0.01354671739130435,92
2024,winter,SC,0.02188368131868132,91
2024,fall,SD,0.07912243956043957,91
2024,spring,SD,0.11169405434782609,92
2024,summer,SD,0.05331888043478261,92
2024,winter,SD,0.07604372527472528,91
2024,fall,TN,0.01115012087912088,91
2024,spring,TN,0.020043923913043476,92
2024,summer,TN,0.006340717391304348,92
2024,winter,TN,0.02661786813186813,91
2024,fall,TX,0.033625032967032974,91
2024,spring,TX,0.06138872826086956,92
2024,summer,TX,0.03532625,92
2024,winter,TX,0.05006585714285714,91
2024,fall,UT,0.032770934065934065,91
2024,spring,UT,0.06022443478260869,92
2024,summer,UT,0.04610489130434781,92
2024,winter,UT,0.025323230769230775,91
2024,fall,VA,0.015844945054945055,91
2024,spring,VA,0.028322934782608698,92
2024,summer,VA,0.011747402173913042,92
2024,winter,VA,0.030107725274725276,91
2024,fall,VT,0.010895351648351648,91
2024,spring,VT,0.019752608695652173,92
2024,summer,VT,0.007195282608695652,92
2024,winter,VT,0.01890381318681319,91
2024,fall,WA,0.022559802197802195,91
2024,spring,WA,0.03249786956521739,92
2024,summer,WA,0.02484632608695652,92
2024,winter,WA,0.030565439560439563,91
2024,fall,WI,0.030161186813186813,91
2024,spring,WI,0.046206652173913045,92
2024,summer,WI,0.015924184782608698,92
2024,winter,WI,0.032118549450549455,91
2024,fall,WV,0.008275252747252748,91
2024,spring,WV,0.018147858695652167,92
2024,summer,WV,0.005219782608695653,92
2024,winter,WV,0.021075802197802196,91
2024,fall,WY,0.0541678021978022,91
2024,spring,WY,0.09592492391304347,92
2024,summer,WY,0.05996673913043477,92
2024,winter,WY,0.08296410989010988,91
2025,spring,AL,0.019272195652173914,92
2025,summer,AL,0.004637067415730337,89
2025,winter,AL,0.01610830508474576,59
2025,spring,AR,0.04379469565217391,92
2025,summer,AR,0.008041136363636363,88
2025,winter,AR,0.02456381355932203,59
2025,spring,AZ,0.05194559782608696,92
2025,summer,AZ,0.03485680681818181,88
2025,winter,AZ,0.035239033898305086,59
2025,spring,CA,0.04062419565217391,92
2025,summer,CA,0.03336807954545454,88
2025,winter,CA,0.02913293220338983,59
2025,spring,CO,0.08137246739130435,92
2025,summer,CO,0.046569727272727277,88
2025,winter,CO,0.0572948813559322,59
2025,spring,CT,0.03693319565217391,92
2025,summer,CT,0.012458563218390806,87
2025,winter,CT,0.04439320338983051,59
2025,spring,DE,0.05730394565217391,92
2025,summer,DE,0.015745459770114944,87
2025,winter,DE,0.06822315254237289,59
2025,spring,FL,0.03558147826086957,92
2025,summer,FL,0.01629167045454545,88
2025,winter,FL,0.025292762711864408,59
2025,spring,GA,0.016085858695652176,92
2025,summer,GA,0.005974125,88
2025,winter,GA,0.01402779661016949,59
2025,spring,IA,0.10938375,92
2025,summer,IA,0.02875973863636364,88
2025,winter,IA,0.07948066101694916,59
2025,spring,ID,0.0391851847826087,92
2025,summer,ID,0.021925795454545458,88
2025,winter,ID,0.025605593220338986,59
2025,spring,IL,0.07648309782608696,92
2025,summer,IL,0.016880545454545457,88
2025,winter,IL,0.05466538983050847,59
2025,spring,IN,0.06369067391304348,92
2025,summer,IN,0.013017022727272726,88
2025,winter,IN,0.052617542372881354,59
2025,spring,KS,0.11971627173913045,92
2025,summer,KS,0.067893625,88
2025,winter,KS,0.06998349152542373,59
2025,spring,KY,0.03096984782608696,92
2025,summer,KY,0.004364409090909091,88
2025,winter,KY,0.020130118644067798,59
2025,spring,LA,0.05391101086956522,92
2025,summer,LA,0.009608875000000001,88
2025,winter,LA,0.05309033898305084,59
2025,spring,MA,0.06162351086956521,92
2025,summer,MA,0.022413333333333334,87
2025,winter,MA,0.0772573559322034,59
2025,spring,MD,0.05189573913043478,92
2025,summer,MD,0.01322532183908046,87
2025,winter,MD,0.059111355932203395,59
2025,spring,ME,0.031265423913043475,92
2025,summer,ME,0.010423068181818183,88
2025,winter,ME,0.04489184745762712,59
2025,spring,MI,0.06442058695652174,92
2025,summer,MI,0.021645147727272728,88
2025,winter,MI,0.0720413559322034,59
2025,spring,MN,0.06918498913043479,92
2025,summer,MN,0.022279056818181816,88
2025,winter,MN,0.06005998305084745,59
2025,spring,MO,0.05890986956521739,92
2025,summer,MO,0.013372522727272728,88
2025,winter,MO,0.03581052542372882,59
2025,spring,MS,0.035119619565217385,92
2025,summer,MS,0.006418454545454546,88
2025,winter,MS,0.02539257627118644,59
2025,spring,MT,0.07990547826086955,92
2025,summer,MT,0.04455593181818181,88
2025,winter,MT,0.11272438983050848,59
2025,spring,NC,0.02871945652173913,92
2025,summer,NC,0.011688875,88
2025,winter,NC,0.026376406779661018,59
2025,spring,ND,0.10010527173913043,92
2025,summer,ND,0.05061229545454546,88
2025,winter,ND,0.1281454406779661,59
2025,spring,NE,0.12188367391304347,92
2025,summer,NE,0.04955768181818181,88
2025,winter,NE,0.08088459322033897,59
2025,spring,NH,0.05743397826086956,92
2025,summer,NH,0.034485227272727265,88
2025,winter,NH,0.06307479661016949,59
2025,spring,NJ,0.04899767391304347,92
2025,summer,NJ,0.015031563218390805,87
2025,winter,NJ,0.06275650847457627,59
2025,spring,NM,0.10761902173913045,92
2025,summer,NM,0.04588922727272727,88
2025,winter,NM,0.064206,59
2025,spring,NV,0.05652816304347826,92
2025,summer,NV,0.04400610227272727,88
2025,winter,NV,0.0438886779661017,59
2025,spring,NY,0.05254025,92
2025,summer,NY,0.018803534090909093,88
2025,winter,NY,0.0731815593220339,59
2025,spring,OH,0.06651379347826086,92
2025,summer,OH,0.018554750000000005,88
2025,winter,OH,0.06830493220338983,59
2025,spring,OK,0.08319355434782609,92
2025,summer,OK,0.04064517045454546,88
2025,winter,OK,0.05575200000000001,59
2025,spring,OR,0.030817456521739128,92
2025,summer,OR,0.02127915909090909,88
2025,winter,OR,0.02447798305084746,59
2025,spring,PA,0.040546684782608707,92
2025,summer,PA,0.007227340909090909,88
2025,winter,PA,0.05279222033898306,59
2025,spring,RI,0.05296741304347827,92
2025,summer,RI,0.02127702272727273,88
2025,winter,RI,0.060635745762711864,59
2025,spring,SC,0.022247999999999997,92
2025,summer,SC,0.011546068181818182,88
2025,winter,SC,0.01574286440677966,59
2025,spring,SD,0.11039847826086957,92
2025,summer,SD,0.04805647727272728,88
2025,winter,SD,0.08608547457627119,59
2025,spring,TN,0.031183891304347823,92
2025,summer,TN,0.005821488636363637,88
2025,winter,TN,0.020183898305084748,59
2025,spring,TX,0.07592917391304348,92
2025,summer,TX,0.036294534090909096,88
2025,winter,TX,0.050761966101694915,59
2025,spring,UT,0.05553006521739132,92
2025,summer,UT,0.04691955681818181,88
2025,winter,UT,0.04039294915254237,59
2025,spring,VA,0.03319082608695652,92
2025,summer,VA,0.00969525,88
2025,winter,VA,0.03369318644067797,59
2025,spring,VT,0.025078673913043477,92
2025,summer,VT,0.007026367816091953,87
2025,winter,VT,0.025614457627118645,59
2025,spring,WA,0.03037902173913044,92
2025,summer,WA,0.02422440909090909,88
2025,winter,WA,0.01886072881355932,59
2025,spring,WI,0.04964475,92
2025,summer,WI,0.014478863636363637,88
2025,winter,WI,0.04187794915254237,59
2025,spring,WV,0.023072565217391303,92
2025,summer,WV,0.0029819318181818185,88
2025,winter,WV,0.027089525423728812,59
2025,spring,WY,0.09558748913043477,92
2025,summer,WY,0.05021010227272727,88
2025,winter,WY,0.10094854237288135,59
