station_id,latitude,longitude,state,avg_wind_speed_ms
99999953151,33.439,-117.19,CA,1.8838153310104473
72297793184,33.68,-117.867,CA,2.4830486944249373
72483893205,39.102,-121.569,CA,3.23525155645301
72293193107,32.867,-117.133,CA,2.4541212834855792
72583799999,40.376,-120.573,CA,2.7173907512240314
99403699999,37.928,-122.4,CA,2.9268863677293417
72590523275,39.128,-123.2,CA,1.6983316554006298
72295603167,33.924,-118.333,CA,2.362303523035334
72290693112,32.692,-117.21,CA,3.0291924571757196
99849699999,37.795,-122.288,CA,2.8153308230233143
72592024257,40.515,-122.298,CA,2.856501037724241
72033353175,33.898,-117.602,CA,2.365299830430218
72040600135,38.15,-122.55,CA,2.517168496870558
72392623136,34.211,-119.088,CA,2.5940426109377235
99999904222,40.651,-122.607,CA,2.4055216861174045
72295023174,33.938,-118.387,CA,3.4526727066815366
72289903179,33.976,-117.625,CA,2.640194292653417
72281023199,32.832,-115.664,CA,4.033356176117761
A0685400115,34.264,-116.854,CA,2.394573260976483
99847999999,37.798,-122.393,CA,2.8773557864566417
72491699999,36.682,-121.762,CA,3.77563040345749
72389799999,36.732,-119.82,CA,3.2559361549498815
99847599999,38.033,-122.125,CA,4.720677843879568
72389853119,36.311,-119.623,CA,2.3622034956306077
72286699999,34.095,-117.235,CA,1.6916005808110095
72494693232,37.333,-121.817,CA,2.920082087364513
72584693201,39.32,-120.139,CA,1.771336794860525
72019300117,40.747,-122.922,CA,1.0210985838031785
72289093136,34.233,-118.067,CA,1.6027721433401347
72286903171,33.953,-117.435,CA,2.4007403979640443
72593023233,36.664,-121.609,CA,3.6648255403304475
72495023254,37.992,-122.053,CA,3.8187824445492566
72288703180,34.1,-117.783,CA,3.086142709410646
99401299999,41.745,-124.183,CA,3.6067014952260865
72483993225,38.701,-121.595,CA,3.6630192502532757
72290023188,32.734,-117.183,CA,2.536182244984907
72480023157,37.371,-118.359,CA,3.841850104821595
72493893231,37.517,-122.25,CA,2.375724362452482
72483023232,38.507,-121.496,CA,2.6887817980725015
72380523179,34.768,-114.618,CA,4.085961236249271
74612093104,35.686,-117.691,CA,3.9228434504793475
69015093121,34.294,-116.147,CA,4.1111840665354045
A0705300346,40.983,-122.694,CA,1.8324845022484504
72595724215,41.315,-122.317,CA,1.060167542706992
72068799999,33.733,-117.017,CA,2.929778436573258
72393093214,34.717,-120.567,CA,3.5613024420785866
72494523293,37.359,-121.924,CA,3.0137021550338434
99404199999,37.507,-122.2,CA,2.9220959595961107
72026723224,38.955,-121.082,CA,2.542877535240027
72068199999,38.146,-120.648,CA,2.0024472370871247
72495723213,38.504,-122.811,CA,2.209006376195662
72288623130,34.212,-118.491,CA,2.452566212778841
72389523149,36.029,-119.063,CA,2.5393071414749167
72585093228,37.654,-122.115,CA,3.478035610040751
72594524283,40.978,-124.105,CA,2.5753809141939126
72292593117,33.023,-118.588,CA,4.074736647569691
72288023152,34.2,-118.365,CA,2.548564087061808
99773499999,37.92,-122.45,CA,2.6817696969698073
72291093116,33.234,-119.456,CA,5.9836499791981215
72297603166,33.872,-117.986,CA,1.814693411611322
72286023119,33.9,-117.25,CA,2.209132355036461
99819799999,37.8,-122.317,CA,4.042054720057944
72594024213,40.81,-124.16,CA,2.6894907908992387
72492723285,37.693,-121.815,CA,3.1485450136405007
72286893138,33.822,-116.504,CA,3.2634261692065767
99403499999,38.057,-122.038,CA,5.109324817518133
72481523257,37.286,-120.518,CA,2.66919093851149
72376293244,34.607,-120.076,CA,2.4460378932312823
72383023187,34.744,-118.725,CA,6.294183601961659
72492623258,37.625,-120.955,CA,3.0950911416693736
72295303183,35.067,-118.15,CA,6.115314193187071
72396593209,35.669,-120.629,CA,3.0352331606217717
99999953139,36.602,-117.145,CA,2.358972125435544
72483623208,38.667,-121.4,CA,3.300972495673777
72292800369,33.286,-117.456,CA,2.5994518879415014
72392793110,34.2,-119.204,CA,3.0466159391268794
99403399999,37.772,-122.298,CA,3.3479646974064217
72389403181,37.633,-118.85,CA,3.787626463915032
74948500396,40.554,-124.133,CA,3.6001794712494486
72481023203,37.383,-120.567,CA,2.1316666666666677
72491523259,36.588,-121.845,CA,2.8504751985417647
72295503174,33.803,-118.34,CA,4.012310030395284
72290753143,32.826,-116.973,CA,1.6461494197756732
72392523190,34.424,-119.842,CA,2.421240241567399
74704303165,34.083,-118.033,CA,2.5646159724876365
72394023273,34.894,-120.452,CA,2.908718209562404
74702023110,36.333,-119.95,CA,3.684952349105425
74718503144,32.835,-115.577,CA,3.413191118850836
72493723289,37.467,-122.117,CA,4.17514916467798
72584523225,39.276,-120.709,CA,2.689422565194238
A0704900320,38.25,-122.6,CA,2.196234835627336
72317153144,34.988,-117.865,CA,4.3895107977081
72064500227,38.717,-120.75,CA,1.5975860823499854
72492023237,37.89,-121.226,CA,3.3525097008384703
74718823158,33.619,-114.715,CA,3.9732923617207545
99817399999,36.8,-121.783,CA,2.5218410198726406
74704003102,34.053,-117.577,CA,2.886465693201504
72290403178,32.576,-116.994,CA,2.1393646759848703
99847699999,37.811,-122.333,CA,3.073015588604343
99834099999,34.408,-119.658,CA,2.625965858041478
72057600174,38.533,-121.783,CA,2.207874466865862
72061400205,38.909,-121.351,CA,2.9077729257637537
72389093193,36.78,-119.72,CA,2.887764253683464
74718703104,33.632,-116.164,CA,3.4251395572667205
74948400395,37.082,-121.597,CA,2.702612138762009
74948600397,39.224,-121.003,CA,1.473108845150441
72293453121,33.219,-117.35,CA,2.1223830734967595
72381603159,34.741,-118.213,CA,5.628130330944942
99999993243,37.238,-120.883,CA,1.939421401185085
99847799999,37.906,-122.365,CA,4.436045886359481
72381523161,34.854,-116.787,CA,5.418175499565423
99999953150,37.759,-119.821,CA,1.1937216602720602
72032999999,34.112,-117.688,CA,2.815172329948991
99999953152,34.414,-119.88,CA,1.5646105593309017
72584793230,38.898,-119.996,CA,2.7227135402362204
99847899999,38.042,-121.887,CA,5.068106848332674
72493023230,37.718,-122.233,CA,4.189056776556661
99999993245,38.321,-123.075,CA,1.9756059285091563
99999923122,34.1,-117.25,CA,1.706831728564986
72290993115,32.568,-117.117,CA,3.0700262386170776
74917900392,36.9,-121.417,CA,2.3578154648954253
72389693144,36.317,-119.4,CA,2.3298319987440643
99402799999,32.713,-117.173,CA,0.0
74917100479,35.135,-118.439,CA,4.641786168088168
72595524259,41.774,-122.468,CA,2.6590174033575598
99801399999,32.575,-117.127,CA,1.760151051969154
72381023114,34.9,-117.867,CA,5.222963783014227
72289793206,35.238,-120.644,CA,3.034299773906053
72292703177,33.13,-117.277,CA,2.0751154374143317
72297553141,33.79,-118.052,CA,2.0841050361538804
72292023191,33.404,-118.415,CA,3.2325761237309147
99847499999,38.057,-122.259,CA,4.465722988711665
72495593227,38.208,-122.28,CA,3.694818219807654
72483793216,39.133,-121.433,CA,3.5114263685427205
99402299999,37.99,-122.975,CA,0.0
74505823277,36.939,-121.79,CA,1.8962784966113266
72382523131,34.583,-117.383,CA,4.254516426158501
72095299999,34.564,-117.675,CA,2.0093749999999884
72384023155,35.434,-119.055,CA,2.6962315816924995
72497393203,39.8,-121.85,CA,3.0584375000001347
72297023129,33.812,-118.147,CA,2.399830680663661
74611003182,35.283,-116.633,CA,4.027413626089694
74505753130,34.259,-118.413,CA,2.388388537402351
72483323206,38.567,-121.3,CA,3.1423904479052545
72594624286,41.784,-124.238,CA,3.574428512052915
72494023234,37.62,-122.366,CA,5.13565443172391
99401699999,37.807,-122.465,CA,3.503529201003269
74509023244,37.406,-122.048,CA,2.759598026236153
72591024216,40.152,-122.255,CA,3.4648481590968387
99801199999,38.217,-122.017,CA,4.082255206025836
74505653120,33.038,-116.916,CA,2.0347999090496303
72289523243,34.667,-120.467,CA,3.1764855579589457
72292603154,33.304,-117.355,CA,1.7341672834937967
72391093111,34.124,-119.123,CA,3.1375843365523344
74504893210,39.494,-121.622,CA,3.0424889903768264
99729299999,32.87,-117.25,CA,2.4832552271090047
72061500206,38.033,-120.417,CA,1.0103073783980279
72288593197,34.021,-118.447,CA,2.0893263099530017
72382023182,34.629,-118.083,CA,4.979266182069769
72290303131,32.815,-117.137,CA,2.4764745947419247
74504693242,36.985,-120.111,CA,2.6677921269644966
72595894299,41.484,-120.562,CA,2.43730001523706
74516023202,38.267,-121.933,CA,6.0038321720688765
72069699999,36.588,-118.052,CA,3.606695214790003
72482893241,38.378,-121.959,CA,2.87527814136136
72064600228,37.513,-122.501,CA,3.2845577211387953
99402399999,35.177,-120.76,CA,2.598667626935621
72230053864,33.178,-86.782,AL,1.8384323640961975
72226699999,32.344,-86.988,AL,2.224681382209671
99999963869,30.549,-87.876,AL,1.311983974917263
99999923801,31.79,-86.0,AL,1.7846442219671403
99999973801,33.217,-87.593,AL,1.2725866651175646
72036263874,31.847,-86.614,AL,2.2831161206997894
99999963858,32.457,-87.242,AL,1.0327817453405357
99848599999,30.329,-87.829,AL,4.651416776130529
72050899999,33.172,-86.306,AL,1.5846513860553082
72050499999,33.57,-86.051,AL,2.372163714695687
99999963857,34.285,-85.962,AL,1.8035708064797142
72228503896,33.967,-86.083,AL,1.9558653340348342
72036163870,31.043,-86.312,AL,2.158676488346889
99999963899,31.145,-87.052,AL,1.3008080338327832
72030763804,34.861,-86.557,AL,2.716195357605263
72228403892,32.616,-85.433,AL,2.979090665235952
72323513896,34.744,-87.6,AL,2.763916203505795
99999963892,32.837,-88.137,AL,1.6028164717844615
72203163839,34.269,-86.858,AL,2.2578903256701284
72085600284,34.689,-86.006,AL,1.675735020468848
99999923802,31.881,-87.737,AL,1.6307023022732432
72223013894,30.688,-88.246,AL,2.981001651073014
72228713871,33.59,-85.848,AL,2.1814645308925584
99999973802,31.916,-86.312,AL,2.294348759751062
72227953852,34.658,-86.943,AL,3.029231995747994
72037663880,34.229,-86.256,AL,3.2495981362839617
72026563833,32.915,-85.963,AL,1.5543529411763355
72226813839,31.318,-85.443,AL,3.191575703094721
72036363872,31.952,-85.131,AL,1.820446466657297
72223513838,30.615,-88.063,AL,3.050400712377428
99999963891,32.852,-86.612,AL,1.602791778633175
72323163883,34.679,-86.685,AL,2.940566873339197
72228013876,33.565,-86.745,AL,2.8631549841006434
99999963893,32.717,-87.623,AL,1.1470292497929306
72050799999,33.313,-86.926,AL,2.1860584645038337
99999963868,34.66,-87.346,AL,2.032474249270002
72038163885,30.291,-87.672,AL,2.438671650373629
72226903850,31.267,-85.717,AL,2.7033471800603777
72228693806,33.212,-87.616,AL,2.330883492637631
99999900440,34.269,-85.858,AL,2.2505835399403793
72227553843,31.306,-86.39,AL,1.928498314817249
99999963897,32.335,-86.979,AL,2.2749611174906086
72059200186,30.46,-87.877,AL,1.8732696897372625
72221999999,31.363,-85.849,AL,2.3736802349976664
72223863873,31.35,-85.667,AL,2.2875250500999953
72226013895,32.3,-86.407,AL,2.578950722174879
72227653820,31.419,-87.048,AL,1.936881387070948
72226513821,32.383,-86.35,AL,2.039221486038901
72041300138,34.267,-87.6,AL,2.3370183008482366
99999963867,34.195,-86.796,AL,1.6757737311119703
A0001363847,34.474,-85.721,AL,1.9643301334297116
A5125500445,32.464,-87.954,AL,1.298837520042761
72223953861,31.356,-85.751,AL,1.7114532326333938
99999973803,33.572,-86.057,AL,2.344156580113652
72226703878,31.857,-86.01,AL,2.0781347962382863
72050500156,33.902,-87.314,AL,1.2786200662849854
99999963894,34.773,-87.64,AL,2.423412352565227
72323003856,34.644,-86.786,AL,3.1253606431007444
72091200302,29.233,-87.783,AL,3.3409310986960112
72750304909,45.559,-93.265,MN,2.534380589006336
72745604919,46.722,-92.043,MN,4.766997326997214
72656804961,44.123,-93.261,MN,4.484501800719939
72747504940,45.886,-93.272,MN,2.2189413875594943
72658514954,44.217,-93.917,MN,4.817735686611897
72656404967,44.589,-92.485,MN,2.7311144130752867
72216804960,44.779,-95.033,MN,3.18279193948215
72751504982,45.306,-96.424,MN,2.786039830231626
72750504929,47.593,-95.775,MN,3.7038038038031145
72655614992,44.548,-95.08,MN,4.333986928104343
72746704926,49.318,-94.903,MN,3.938699380358579
72747014918,48.559,-93.396,MN,3.0490767045452873
99999904994,48.306,-95.874,MN,1.6113763066202134
72657594960,45.062,-93.351,MN,3.6983266590387625
72749704984,46.99,-94.204,MN,2.308649513872033
72750754904,45.332,-95.651,MN,4.192217806512378
99999900343,44.017,-92.483,MN,3.332565006971875
72200654926,43.621,-96.216,MN,3.6523723515103814
72203304999,44.753,-95.556,MN,4.191594133777977
72750604952,43.913,-95.109,MN,4.515089195756275
72744904954,46.419,-92.804,MN,1.9332214765098086
72036854924,43.987,-95.783,MN,4.908071748878303
72225254923,44.729,-96.266,MN,3.9033933559153735
72746994992,47.745,-90.346,MN,2.8501902518573674
72756604902,43.665,-92.933,MN,3.5959358866603996
72658794927,43.645,-95.58,MN,5.413467048710269
72659304946,43.65,-94.986,MN,4.4113398312475525
72745014913,46.844,-92.187,MN,4.525863708398869
72751704932,44.756,-94.081,MN,1.911415678879266
72657994963,44.832,-93.471,MN,3.8993247126435024
72234254931,44.249,-95.607,MN,4.963897219192632
72656394969,44.333,-93.317,MN,3.1701209291181747
72654954905,47.822,-92.689,MN,2.5348918682202912
72746804928,47.783,-93.65,MN,2.5064652050822236
72028304927,43.677,-92.18,MN,4.560815697432943
72658804956,44.077,-91.708,MN,2.4525882282206073
72751454910,46.381,-94.806,MN,3.0298052705934757
72658694948,43.65,-94.417,MN,5.232422819746485
72212904939,46.839,-96.663,MN,4.284606721592866
72658994968,43.683,-93.367,MN,3.3441852052806347
72660304974,44.857,-93.033,MN,2.9418825203005365
72745794962,46.833,-95.883,MN,3.9978785531248384
72655454906,43.986,-94.558,MN,4.9918380809595275
72646654917,45.228,-96.007,MN,2.7856537530265157
72656194997,46.447,-95.212,MN,3.28617789885045
72655714910,45.868,-95.394,MN,4.797660972404372
72655014926,45.544,-94.052,MN,3.6510793465576183
74466799999,46.091,-94.361,MN,3.8453908473830882
72655804914,46.703,-92.504,MN,3.0929261289474987
72745204912,47.842,-96.621,MN,4.5795635880074945
72200354930,44.476,-93.016,MN,3.6435616270515467
72656904933,44.859,-94.382,MN,3.7082842699963123
72659604978,44.018,-92.831,MN,3.7110407962639274
72655994976,44.45,-95.817,MN,5.3793113141247675
72038600125,45.117,-95.133,MN,4.603697107412333
72748604983,48.154,-94.517,MN,2.869523866850679
72654704931,45.644,-95.32,MN,4.401093155893196
72656704980,44.319,-94.502,MN,4.237274597603269
72755014958,47.5,-94.933,MN,3.6084879847720432
72211454901,45.159,-93.843,MN,3.5846583150262834
A0735700182,45.986,-95.992,MN,4.3327360654716065
72747394977,48.267,-92.483,MN,1.2534046981862217
72658414927,44.932,-93.056,MN,3.9210401540967736
72744404979,47.049,-91.745,MN,2.5277247956399065
99999954932,46.114,-92.994,MN,1.4530139372822326
72667904969,45.698,-92.953,MN,2.4861474681665556
72668254914,45.56,-93.608,MN,2.8164237533119314
72644014925,43.904,-92.492,MN,5.138135041250043
72657804944,45.949,-94.347,MN,2.3492077035588568
72747804934,48.753,-96.943,MN,4.430001794365365
72747694961,48.726,-94.612,MN,3.7785303347278427
72745404911,47.838,-90.383,MN,2.9933228021138025
72747704970,48.856,-95.697,MN,3.819480519479748
72656504948,45.566,-95.968,MN,5.120810762545438
72025804997,46.619,-93.31,MN,2.9238185704102464
72214404945,45.236,-93.986,MN,2.7183621050111446
72658304941,45.147,-94.507,MN,3.0684939024384574
72655304951,44.969,-95.71,MN,3.9209020771506
72654404958,48.016,-92.856,MN,2.0906953159660056
72745894919,47.211,-93.51,MN,3.4424188222343193
72655594938,46.402,-94.127,MN,3.484138288229799
72203254916,44.074,-93.553,MN,4.258154879730829
72745994964,47.817,-91.833,MN,2.5488311380083375
72657794974,45.15,-93.217,MN,3.1853031049775606
72747404923,47.424,-92.498,MN,2.6088987122809635
72745394967,46.9,-95.067,MN,4.0297522886373525
72036754927,45.372,-94.746,MN,3.318410438908008
72750854915,46.725,-94.382,MN,2.540129238794899
72750494999,46.548,-93.677,MN,2.3987834989456878
72745594931,47.38,-92.832,MN,3.13802952118071
72656204943,44.628,-93.228,MN,2.942548775424993
72654804971,48.941,-95.348,MN,3.3677486475232086
72753304922,45.78,-96.545,MN,3.8418031244113715
72746604918,44.986,-96.043,MN,4.415567939293084
72097299999,44.017,-92.483,MN,3.352145133610697
72755594956,48.067,-96.183,MN,4.92444743935281
72658014922,44.885,-93.231,MN,4.394454215030665
72657294966,46.283,-96.15,MN,4.817959838402958
72309593719,35.068,-77.048,NC,3.28900013002195
72315003812,35.432,-82.538,NC,2.749780455427188
72317013723,36.097,-79.943,NC,3.335467305716936
72301003810,35.742,-81.382,NC,2.1281098339720264
74693503709,35.654,-79.895,NC,1.711513834451893
72214863824,35.417,-80.151,NC,1.8004596984685777
72309693727,34.708,-77.44,NC,3.470912183712714
72086400290,35.937,-77.547,NC,2.1602875077489854
72316563821,36.223,-81.098,NC,1.3396007778084613
72317763807,36.46,-80.553,NC,1.3264361536057867
72096800340,35.704,-79.504,NC,1.3612873540948616
72305563816,35.765,-80.957,NC,1.8513883502671777
72219303722,36.285,-78.984,NC,1.828854198945986
72028803711,36.361,-78.529,NC,2.0215690875664865
99999900370,35.02,-76.46,NC,5.071812906628984
72219863819,36.2,-81.65,NC,3.06555041628083
72317493783,36.048,-79.474,NC,2.325545130170567
72309013754,34.9,-76.883,NC,4.158118361153055
72224303738,34.891,-79.759,NC,2.125545122381899
72309793743,34.683,-77.033,NC,4.104817741524544
72220103723,35.582,-79.101,NC,1.5362114298968594
72315663812,35.646,-80.52,NC,1.888972557543326
A0000363844,35.223,-83.419,NC,1.0103827540695363
72303013714,35.174,-79.009,NC,2.828859402908613
72064900231,36.33,-77.635,NC,2.1449840702458167
72314303720,35.237,-79.391,NC,2.694803548795975
72027903705,34.602,-78.578,NC,2.782439138759324
72307403703,36.028,-76.567,NC,2.9741919250569455
72028203736,36.018,-75.671,NC,2.8116627725853145
72207303727,34.976,-78.364,NC,1.49867575311673
72314653892,36.432,-81.419,NC,2.4882052472714298
72303593740,34.99,-78.88,NC,3.3462433283151696
72319393807,36.133,-80.224,NC,2.4348954088563732
72306793726,35.317,-77.633,NC,2.258497330889762
74694003708,35.46,-77.965,NC,2.4832637941112834
72306200370,35.02,-76.46,NC,5.1187093370844305
72304613766,35.917,-75.702,NC,4.3725715654575055
72307993796,36.298,-77.171,NC,1.8476370736368106
72306613713,35.344,-77.965,NC,2.992994883903884
72306893759,35.85,-77.895,NC,2.5592573014404905
72027763843,35.256,-81.601,NC,1.7381677018629986
99842699999,35.209,-75.704,NC,5.198646942088996
74692503741,35.57,-77.05,NC,2.591885607997528
72217763811,35.195,-83.865,NC,1.004510378656516
99999953877,35.495,-82.614,NC,0.522991110336409
72213103713,35.541,-78.39,NC,1.7225081509078863
74693603712,35.379,-78.734,NC,2.351300507115395
72213263801,35.39,-80.707,NC,1.463710319214875
72314753870,35.197,-81.156,NC,1.846851319571592
72306513783,35.633,-77.383,NC,2.465253413200973
99707799999,33.842,-78.476,NC,0.0
72314863859,35.821,-81.611,NC,0.860338152800796
74207703763,36.437,-79.851,NC,1.3139165858388033
72313993729,35.232,-75.622,NC,3.9991339107259156
72302013748,34.267,-77.9,NC,3.6407352316188644
74692903702,35.0,-77.982,NC,2.330035657685623
99999903758,35.971,-79.093,NC,1.2861726242371394
72207953888,35.781,-80.304,NC,1.360198119413151
72212853899,35.483,-81.161,NC,1.5395827667919861
72219103721,33.929,-78.075,NC,3.898344383700263
72362603737,36.399,-76.016,NC,2.8103413498832857
72027493799,34.273,-78.715,NC,1.8030318401744103
72306993753,34.833,-77.617,NC,2.7830238032957926
72303793765,34.733,-76.657,NC,4.644195005313208
72319453872,35.015,-80.624,NC,2.6306804455777897
74693093737,35.133,-78.933,NC,2.448061886541105
72310813776,34.608,-79.059,NC,2.9358551359710297
72310993782,34.791,-79.368,NC,3.1330317945987862
72314453890,35.428,-81.935,NC,1.6501289417723632
72214103731,36.023,-78.33,NC,1.4725016455644502
72529400383,35.017,-80.083,NC,1.2626765195185072
72314013881,35.223,-80.954,NC,3.0513760420232905
72303493747,35.033,-79.5,NC,2.696594778660386
99820999999,36.183,-75.75,NC,5.9871212121211
72306013722,35.892,-78.782,NC,2.8363903586124373
99999953878,35.419,-82.557,NC,1.3592018124782177
72307013786,36.258,-76.172,NC,4.246743810548773
99849099999,29.689,-93.842,TX,5.58228190338847
72253712961,29.983,-99.083,TX,3.4282149373190864
99479099999,28.45,-96.4,TX,6.164065040650292
72250012919,25.915,-97.423,TX,4.978371067921711
72259453909,32.994,-97.32,TX,4.825317935974049
72216903058,31.383,-103.511,TX,2.7840313725490873
72257603902,31.067,-97.833,TX,4.14763171899907
72446203073,31.307,-95.404,TX,1.861912138298337
99736199999,29.48,-94.92,TX,5.184360360360281
72031303052,35.613,-100.996,TX,5.336429958227984
72241012917,29.952,-94.026,TX,3.8888645418322705
72077100276,31.841,-99.404,TX,3.818994611876797
72266693943,31.8,-98.95,TX,3.5402333413512452
72223100357,31.666,-98.149,TX,4.823546298558346
72236293937,33.167,-95.617,TX,3.335079591351223
72250612959,26.179,-98.245,TX,5.082565255401126
72215912980,26.178,-97.973,TX,4.865677712644791
72258813926,33.068,-96.065,TX,3.7254590395472764
72031612984,27.779,-97.691,TX,4.519387032006256
72242712975,29.519,-95.242,TX,3.1166558314912614
72259513911,32.767,-97.45,TX,4.4787068836790676
99818499999,27.833,-97.067,TX,4.40922049801506
72254153914,33.183,-96.59,TX,4.079162454873483
72031853965,33.11,-98.555,TX,3.1128544423434144
72039100127,28.35,-97.717,TX,3.7642437923243195
72258903991,33.209,-97.199,TX,4.1559076570115785
99471099999,27.3,-97.42,TX,6.190643591130244
99818299999,29.517,-94.5,TX,4.498421911844612
72104399999,32.164,-95.828,TX,2.570552572319188
72249953948,31.578,-94.709,TX,2.639557328529125
72094300431,32.521,-94.308,TX,2.236566035452513
72256353952,31.485,-97.316,TX,4.017878410192297
99999900477,29.529,-97.464,TX,3.21899626202522
72255512935,28.725,-96.254,TX,4.927368114252185
72031503045,36.414,-100.75,TX,5.158328552304338
74736093042,36.025,-102.549,TX,5.586829268292343
72362953998,30.069,-93.804,TX,2.3819280660373545
72257793984,31.15,-97.417,TX,4.699861763892462
72243012960,29.984,-95.361,TX,3.631249999999755
72217423097,34.167,-101.717,TX,4.412252708431128
72032393947,30.243,-98.91,TX,3.2005461857025312
72252712976,29.115,-95.463,TX,3.4855003498949553
72252612947,28.459,-99.223,TX,4.0049225952338645
72236323098,29.947,-100.173,TX,4.7836720226840805
72026153976,33.175,-97.828,TX,2.6777692575806347
72253612911,29.533,-98.262,TX,3.9480301602257057
72254203999,30.741,-98.235,TX,3.390193783326636
72030353973,30.872,-96.622,TX,3.411210407926881
99999923906,28.305,-96.823,TX,0.9449651567944275
72028753967,33.714,-96.674,TX,3.83290244395033
72252012907,27.533,-99.467,TX,5.074137931034268
72092600313,30.071,-94.216,TX,2.7332037756797067
72265023023,31.948,-102.209,TX,5.394889791897106
72248953911,32.713,-96.269,TX,3.7426623559177368
72029553972,32.084,-97.097,TX,3.848525863590131
99999903054,33.956,-102.774,TX,2.853728222996519
72258013960,32.838,-96.836,TX,3.9109198813054515
72072900435,28.5,-95.716,TX,4.0409882023125645
72063900225,30.533,-98.367,TX,2.6202702702697795
99999923907,30.622,-98.085,TX,2.211132404181186
72241612971,29.709,-98.046,TX,4.1363658330309985
72031153962,33.096,-94.961,TX,2.916323287025586
72232403071,32.036,-102.101,TX,4.797058999700268
72039300129,34.85,-102.333,TX,4.5572285767856195
72351399999,33.967,-98.483,TX,4.257142857142857
72027312981,28.973,-95.863,TX,3.750416641687407
72059400188,29.717,-95.383,TX,4.8860721016473
72250812957,26.16,-97.338,TX,5.355861911814485
72247003901,32.391,-94.714,TX,3.2822562517560083
72254753942,30.679,-97.679,TX,3.844612068965399
72057999999,29.278,-103.687,TX,3.373684889949666
72363023047,35.22,-101.717,TX,6.033851239668866
72074200270,28.209,-100.019,TX,4.216409997474649
72246953912,32.032,-96.399,TX,4.158920063525402
72270499999,31.85,-106.38,TX,4.305688472477673
72214353975,32.579,-96.719,TX,2.7520127118639475
72077900461,31.641,-96.514,TX,3.2144908030502113
72031493983,31.78,-95.706,TX,3.1681325925224755
72211353979,30.169,-96.98,TX,2.7695398913536553
72256013959,31.618,-97.228,TX,4.438653530377224
72244012918,29.646,-95.282,TX,4.295658465991117
72259793985,32.782,-98.06,TX,4.074839340597712
72259803970,32.969,-96.836,TX,3.7862771182967347
72259303985,32.565,-97.308,TX,3.2855185909976945
72253912979,29.891,-97.864,TX,4.152729729729506
72054200166,30.5,-97.967,TX,3.2036752324468214
99999903072,32.041,-100.25,TX,1.7496341463414675
72363503024,35.695,-101.396,TX,4.795361549273618
72212203050,32.693,-100.951,TX,4.461879379528863
99772999999,29.35,-94.72,TX,5.933575713506534
72061700208,29.8,-95.9,TX,3.6060630919525574
72029953966,32.456,-96.913,TX,3.5375308641968704
72210703056,32.675,-102.654,TX,3.828283066752467
72259003927,32.897,-97.022,TX,4.824326249554358
72027612983,26.442,-98.129,TX,4.75309304065811
72029853971,31.869,-95.218,TX,2.9719054956336786
72244813972,32.359,-95.404,TX,3.8589125946315916
72233812994,27.349,-98.737,TX,4.3051593959729395
A0001953969,34.226,-99.284,TX,4.266299600122477
72062600213,35.883,-101.033,TX,4.175864699898457
72261022010,29.378,-100.927,TX,4.473868215216462
72064800230,30.395,-97.567,TX,3.623379781779246
72257003933,31.133,-97.717,TX,4.268503423540462
99848399999,26.077,-97.177,TX,5.476591523895272
99848199999,29.726,-95.266,TX,2.5276265993874367
72244753903,30.744,-95.587,TX,3.45723666929322
72247953907,32.658,-97.095,TX,4.04103101424959
72251612928,27.509,-97.804,TX,4.683274523641414
72029153970,32.747,-96.531,TX,3.010180929095118
72065900239,30.735,-101.203,TX,4.354229403843287
A0573500209,33.6,-97.783,TX,3.0505907300812214
72253012921,29.544,-98.484,TX,4.292165634319405
72254312977,29.62,-95.657,TX,3.7414352999502065
72256199999,31.638,-97.074,TX,3.8813965884863197
99737099999,29.68,-94.98,TX,4.032514894385206
99823699999,27.633,-97.233,TX,5.297868882066038
99822599999,29.867,-93.933,TX,3.258079625292838
72011053983,30.784,-98.662,TX,2.778983204720359
72244693987,31.236,-94.755,TX,2.731487982716697
72032053981,32.354,-97.434,TX,4.204149251922533
72267023042,33.666,-101.823,TX,5.546836953926459
72211253982,32.699,-94.949,TX,2.1031580956015055
72264093035,30.371,-104.017,TX,3.237298810356874
72261522001,29.367,-100.783,TX,4.931888544891287
72251812974,27.895,-98.043,TX,4.758393532851586
99818599999,28.4,-96.717,TX,4.974517931158699
72104400448,32.931,-96.435,TX,3.48951393005262
72026912982,27.207,-98.121,TX,3.8775119617216656
72260003969,32.215,-98.178,TX,3.377734869968536
74740013973,30.51,-99.766,TX,3.2563502282568755
72103400351,30.879,-96.971,TX,3.2566274278981253
74735553997,31.917,-98.6,TX,3.772609187867891
72253312962,29.36,-99.174,TX,4.354058697208056
72063700223,29.5,-95.477,TX,2.1106281347023517
72263793046,35.9,-100.4,TX,3.6724427480911803
72251012924,27.773,-97.513,TX,5.468038930528645
72242012923,29.27,-94.864,TX,5.373471450226932
72232300362,31.417,-97.8,TX,2.9263438227005443
72015103049,30.383,-103.683,TX,3.781761957118639
72057700175,32.15,-94.85,TX,1.7583573487030741
72261823091,30.912,-102.917,TX,5.158180689226736
72244453902,30.361,-95.418,TX,2.7323741007193703
74746003904,30.591,-96.363,TX,4.021082138200526
72243612906,29.617,-95.167,TX,4.101749049429657
99999912987,26.526,-98.063,TX,1.5443825117575394
72096513910,32.433,-99.85,TX,4.746339082329842
72219223033,32.473,-100.466,TX,4.986986704318049
72362893942,31.178,-99.324,TX,4.361084266351971
72242953910,30.068,-95.556,TX,2.6607079160378886
99999903047,31.622,-102.807,TX,2.763839052429884
99736499999,29.3,-94.78,TX,3.348305695746277
72030553964,33.254,-97.581,TX,3.531826645264109
72263023034,31.352,-100.495,TX,4.25793366738216
72029653945,30.886,-94.035,TX,2.0171977223162005
72204253978,32.742,-95.496,TX,1.9995670711706555
72200812995,27.812,-97.089,TX,5.038443854995413
74733503059,30.586,-100.649,TX,2.977805395130853
72351013966,33.979,-98.493,TX,5.0484651162786065
72028653977,32.444,-97.817,TX,2.482341854163866
72250512904,26.23,-97.656,TX,5.238477987421013
72376123901,30.516,-96.704,TX,3.4423969213851358
72104800471,29.634,-104.361,TX,3.1833894699515537
72040400134,33.85,-98.483,TX,4.376815870424378
72254413958,30.321,-97.76,TX,2.3716919585875824
99822699999,28.017,-97.05,TX,4.911488673139077
72266013962,32.411,-99.682,TX,4.9336141336136725
99999953968,31.78,-95.723,TX,1.3510538233757263
99999922016,29.348,-103.209,TX,2.061167247386752
72057800176,32.717,-98.892,TX,3.3534356983167575
72039500130,28.95,-98.517,TX,4.42001668056671
72066900247,27.3,-93.533,TX,2.9288805330161147
72080699999,32.176,-94.299,TX,2.2608949927714552
72058400181,26.967,-99.25,TX,3.253389718514442
A0000812978,29.908,-96.95,TX,3.197622274238625
72251712932,27.741,-98.025,TX,4.098053874450904
72259903971,32.678,-96.868,TX,4.3462823962609205
72257503972,31.083,-97.683,TX,4.097576713507099
72221403070,35.858,-102.013,TX,4.5781683738405405
72255012912,28.862,-96.93,TX,4.241575670986381
72252312970,29.339,-98.472,TX,3.655451839826666
72264803031,31.925,-102.387,TX,5.299755725190611
72265623040,31.78,-103.202,TX,5.109192886456968
72027103044,32.213,-101.521,TX,5.294939355917676
72251512926,27.688,-97.292,TX,6.041868749143343
99480099999,26.8,-97.47,TX,6.9528839221339425
99848799999,28.64,-96.595,TX,5.745300378856155
72253512909,29.383,-98.583,TX,4.051228632478063
72270023044,31.812,-106.377,TX,4.189355777749384
72261603032,30.048,-102.213,TX,4.397515404492099
72220212985,29.211,-99.744,TX,3.440931770362917
72258793955,33.633,-95.45,TX,3.9424999999997716
72235112953,29.266,-96.008,TX,3.345327490228006
72366023007,34.427,-100.284,TX,4.78336920648559
72209453984,32.699,-97.047,TX,3.167770216417709
A0000253928,30.219,-96.374,TX,2.6193783630696386
72236900365,27.917,-97.2,TX,5.0954522862820655
72220912986,28.654,-96.681,TX,3.966141732282747
72252412972,28.084,-97.047,TX,4.65482180293457
72254013904,30.183,-97.68,TX,3.6551374985615044
74739013961,32.825,-97.364,TX,4.548849142354309
99848299999,27.812,-97.39,TX,0.0
72638414817,44.283,-85.417,MI,3.7296850582995145
72734714841,45.564,-84.793,MI,3.738031457360357
72234354826,42.351,-86.256,MI,3.1349743711997666
72028404877,42.574,-84.811,MI,3.4414011976040944
99773199999,45.2,-85.55,MI,5.153739068356061
72743794893,45.813,-88.113,MI,3.2498121242483515
72090200298,43.067,-83.267,MI,2.8809220985686026
72541614864,43.717,-85.5,MI,2.8840465309508487
72037554844,46.007,-83.743,MI,2.0113537895420928
72637014826,42.967,-83.75,MI,3.987776360543797
72218604892,45.689,-85.566,MI,4.032321793521187
72639514808,44.45,-83.4,MI,4.363152138950769
72542404885,43.622,-84.737,MI,2.854447343452977
99780299999,44.05,-86.517,MI,5.648107739515663
99406699999,46.762,-84.966,MI,4.051828072052726
72638594894,44.267,-86.25,MI,3.4703392836030793
99406199999,45.651,-84.472,MI,5.780264123257323
99734399999,42.4,-86.28,MI,4.478033119297227
99773299999,47.27,-88.53,MI,2.450846546627326
99801299999,42.1,-86.483,MI,3.176923076923077
72743554820,45.865,-84.637,MI,4.6371596145786995
72744014858,47.166,-88.481,MI,4.9381829666275845
72200754828,43.459,-83.446,MI,3.252278306687619
72214504884,45.426,-84.913,MI,2.666743604538886
72635794815,42.228,-85.546,MI,3.723963695475287
72628494836,46.35,-87.4,MI,4.286744454955936
72541554821,42.251,-84.956,MI,2.4751943504832483
99773999999,46.667,-85.967,MI,6.400269735658883
72537804887,42.629,-83.984,MI,3.1884656716411595
72638094814,44.359,-84.674,MI,3.678195633355343
72027504872,41.736,-83.655,MI,2.368545325106375
72537354819,42.099,-83.161,MI,3.9629374137706046
99497999999,44.02,-83.53,MI,5.371085141903325
72034054818,44.626,-86.201,MI,2.755841346153345
72538404888,42.911,-82.529,MI,2.5166884040782893
72741754825,45.407,-83.813,MI,3.272184677571495
72743604863,44.986,-85.203,MI,1.665111453639842
72743404870,45.305,-85.275,MI,4.346809024007221
72635094860,42.882,-85.523,MI,4.4279468109078355
72540904882,41.921,-84.586,MI,3.75224271267024
99780399999,46.783,-91.383,MI,4.112932572243992
72041500140,43.433,-86.0,MI,3.2854246044553377
72019854813,46.412,-86.65,MI,3.8459305431878534
72639404874,46.311,-85.457,MI,3.6993898426743117
99999954854,44.908,-84.72,MI,1.688865656037641
72541754822,42.566,-84.433,MI,2.734160933292942
99820399999,46.283,-84.2,MI,3.235256064690108
72540654817,43.78,-82.986,MI,3.43473185185118
99779299999,45.617,-86.65,MI,5.112466943709996
72212504829,43.433,-83.867,MI,4.342142004772838
99825599999,45.783,-84.717,MI,4.365931059638791
72037154850,41.96,-85.593,MI,2.9833525730597925
72734404869,46.25,-84.467,MI,4.421013714966841
72540804881,45.983,-86.183,MI,3.3333067777907064
72540704854,45.017,-84.689,MI,3.690778657898535
72648094853,45.733,-87.083,MI,3.437826797385481
99833999999,42.975,-82.419,MI,0.0
72538694898,44.022,-82.793,MI,4.00295196186281
72011354829,42.543,-83.178,MI,3.5819407342975387
99707999999,45.035,-83.194,MI,4.526629422718701
72537614853,42.237,-83.526,MI,4.103372453797146
99406399999,45.356,-83.492,MI,4.982073669849995
99799699999,42.467,-82.867,MI,4.243321739130334
72234654824,42.993,-84.139,MI,3.071647100675318
99769799999,46.48,-84.3,MI,3.353200287666373
72540404847,41.868,-84.079,MI,3.5845075905019455
99840799999,42.768,-86.201,MI,5.27277316985198
99779399999,46.083,-85.433,MI,3.9748032904148496
72209304878,44.68,-84.729,MI,3.373681498023966
72539514833,42.264,-84.456,MI,3.342428534637992
72744594926,46.533,-90.133,MI,3.562577123872588
72648794896,45.117,-87.633,MI,3.3397364274458337
72539014836,42.776,-84.6,MI,4.0778314028309905
72538354827,41.817,-85.433,MI,3.7676442650194026
72734014847,46.48,-84.358,MI,3.351290119571781
72637914845,43.528,-84.081,MI,4.518107601712782
99798299999,45.967,-85.867,MI,4.281450437317711
72537714804,42.608,-82.818,MI,4.202186264821829
72032104893,45.654,-84.519,MI,3.2771681415923264
99778599999,45.1,-87.583,MI,4.871539433315132
99779599999,46.867,-89.333,MI,3.1589935760172376
99824299999,43.8,-83.717,MI,6.80783542039336
72636014840,43.171,-86.237,MI,4.288848996831658
72538794899,47.467,-87.875,MI,3.9350580178809054
99999954810,46.335,-86.92,MI,1.6623693379791022
99840599999,44.248,-86.346,MI,4.420617085785506
72537094847,42.231,-83.331,MI,4.195023954703391
72635594871,42.129,-86.415,MI,3.5614722289592824
72637594817,42.663,-83.41,MI,3.9849396773753893
99735999999,45.067,-83.417,MI,3.1522944034552345
99798899999,46.817,-87.717,MI,2.414196651229184
99734199999,43.23,-86.33,MI,5.924604885057285
A0735900240,42.938,-85.061,MI,4.152861305721864
99849299999,42.621,-82.527,MI,0.0
72539404839,42.746,-86.097,MI,3.857534422854007
72541404886,41.933,-85.053,MI,3.7147757902467347
72062900216,43.663,-84.261,MI,3.277601101789805
72539614815,42.312,-85.241,MI,4.136630562442652
72639094849,45.072,-83.565,MI,3.59689752428673
72537494889,42.224,-83.74,MI,3.1471581644535926
72537514822,42.407,-83.009,MI,3.818436057561542
72541854823,41.94,-83.435,MI,3.7954060154955434
72638714850,44.739,-85.568,MI,3.461084718923047
99817699999,47.183,-88.233,MI,2.85664488017429
72540554816,43.322,-84.688,MI,3.7704612071536148
72636404883,43.963,-86.408,MI,3.4728852419445655
99406499999,44.713,-83.273,MI,2.7815555555556277
72202412882,25.91,-80.283,FL,3.785437324256223
99734899999,24.55,-81.8,FL,4.113387387387318
72203912885,26.199,-80.178,FL,3.6643553954674166
99829799999,25.217,-80.65,FL,0.0
72473700377,28.817,-82.317,FL,1.4467555875990294
99734799999,30.67,-81.47,FL,2.5577221120924283
72221013858,30.483,-86.517,FL,3.485481818181395
72222503855,30.35,-87.317,FL,3.2782012654413726
72221513884,30.777,-86.519,FL,1.8065797564876234
72224603844,30.65,-86.533,FL,2.83602420761086
99829999999,25.083,-80.733,FL,3.112712529427295
99828799999,25.217,-80.433,FL,0.0
72202012839,25.788,-80.317,FL,3.546533220788389
99735499999,28.42,-80.58,FL,3.4862137322040447
72104200486,28.228,-82.156,FL,2.4353111006359103
72226100360,27.267,-80.85,FL,2.2754114880749237
72201192813,28.29,-81.437,FL,2.9199940493900813
74775013846,30.067,-85.583,FL,3.6615451388887523
72037392824,28.0,-82.164,FL,2.30645687487223
72204612898,28.517,-80.8,FL,3.5258793251360028
72210612835,26.585,-81.861,FL,3.24987330451627
72065500235,28.867,-82.567,FL,1.7141663081554317
72202212803,26.378,-80.108,FL,4.475549009105734
99829499999,24.917,-80.75,FL,0.0
99828999999,25.55,-81.183,FL,0.0
99828899999,25.167,-80.633,FL,0.0
72222313899,30.476,-87.186,FL,3.700344695518745
72038353847,30.697,-87.021,FL,2.51387581600136
72094600326,30.617,-81.467,FL,3.764565908822326
99799299999,29.783,-84.883,FL,2.9092332613392675
72211612873,27.913,-82.686,FL,3.553095711445455
72204992805,26.246,-80.111,FL,4.669061728394729
74776003818,30.837,-85.184,FL,2.7563641245971953
72205712854,28.78,-81.244,FL,3.349247249565612
72210492806,27.768,-82.626,FL,3.8931491558530253
74793112876,28.061,-81.757,FL,3.2406068965515917
99828499999,25.25,-80.45,FL,0.0
99404599999,29.73,-84.98,FL,3.020738738738887
99828399999,25.167,-80.8,FL,0.0
72202612826,25.483,-80.383,FL,3.1293871417836105
74787012834,29.174,-81.072,FL,2.9382929819185097
72201412818,28.474,-82.454,FL,2.59271514846501
A0002453848,30.512,-86.954,FL,3.1023384030420167
72211800482,27.072,-82.44,FL,4.076985743381082
99830099999,25.087,-80.519,FL,0.0
99827899999,25.7,-81.183,FL,0.0
99829399999,25.1,-80.95,FL,0.0
99829299999,25.233,-80.45,FL,0.0
72206013889,30.495,-81.694,FL,2.9468815943726456
99404799999,30.4,-87.22,FL,2.3448269646720914
99849499999,25.284,-80.894,FL,0.0
99827799999,25.417,-80.95,FL,0.0
72214093805,30.394,-84.351,FL,2.50498653742586
74794612886,28.617,-80.683,FL,3.1938886674636913
72201512850,24.583,-81.683,FL,4.863524001149539
99800099999,29.65,-81.217,FL,2.0675777737818035
99830799999,25.708,-81.248,FL,0.0
99849599999,25.23,-80.939,FL,0.0
99770599999,27.85,-82.55,FL,3.5427137479835205
74756012816,29.692,-82.276,FL,2.5742695700110714
72206763823,30.219,-81.876,FL,1.9396890520406538
72201012836,24.557,-81.755,FL,4.504518866842065
72206603853,30.4,-81.417,FL,3.9647777937578725
99999992827,27.153,-81.369,FL,1.4164953840794348
99849399999,25.297,-81.013,FL,0.0
74795012867,28.233,-80.6,FL,4.243823529411564
72067200485,29.467,-81.206,FL,1.7992955650362654
74904599999,27.456,-81.342,FL,3.046631613538707
72221312819,28.821,-81.81,FL,2.8385348997926396
74783012849,26.079,-80.162,FL,4.1615577889446005
99735299999,30.22,-85.88,FL,4.4067735543144355
99827499999,25.483,-80.983,FL,0.0
72211912883,28.0,-82.05,FL,2.743959918352362
99826999999,27.933,-82.433,FL,2.675705292609138
72202912888,25.642,-80.435,FL,3.5590474404651085
99829699999,25.417,-80.967,FL,0.0
72205312841,28.547,-81.335,FL,3.3029170857880907
72203812897,26.155,-81.775,FL,3.4547119312577856
99734699999,26.65,-81.87,FL,2.698916184971273
72218992815,27.182,-80.221,FL,3.1534512554638163
99830699999,25.619,-81.044,FL,0.0
72206953853,30.393,-86.467,FL,2.7554406758289582
99819999999,30.15,-85.667,FL,4.053743460220054
72073573805,30.349,-85.788,FL,2.9441136836946216
72203792809,26.0,-80.241,FL,3.6168345743903254
72096400338,30.033,-85.533,FL,3.6181403647899515
74777003852,30.417,-86.683,FL,3.51325315273212
72204012838,28.1,-80.636,FL,3.920916747204025
72234192822,29.296,-81.113,FL,3.6789507772022305
99770199999,27.63,-82.57,FL,0.0
99829199999,24.983,-80.833,FL,0.0
74904800415,29.845,-82.048,FL,2.7768387096768965
74788012810,27.85,-82.517,FL,3.2272007042251674
99827599999,25.027,-80.681,FL,0.0
72206593837,30.233,-81.667,FL,3.8373868613136644
72220012832,29.727,-85.025,FL,3.3384962571551906
A0002363890,30.35,-81.876,FL,2.001765020502864
99827699999,25.183,-80.433,FL,0.0
72211012842,27.963,-82.54,FL,2.984763212079386
72203012844,26.685,-80.099,FL,4.146499323243257
72222693841,30.717,-87.017,FL,2.3150156412931415
99999992826,25.9,-81.318,FL,0.8507147838214755
99829599999,25.217,-80.533,FL,0.0
74782053860,30.337,-81.513,FL,3.1198452558706697
72212012833,29.633,-83.105,FL,2.1036523055570755
72210312895,27.498,-80.376,FL,3.1045589026357625
74793012843,27.655,-80.414,FL,3.6530376497431947
72202192816,28.014,-82.345,FL,1.5992535487027448
72203412812,26.918,-81.994,FL,3.3675121424715297
72236192808,29.054,-80.948,FL,4.176787648970952
74794012868,28.483,-80.567,FL,3.7349030470912234
99824499999,27.933,-82.433,FL,1.9395129615082254
72201612896,24.726,-81.048,FL,3.8348906986710394
99999963871,30.843,-85.604,FL,1.5406306306307165
72205012815,28.418,-81.324,FL,3.3678057343473298
72205512861,29.167,-82.233,FL,2.385353018564688
72221292814,29.959,-81.34,FL,3.691445898499753
99999992821,28.616,-80.693,FL,2.142433751743383
72210812894,26.538,-81.757,FL,3.0844815490387996
99828599999,25.05,-80.9,FL,0.0
72090400299,29.067,-81.283,FL,2.782325273268783
99830299999,25.376,-81.029,FL,0.0
99495199999,27.862,-80.445,FL,4.562677991506486
74796099999,27.65,-81.33,FL,2.486715566422136
72212312809,27.95,-81.783,FL,2.849687430229348
72104199999,25.995,-81.673,FL,2.4295345104333768
99827999999,25.183,-80.483,FL,0.0
72211512871,27.401,-82.559,FL,3.6979603241126973
72096200337,32.214,-83.128,GA,1.6216051616013885
72216693845,30.776,-83.274,GA,1.9711437565583545
99999963829,31.192,-84.447,GA,1.0517505661034696
74780413824,32.017,-81.133,GA,2.8413057614773773
99999963850,33.784,-83.39,GA,1.6079254485281327
72067100248,31.554,-81.883,GA,0.7435149195718933
99999963828,31.313,-84.471,GA,0.7875979794460868
72525800382,34.594,-83.296,GA,2.4104201085669326
72219503888,33.778,-84.525,GA,2.345793758480431
74781263813,34.013,-84.599,GA,2.5892903225808115
72034863886,33.154,-83.241,GA,1.7619529411762538
72216013869,31.536,-84.196,GA,2.560669730794502
72026853882,30.983,-84.633,GA,2.9886090844898403
74780663809,32.955,-84.264,GA,2.2180661267730857
72206263842,31.477,-82.861,GA,2.067263976304867
72320093801,34.348,-85.162,GA,2.015987076648901
72025763835,31.397,-84.895,GA,1.4167284931989779
72218113837,33.467,-82.038,GA,2.7133245729303095
74780903832,33.983,-83.668,GA,0.7028693198871768
72095100330,32.609,-82.37,GA,2.035860482014967
72311013873,33.948,-83.327,GA,2.189350869749651
72103300350,31.684,-83.27,GA,1.8940011785501263
72213013861,31.25,-82.4,GA,2.246193853427516
72067400249,33.633,-85.15,GA,1.6917091004046139
72030163846,32.646,-81.596,GA,1.5866258635315733
72217653884,33.312,-84.77,GA,1.8941450151054933
72034763877,33.598,-83.139,GA,2.3281137075399245
72028963836,33.53,-82.516,GA,1.3905031548293842
72218003820,33.365,-81.964,GA,2.4614902876551454
72316013870,31.54,-82.507,GA,2.0336059479555244
72218553838,34.272,-83.83,GA,3.0685481682495634
72219753819,33.354,-84.569,GA,1.8896759318561476
72096600339,33.227,-84.275,GA,1.915433280612568
72071200250,31.429,-83.489,GA,2.0933865795361966
72073800267,30.902,-83.881,GA,1.889054998480454
74780863803,33.98,-83.963,GA,2.576498868778353
99730199999,32.03,-80.9,GA,3.799945809248518
74781013857,30.967,-83.2,GA,2.3346747700395545
72225593842,32.516,-84.942,GA,2.6330616063076318
99801099999,31.417,-81.283,GA,3.687509012256667
72029453898,33.78,-82.816,GA,2.6638973805665023
74780563818,32.483,-81.737,GA,2.0174101060360847
72039200128,31.056,-82.767,GA,1.665645678422704
99999963856,30.808,-81.46,GA,1.508050182958702
74948300394,34.147,-83.561,GA,2.9338222089188255
72214753817,31.083,-83.8,GA,2.3686453394149747
72213463822,32.193,-82.372,GA,2.102379342145382
72221763881,32.564,-82.985,GA,1.7051139521954908
72217513860,32.633,-83.6,GA,2.4229817324689273
72217003813,32.689,-83.653,GA,2.6300680706231256
72040999999,34.85,-83.983,GA,1.6651628771970293
72209003875,31.883,-81.567,GA,2.486032848177376
72207003822,32.131,-81.202,GA,3.395537433457659
72215453885,34.722,-84.869,GA,1.7892509116994737
72213713878,31.153,-81.391,GA,3.6215511121619337
72269100366,32.2,-81.87,GA,2.1857512450679595
72219653863,33.878,-84.298,GA,2.4486340275900096
72071400252,33.912,-84.941,GA,0.7164205448020526
72219013874,33.63,-84.442,GA,3.7675126903549967
72227013864,33.917,-84.517,GA,2.889903110657724
72215653873,34.116,-84.851,GA,1.8299340167312363
72026363834,34.095,-82.816,GA,2.072896860986226
72103500352,31.885,-82.647,GA,2.1881412609083486
72094800328,32.11,-84.189,GA,2.0832231891641526
72225013829,32.337,-84.991,GA,1.8289493897755025
72213653883,31.259,-81.466,GA,3.2446350648567295
74780703821,33.017,-85.067,GA,1.8101673204706852
72210900355,34.317,-84.417,GA,2.6966395951030355
72645014898,44.48,-88.137,WI,4.051749723144736
72640594869,43.109,-88.031,WI,2.6114461194862746
72650454838,45.932,-89.269,WI,2.6803931745924374
A0705600464,44.874,-87.91,WI,2.818700715758279
72642494818,42.759,-87.818,WI,4.207726901062723
72032704995,44.892,-91.868,WI,3.17179079891689
72650254832,44.614,-88.731,WI,3.358325960006366
72641994929,46.547,-90.918,WI,3.3930552085933563
72650754907,42.887,-90.236,WI,3.00724056753781
72640404865,45.928,-89.731,WI,2.813966776625271
72645704825,44.267,-88.517,WI,3.8895366379306386
72642754908,46.689,-92.094,WI,2.9727294759158234
72643514991,44.867,-91.488,WI,3.403150889582925
72641014837,43.141,-89.345,WI,3.3518630075856777
99497399999,45.28,-86.98,WI,4.178981818181721
72641754911,45.101,-90.303,WI,3.0444091337093537
72641304875,43.417,-88.133,WI,3.242021307904502
72643894994,43.156,-90.678,WI,2.0591462632997084
72642604895,44.55,-89.533,WI,2.8383160986349742
72643794940,43.967,-90.733,WI,1.4730150214592952
72645804824,44.85,-87.417,WI,4.327414016405029
72643694930,43.933,-90.267,WI,3.2062033314185556
72644904891,45.199,-89.711,WI,2.487225685252984
72650504845,42.595,-87.938,WI,4.454571519592038
72092900316,45.506,-91.981,WI,3.4116029905214753
72645594897,44.133,-87.667,WI,4.014469545324397
72641854912,45.308,-92.69,WI,2.9950232640314587
72650904898,43.426,-88.703,WI,3.5256493827157285
72645204826,44.359,-89.837,WI,3.3235370107219686
72641614921,43.211,-90.187,WI,3.0752469887670166
72642504841,43.775,-87.849,WI,4.186897570143434
72643014920,43.879,-91.253,WI,3.7545014662755207
72034354852,44.333,-89.02,WI,2.7738992930666075
72646594890,44.783,-89.667,WI,3.6500422832977404
72650604840,43.77,-88.491,WI,4.273224568137962
72640014839,42.955,-87.905,WI,4.465452232245738
72312314886,46.15,-89.217,WI,2.2605201383737468
72640904897,43.041,-88.237,WI,3.212372038607488
99999954903,44.06,-90.174,WI,2.0509930313588898
72058900185,44.783,-88.55,WI,2.405634972417882
72218304972,45.823,-92.373,WI,2.742563505913826
72088700297,46.117,-89.883,WI,2.750551850321122
72644404963,43.019,-91.124,WI,2.549401020044675
72662604864,45.154,-89.111,WI,3.5590022969543704
72657494985,44.638,-90.188,WI,3.9987014624303954
99773699999,43.38,-87.87,WI,3.4072353389184795
72645694855,43.987,-88.556,WI,4.079508309297965
72650894973,46.03,-91.443,WI,2.579186971018202
99734299999,43.05,-87.88,WI,4.5051498295351475
72217904968,45.15,-92.533,WI,3.281551164847476
72641594854,42.617,-89.033,WI,3.2861699916872458
99821699999,45.2,-87.35,WI,3.6171608265947843
72650354833,43.522,-89.774,WI,3.0280105944667555
72058600183,42.683,-90.45,WI,3.598042221959548
72741504803,45.631,-89.482,WI,3.018283770161154
72646314897,44.927,-89.625,WI,3.5040628385697046
72205904866,42.69,-88.304,WI,3.0526909155634483
99773899999,46.57,-90.43,WI,3.4500000000000006
72646754909,45.419,-91.773,WI,2.8337225482480224
72646854913,45.709,-90.402,WI,2.3851267870796518
72375854928,45.497,-91.001,WI,3.044375750299514
72641404873,42.615,-89.591,WI,4.646888797315449
72083599999,46.789,-90.759,WI,2.315996890323745
99774199999,44.45,-87.483,WI,4.122007168458729
72085900286,44.251,-90.855,WI,1.9135810980193322
A0735400132,44.033,-89.3,WI,3.2964046579329715
A0735500241,43.579,-90.913,WI,3.484883939184732
72646454834,43.167,-88.717,WI,3.2685020966516967
72467894033,40.517,-106.867,CO,1.7213260927861775
72467393009,39.228,-106.316,CO,3.123567297581392
72053900165,37.283,-107.05,CO,2.4368247496849587
72053800164,40.167,-105.167,CO,2.1462882352938255
72469523036,39.717,-104.75,CO,4.110291076825053
72053200159,38.533,-106.05,CO,4.470712260807639
72476994035,40.45,-105.017,CO,3.4326381059750473
72476793069,37.307,-108.626,CO,3.280938464036367
72476824051,40.436,-104.632,CO,3.5293673276675253
72463603013,38.072,-102.687,CO,4.654003021147827
72467793007,38.533,-106.933,CO,2.4973922722214685
99999903063,37.864,-103.822,CO,2.786430935377109
A0000594076,40.054,-106.369,CO,2.070492098780089
72463523067,38.049,-103.513,CO,4.807122753842801
72098999999,40.917,-103.7,CO,6.190251572327037
72098799999,40.967,-103.2,CO,5.441516378358014
99999903060,38.544,-107.693,CO,1.9174594877156226
72571703016,39.528,-107.72,CO,2.8825254901961226
72462593005,37.143,-107.76,CO,3.1354121306376435
72052900429,38.239,-108.563,CO,3.8127499999999768
72639100385,38.783,-106.217,CO,3.064042828567601
72467494050,40.044,-107.888,CO,2.7703720508167597
72570024046,40.493,-107.524,CO,2.714798706367708
72053700163,40.567,-102.267,CO,4.4391508940704
72565003017,39.847,-104.656,CO,4.664782754383487
72053500162,40.333,-103.8,CO,4.567310711266481
72468094015,38.678,-104.757,CO,4.16765069169931
72099399999,40.883,-104.0,CO,5.661154129793369
72206103038,39.467,-106.15,CO,5.340882061446647
72053699999,40.09,-105.917,CO,2.410738415545283
72464523070,37.262,-104.332,CO,4.626463801557303
72462023061,37.439,-105.862,CO,3.505519037578859
72476023066,39.134,-108.541,CO,3.7596243539642367
99999994082,40.245,-108.968,CO,2.2671254355400716
72215503040,39.217,-104.633,CO,4.073682969946361
72064299999,38.75,-104.85,CO,3.6250054981304176
72233303069,38.097,-106.169,CO,4.491070476189764
72466593010,39.273,-103.667,CO,4.697966996699407
99999994075,40.035,-105.541,CO,2.3506185746645754
99999903061,37.255,-108.504,CO,1.9615263983272357
72281703068,38.767,-104.3,CO,4.595668527056248
72099199999,40.7,-103.483,CO,4.735773463583205
72467693073,39.23,-106.871,CO,2.907342857142835
72639600422,39.05,-105.516,CO,4.6136922624299395
72084499999,37.697,-104.785,CO,5.1392674565466
74531093065,38.967,-104.817,CO,4.521857599810078
72210103039,37.45,-106.8,CO,5.191093600764176
72476593013,38.505,-107.898,CO,3.6086161449752043
72053100158,38.783,-108.067,CO,2.748929393027304
72052803064,38.698,-106.07,CO,2.979665562391588
72469903065,39.9,-105.117,CO,3.309657883552637
74000203042,37.5,-105.167,CO,4.501366181410213
72085200280,38.946,-104.57,CO,4.114939078226546
72053400161,40.017,-105.05,CO,2.273018579491659
72468903026,39.241,-102.282,CO,5.61237843845474
72064199999,38.8,-104.517,CO,4.077286840219449
72464603028,37.283,-102.614,CO,5.475569718037741
72464093058,38.289,-104.506,CO,3.9150787601623533
72469824015,40.174,-103.215,CO,5.654279552499927
99999994074,40.807,-104.755,CO,3.0163820146392473
72462703011,37.95,-107.9,CO,2.5741963970323756
72038500419,39.8,-105.766,CO,8.165322009907943
72466093037,38.809,-104.689,CO,4.5024576271183845
72053300160,40.033,-105.217,CO,2.17159745912216
72054400168,40.617,-103.267,CO,3.6764698958265534
72466693067,39.56,-104.848,CO,3.7378083420539485
72220303041,38.483,-106.317,CO,8.599326709910638
72467523063,39.65,-106.917,CO,2.9129522894653315
72571094025,40.481,-107.218,CO,3.479231992729101
72099299999,40.633,-103.833,CO,5.296111471159728
72032604981,42.219,-92.026,IA,3.4680494156113246
72529214976,41.709,-92.735,IA,3.502955082741831
72547504953,42.224,-91.166,IA,3.6108308694858873
72546904913,41.019,-93.359,IA,4.34775140164577
72549304962,41.299,-93.114,IA,4.225386582247066
72547904937,40.722,-95.026,IA,3.541076504025922
72233154941,42.471,-93.207,IA,4.453497231977831
72546704973,40.751,-95.413,IA,3.790655209451537
72546014933,41.534,-93.653,IA,4.505794525417309
72064354940,43.235,-93.624,IA,3.837685425005234
72549404966,41.01,-95.26,IA,4.013876169619135
72546514950,41.101,-92.445,IA,4.430706674144459
72031204964,41.4,-92.946,IA,3.804925847456843
72547804920,42.436,-93.869,IA,5.078715505506697
72035154919,41.226,-92.491,IA,4.318790405413157
72549994991,40.631,-93.9,IA,4.120221843003198
72029304989,42.453,-91.948,IA,4.833293676759195
72649994971,43.401,-94.748,IA,5.4165035527546905
72546214937,41.639,-91.545,IA,3.829481672393877
72041254943,41.828,-94.16,IA,4.371639848556233
72542014931,40.773,-91.125,IA,3.778139396641263
72548094910,42.554,-92.401,IA,4.516207363902909
72545014990,41.883,-91.725,IA,4.744249999999713
72548704950,41.367,-91.15,IA,3.6712586135808176
72549704908,41.259,-95.76,IA,4.522482858173569
72548514940,43.154,-93.326,IA,5.054231144569628
72546604938,41.691,-93.566,IA,3.661542540654488
72546404977,41.674,-93.022,IA,4.498057621914956
72547294989,41.99,-93.619,IA,4.342030213186311
72545604921,40.46,-91.428,IA,3.736027911262533
72545704904,43.078,-94.272,IA,4.951498910418744
72649804925,41.053,-91.979,IA,4.2681398222793305
72545404903,41.276,-91.673,IA,4.433747643732041
72549604976,42.597,-95.241,IA,5.364555759985874
72547094908,42.398,-90.709,IA,4.688754306033547
74455094982,41.613,-90.595,IA,4.601459957476723
72549504975,43.208,-95.833,IA,4.78915764648957
72549094933,42.55,-94.183,IA,3.686597792244384
72548804955,42.681,-91.974,IA,4.862367491166046
72227454939,40.684,-92.901,IA,3.8685076380722787
99999954902,41.556,-93.286,IA,2.4957044369807355
72547404915,41.007,-94.363,IA,4.338730187983163
72547394979,41.833,-90.333,IA,4.761185864261188
72546804910,42.046,-94.789,IA,4.738720218644055
72650014972,43.168,-95.21,IA,4.981596230725033
72547704917,41.986,-95.381,IA,4.000645994831371
72547604916,43.275,-91.739,IA,3.1399347568202267
72549894998,41.7,-94.917,IA,3.0282823529406584
72545314930,41.407,-95.047,IA,3.89266082043372
72548404942,42.778,-96.194,IA,4.121305740037436
72546314966,43.073,-92.611,IA,4.603561127788402
72034454920,42.732,-95.556,IA,3.841197161743503
72209704936,41.584,-95.339,IA,4.013751580467814
72557014943,42.392,-96.379,IA,4.580004475774457
72548604906,42.049,-93.848,IA,4.614218523878193
72546194988,42.111,-92.916,IA,4.821498686575126
72070154942,41.052,-93.689,IA,3.6274327122146466
72545804907,42.742,-93.759,IA,5.051723528371973
72030904947,40.947,-91.511,IA,3.847674829290499
72548304930,40.659,-91.327,IA,3.983535436778208
99769399999,36.88,-76.33,VA,3.8179730941703873
A0680000120,37.067,-81.8,VA,2.2075788274024912
72403793728,38.717,-77.183,VA,1.838818705673852
72307513769,36.817,-76.033,VA,4.176624156038834
72401693736,38.137,-78.455,VA,2.1359477985764648
72309893798,38.527,-77.859,VA,1.3488037416801135
72401599999,37.074,-77.958,VA,2.532881728304619
72308493775,37.709,-77.435,VA,2.0399631190728353
72076800274,36.654,-83.218,VA,1.299278364292411
72410593760,38.264,-78.896,VA,1.9718041485767241
72403603710,38.721,-77.515,VA,2.695623601789727
72405013743,38.847,-77.035,VA,3.9052620134807903
72027803704,36.687,-77.483,VA,0.7634371811033421
99801799999,37.417,-76.717,VA,0.6053157992220738
72411613868,37.133,-80.683,VA,2.6306582793235633
72403513773,38.504,-77.305,VA,3.5099402092674308
72401493714,37.183,-77.5,VA,1.723321554770127
72031703735,38.398,-77.456,VA,1.846600584572184
72405853818,36.683,-82.033,VA,2.571921693414148
72400703719,36.682,-76.602,VA,2.579361283060985
72402093739,37.937,-75.466,VA,4.167736789630614
99731599999,37.22,-76.48,VA,4.307964601769846
72411353881,37.208,-80.408,VA,1.7639988027535
74598563806,36.631,-80.018,VA,1.680821426436152
72400603701,36.666,-76.321,VA,1.835404952745378
72410613728,36.573,-79.335,VA,2.061893701325445
99824599999,36.983,-76.317,VA,5.573503505302808
72029703730,37.239,-76.716,VA,2.6410660798332186
72405503714,39.078,-77.558,VA,2.983693626536972
72411013741,37.317,-79.974,VA,2.9965084120763503
72308513750,36.937,-76.289,VA,4.108296622613627
72216703718,38.247,-78.046,VA,1.6406171510583378
99737199999,37.17,-75.98,VA,4.787084468664703
72401703707,37.358,-78.438,VA,1.1949701619778519
72405663805,36.895,-81.35,VA,3.151992103373513
72410013733,37.321,-79.206,VA,2.0133810128043326
72401993773,36.983,-77.001,VA,1.5741666666667615
72402603716,37.647,-75.761,VA,3.7723270440252166
72403303706,38.267,-77.449,VA,2.2273565323562217
A0688400416,38.667,-78.501,VA,1.811206579108699
72028503734,37.521,-76.765,VA,1.8972436157274206
72311403715,38.01,-77.97,VA,2.3628914938378385
72308693741,37.132,-76.494,VA,3.2805432297968413
72411893797,36.688,-78.054,VA,1.8305009587725432
72077799999,36.773,-77.794,VA,1.523024125042409
99999903759,37.998,-78.466,VA,1.45731218406833
72405303717,39.143,-78.144,VA,2.5855253534857603
72050100155,37.85,-76.883,VA,1.7524813096157175
72308013737,36.904,-76.193,VA,3.964764403629246
72517213762,36.701,-76.129,VA,2.330739500128899
72403093738,38.935,-77.447,VA,3.3459164733176494
72049800153,37.4,-77.517,VA,2.4441226096739026
72049900154,36.783,-76.45,VA,2.2306685401565205
72411593757,37.95,-79.817,VA,4.5899050966600665
72410753895,36.766,-80.823,VA,3.2192088145487774
72308313763,36.698,-76.903,VA,2.145535073018589
99778299999,36.967,-76.417,VA,3.998421524663643
72269200367,38.586,-77.711,VA,1.8353531710247597
99999903739,37.291,-75.927,VA,2.1764808362369434
72308793735,37.133,-76.6,VA,2.822009365687522
72401013740,37.512,-77.323,VA,3.455232295895077
72411763802,36.988,-82.53,VA,2.8707077365608447
74598013702,37.083,-76.36,VA,3.9821193727867974
99999954808,40.053,-88.373,IL,3.0844974743076023
72219404896,40.293,-88.142,IL,4.044822266106382
72207694891,40.2,-87.6,IL,3.3223010523821155
72215704949,40.52,-90.652,IL,3.986417647058243
74465253897,37.811,-88.549,IL,2.6559510164681814
74466653944,39.78,-90.238,IL,3.5985224438895878
A0001704868,41.019,-89.386,IL,2.7956074990981667
72543094822,42.193,-89.093,IL,3.677305770104255
72544014923,41.448,-90.524,IL,3.8868318867059877
72534213809,38.76,-87.599,IL,3.8044590643273435
72439754831,40.483,-88.95,IL,5.162451245124242
74467204862,40.158,-89.335,IL,2.593325092706594
72439503958,38.883,-90.05,IL,2.955287896592024
72208994959,40.933,-90.433,IL,3.539102036012024
74465504808,41.771,-88.481,IL,4.159774436090039
72531403960,38.564,-90.149,IL,3.0654024319629256
74466263817,39.534,-89.328,IL,2.8264665046860276
72497593809,37.064,-89.219,IL,2.358913946587203
72439093822,39.845,-89.684,IL,3.9918132026518913
72297263878,39.163,-89.675,IL,3.722388324272519
74465363814,38.149,-89.699,IL,2.8134093983409243
74465653891,38.379,-88.413,IL,2.315534152682216
72212704880,41.071,-87.846,IL,3.9946046128494586
72218204890,41.893,-89.078,IL,4.107322708690746
99733899999,42.0,-87.5,IL,8.013927781871644
72531594870,40.032,-88.275,IL,4.735049288061046
74465953822,38.722,-88.176,IL,1.8471306616078746
72212604879,41.54,-87.532,IL,3.604357298474253
72534804831,41.604,-88.085,IL,4.17409638554163
74466353950,39.639,-90.778,IL,3.0370462485930196
72017063851,37.186,-88.751,IL,1.6921435240761895
72531753802,39.474,-88.272,IL,4.037609370589715
72433903865,37.75,-89.0,IL,2.4547567761621045
72534014819,41.784,-87.755,IL,4.640995916216261
72013704867,41.425,-88.419,IL,3.4269561096955563
72217104889,40.924,-88.624,IL,4.231407967032313
72214904899,41.352,-89.153,IL,4.0200562604733445
72433693810,37.783,-89.245,IL,3.2638405008164564
72532604894,41.743,-89.676,IL,4.211448960595868
72433813802,38.55,-89.85,IL,3.1000581801254943
72208204876,42.246,-89.582,IL,4.693434049970759
72433593894,38.323,-88.858,IL,2.323656325801152
72207504871,41.932,-88.708,IL,4.25643254108979
72530594892,41.896,-88.251,IL,4.240024989587463
72217263810,39.7,-87.669,IL,3.726060606060104
74466504838,42.121,-87.905,IL,3.7481255448995876
99999954811,41.843,-88.851,IL,2.5229228357428997
72534714880,42.425,-87.863,IL,3.8829409276749773
72532014842,40.667,-89.684,IL,3.619300502982547
74465853889,38.665,-88.453,IL,3.60187464850271
72531603887,39.831,-88.872,IL,4.445079543854506
72443093989,39.937,-91.197,IL,4.2074729596851235
72031963841,39.016,-87.65,IL,3.1756978155340865
99849999999,41.856,-87.609,IL,3.98759493670883
72534514834,41.5,-88.167,IL,2.5811815935031466
99773599999,42.35,-87.82,IL,3.1292520676017133
74465753887,38.515,-89.092,IL,3.1957474378601685
72033063853,38.607,-87.727,IL,3.3995822161246347
72530094846,41.96,-87.932,IL,4.5289805659729305
99999993816,39.07,-88.533,IL,2.6961805555551033
72433003879,38.65,-88.967,IL,2.5986387734629126
72216453949,35.668,-95.949,OK,3.0237827715350427
72056100467,36.175,-96.152,OK,2.5509917014885515
72035463901,34.699,-99.338,OK,4.984541062801356
72356693950,34.882,-95.782,OK,2.8026067665002685
72356503959,36.766,-96.013,OK,2.690280532728861
72025599999,36.909,-94.888,OK,2.8149037612574634
72062700214,35.283,-95.1,OK,2.956578637113328
72357003948,35.25,-97.467,OK,4.4494808345457795
72207153935,35.096,-97.966,OK,4.344124051079523
72209953936,35.724,-96.82,OK,4.085742083848661
72219953956,35.929,-95.004,OK,1.8253367845165775
72352603932,35.357,-99.204,OK,5.89320632107483
99999953926,36.118,-97.091,OK,2.0842710329210967
A0000453929,34.147,-97.123,OK,3.09523925040873
72353513909,36.333,-97.917,OK,5.123381957229565
72209503030,36.682,-101.505,OK,5.081941575685778
72453013969,36.737,-97.102,OK,4.169802197802042
72035753993,35.95,-96.773,OK,2.8546438444792215
72035613999,35.538,-98.933,OK,4.326156711933259
72062500212,36.75,-97.35,OK,4.540717223028251
72354013919,35.417,-97.383,OK,4.80518343524151
72353653986,36.383,-97.8,OK,3.5495218170947958
72357503950,34.558,-98.417,OK,4.2203490847167044
72355593940,34.3,-97.017,OK,2.0998152290187493
72356453908,36.042,-95.99,OK,2.828241262683208
72209253941,36.605,-94.738,OK,2.7744139474609413
72236800364,35.55,-98.667,OK,4.487841337099554
72355013945,34.65,-98.4,OK,4.067052357535593
72354503965,36.162,-97.089,OK,4.291077227163431
72207853938,34.471,-97.951,OK,4.47482226774274
74641013975,36.297,-99.769,OK,5.253558106169025
72213353946,35.438,-94.803,OK,2.3906940063087516
72055900172,34.033,-95.533,OK,2.3916400803493816
72355693953,35.658,-95.366,OK,3.5750634772148375
72352803981,34.353,-98.988,OK,5.200148875986001
72209153940,36.294,-95.479,OK,3.435864954041241
72215253957,36.437,-99.521,OK,4.934344567077833
72218793911,35.357,-96.943,OK,3.8984389489947273
72204453930,34.804,-96.671,OK,3.559014842409475
99999953927,36.135,-97.108,OK,1.0841491029437396
72352593986,34.989,-99.053,OK,5.632957375127855
72035853999,35.473,-98.006,OK,5.465415083403112
72035923902,35.275,-96.675,OK,3.3055154082560065
72034253947,35.864,-98.421,OK,4.667781710914252
72375953990,33.909,-94.859,OK,3.104631743361112
72356013968,36.199,-95.878,OK,4.180240019011078
72353753913,35.852,-97.414,OK,3.8080210772831933
72205253933,36.773,-98.67,OK,5.008553765677932
72217853953,35.021,-94.621,OK,2.1614932636949002
72354403954,35.541,-97.647,OK,5.205575689991353
74251353937,33.942,-96.394,OK,3.9899124635257737
72062800215,35.483,-97.817,OK,5.209264005858161
99999903055,36.599,-101.595,OK,3.2525316455696376
72353013967,35.388,-97.6,OK,5.042922426596132
72055803977,35.433,-99.4,OK,4.872628023402964
72352013902,34.65,-99.267,OK,5.046095288095218
72217353951,34.711,-97.223,OK,2.6387697063365465
99999993804,34.917,-81.95,SC,1.8981729893775918
72208593831,32.483,-80.717,SC,3.027549445925034
99799099999,32.55,-80.45,SC,0.7045380875202558
72063300219,34.4,-80.117,SC,1.3989544932615297
72059700190,34.5,-81.95,SC,2.245649825992639
72060800200,34.181,-79.335,SC,2.447077589838834
72311853850,34.672,-82.881,SC,2.0389219934995806
72311753871,34.984,-81.056,SC,2.2310164022588106
72063200218,33.063,-80.279,SC,1.3258375754705178
99717499999,32.782,-79.925,SC,4.337027662267141
72060900201,32.917,-80.633,SC,2.389831621685742
72312453874,34.254,-82.153,SC,2.5399973379475886
72063100217,34.617,-79.733,SC,2.1141996099979092
74791700390,32.9,-79.783,SC,2.117741168073944
99817799999,34.1,-81.267,SC,3.4271573604061754
72060400196,33.717,-79.85,SC,1.591857176525888
72312699999,34.916,-81.957,SC,1.917793444203164
72310613744,34.188,-79.731,SC,3.1961657738933464
72311913886,34.849,-82.35,SC,3.107350751319768
72061100202,34.0,-80.367,SC,1.4357981705516996
72059800191,33.183,-80.033,SC,1.8321292549390624
99800599999,33.35,-79.183,SC,3.466600719424501
72060300195,34.283,-80.567,SC,2.011979102642622
72310700371,33.587,-80.209,SC,2.044831680816633
72059600189,34.3,-81.633,SC,2.3856102113307904
74791800391,33.317,-79.317,SC,2.717002864644983
72012063837,32.217,-80.7,SC,2.2456980519479965
72312263889,34.758,-82.376,SC,3.219592714393923
74791013717,33.683,-78.933,SC,3.7981329561525703
72310503858,33.967,-80.8,SC,2.3693029675639483
99820899999,34.333,-80.7,SC,2.2470214455917135
72060600198,32.701,-80.003,SC,3.1479231905458698
72310013883,33.942,-81.118,SC,2.763589976187635
72060200194,33.25,-81.383,SC,1.9065058346935009
99999963826,33.355,-81.328,SC,1.6205159491023218
72074400271,34.817,-82.7,SC,1.8796379290008187
99730699999,33.65,-78.92,SC,4.673462024174505
74790013849,33.967,-80.467,SC,3.165760322255629
72060700199,34.717,-80.85,SC,1.6253553524032731
72061300204,33.828,-79.122,SC,1.838614951669903
72310453867,33.972,-80.994,SC,1.8010698902321434
72063400220,34.315,-81.109,SC,2.196322922804542
72311553854,33.464,-80.853,SC,2.649835893396342
72059900192,34.783,-81.2,SC,1.6852516223825735
72061200203,32.412,-80.634,SC,3.043596263007873
74791593718,33.816,-78.72,SC,3.6522397556628152
99999903728,33.153,-79.364,SC,0.8995294527710015
72060500197,34.717,-79.95,SC,1.6755584523314033
72319093846,34.498,-82.709,SC,2.8261391210568663
72060100193,33.65,-81.683,SC,3.0560265214296125
72312003870,34.906,-82.213,SC,2.789057615006545
72208013880,32.899,-80.041,SC,3.5630902819076726
72311603742,34.466,-79.89,SC,3.159551037695808
72221699999,33.615,-81.084,SC,2.7436917960087115
99816699999,41.983,-80.55,OH,3.183419504368093
99434099999,41.63,-82.84,OH,6.098113546532342
72525404851,41.336,-84.429,OH,3.235664153886
72525014852,41.255,-80.674,OH,3.7441050976866257
99817999999,41.383,-82.5,OH,1.5230796905918924
72092800315,40.28,-83.115,OH,3.1961834907999784
72429613841,39.431,-83.777,OH,3.9475223499359275
72429793812,39.106,-84.416,OH,2.5343877930777885
72429563888,39.84,-83.84,OH,4.002606509658449
72524404809,41.683,-81.4,OH,3.468399680058447
72536094830,41.587,-83.805,OH,3.6675162689801932
72428804804,40.078,-83.078,OH,3.701704545454367
99999900458,39.078,-84.21,OH,2.5018894808569896
72522404852,40.47,-81.422,OH,2.2964981504316095
72094400324,40.367,-83.817,OH,4.032498352010569
72070599999,38.981,-82.578,OH,2.2439421894216047
74570013840,39.833,-84.05,OH,3.5250974475039256
99999954856,40.764,-81.91,OH,0.004938917975567192
72521604842,40.873,-81.889,OH,3.74701877934248
72429093815,39.906,-84.219,OH,4.449977431730541
72041400139,40.333,-82.517,OH,3.0773507695041222
72520804855,40.616,-83.067,OH,4.103842327778909
72525300380,41.217,-81.25,OH,2.493510211872083
99799999999,41.85,-80.967,OH,4.963415948275684
72070999999,41.036,-83.982,OH,4.404890668308714
72525604857,41.779,-80.697,OH,3.3437485740358346
72524014820,41.406,-81.852,OH,4.380624657533793
72429453844,39.757,-82.663,OH,2.986353764478649
99828199999,41.767,-81.283,OH,6.889562790697473
72039700131,39.217,-82.233,OH,1.932324718902466
72521753855,39.361,-84.521,OH,1.9426804386637304
72524504853,41.526,-81.669,OH,5.289645886629506
72428513812,39.817,-82.933,OH,3.244830015853521
99800199999,41.4,-82.55,OH,5.613336856941361
72430314813,41.037,-81.463,OH,3.6188315724050217
72071300251,40.204,-84.532,OH,3.468072937692866
72521014895,40.918,-81.443,OH,4.044971136766916
72429804850,40.708,-84.021,OH,4.356118355064884
72536614825,41.014,-83.668,OH,4.382833612147439
72428693824,39.946,-81.893,OH,2.7392067218583223
72524704805,41.567,-81.483,OH,3.722321333757764
A0708600468,41.516,-82.869,OH,4.288988074481362
99734499999,41.82,-83.18,OH,6.757551730806289
72224963887,39.531,-84.395,OH,2.935856931868779
72420014891,40.82,-82.518,OH,3.9989194381075044
72522904858,40.026,-82.463,OH,2.541392169049077
72065100232,40.225,-83.352,OH,3.1425196267215023
72428704848,41.563,-83.477,OH,4.169828198210771
72428463825,39.9,-83.133,OH,3.0310240963852046
72521404849,41.346,-82.179,OH,4.065955310067536
72427653859,39.592,-84.226,OH,3.5692546583848745
72428014821,39.991,-82.877,OH,3.692371457376205
72094200323,41.233,-96.6,NE,4.216880723034421
72566594073,41.189,-103.671,NE,4.726543538743697
72551014939,40.848,-96.765,NE,4.603399009102026
72552794978,41.763,-96.18,NE,4.675856370192082
72556014941,41.98,-97.434,NE,4.740843360193863
72551304901,40.893,-97.997,NE,4.7379921870153705
72098199999,41.367,-103.8,NE,6.1148606811145445
72098399999,41.367,-103.483,NE,5.807189542483652
72551214989,40.894,-97.626,NE,4.796250892644527
72552594949,40.6,-98.426,NE,4.85366612353701
72556594951,41.448,-97.343,NE,4.525212423087993
72552494958,41.623,-98.949,NE,4.213070453605213
72040500436,41.412,-96.109,NE,4.100649544126732
72097999999,41.583,-103.667,NE,5.512182448037014
72084699999,42.112,-98.039,NE,4.519170860292117
72221194087,41.964,-100.569,NE,4.16443581140693
72551594947,40.301,-96.754,NE,3.901518566851909
72555594946,41.437,-99.639,NE,4.62636968085082
72562194063,41.119,-101.768,NE,4.0645547073784964
72566024028,41.875,-103.601,NE,4.568048359239664
99999994077,42.425,-103.736,NE,2.7059982563208433
72563624017,42.837,-103.098,NE,4.084639220894015
72098599999,41.317,-102.833,NE,5.542670124737118
72556604957,42.47,-98.688,NE,4.560867768594873
72563524044,42.057,-102.802,NE,5.27404548587149
72212404998,40.149,-97.587,NE,3.4447672659034163
72556404924,41.449,-96.52,NE,3.789154103851912
72098699999,41.05,-102.867,NE,6.106774193548375
72030804992,41.196,-96.112,NE,2.9390522581027794
72554014949,41.117,-95.917,NE,3.9899102180417274
99999994995,40.848,-96.565,NE,0.9516044645971422
99999994996,40.695,-96.854,NE,2.771281604184825
99999994079,42.068,-101.445,NE,4.767093043630638
72344154921,41.73,-98.054,NE,3.7623777542117174
72562804935,40.45,-99.339,NE,4.736939749101806
72229100470,40.948,-95.917,NE,3.964189588005484
72567024032,42.859,-100.551,NE,4.702305409723351
72097899999,41.517,-104.0,NE,6.318374368346961
72554104993,40.606,-95.864,NE,4.29743604926538
72563799999,42.806,-102.175,NE,3.686555528903255
72550014942,41.312,-95.902,NE,4.748201014509473
72562594040,40.204,-100.59,NE,4.930811290083997
72562024023,41.122,-100.669,NE,4.101898289195849
72224154925,42.242,-96.983,NE,4.340667294338887
72098899999,41.133,-103.483,NE,6.212962725758514
72562624091,40.511,-101.624,NE,5.069215262778703
72553394957,40.079,-95.589,NE,3.9338793103446554
72561024030,41.099,-102.986,NE,5.418421052631216
72098499999,41.217,-103.1,NE,5.33555223880571
72552014935,40.961,-98.313,NE,5.129847738467929
72552614905,40.733,-99.0,NE,5.2967631774309964
72562414994,40.789,-99.771,NE,4.371708733261971
72555694975,42.577,-100.001,NE,4.616437952765034
72098299999,41.117,-103.983,NE,5.8241578070957845
72225153958,32.514,-92.588,LA,2.1751772143811983
72248013957,32.447,-93.824,LA,3.292135585635727
72046700148,30.817,-89.867,LA,1.9283910786925094
72035299999,28.17,-89.22,LA,6.14769736842073
99819499999,30.017,-90.117,LA,2.9294604316548263
72046800466,30.558,-92.099,LA,2.653664144785342
99784899999,27.55,-92.49,LA,6.593446398659595
72104600460,30.173,-90.941,LA,1.9795380728976346
99821799999,29.45,-91.333,LA,2.1880204528854246
72034653991,30.75,-92.688,LA,1.4511892020453383
72232912936,29.717,-91.333,LA,2.9729470503218485
72282003949,31.357,-93.176,LA,1.2188815789474265
99826499999,30.217,-93.217,LA,0.0
72058700184,29.976,-92.084,LA,2.7937551664533875
99821899999,29.867,-89.667,LA,4.65904381021618
72096700457,30.718,-91.479,LA,2.5075398612735897
99736099999,29.77,-90.42,LA,0.0
99828299999,29.55,-92.3,LA,4.191967509025209
72225353992,32.756,-91.881,LA,1.251655979763484
72231953943,31.736,-93.099,LA,1.1837095191364277
72248613942,32.516,-92.03,LA,2.795160171959505
72229499999,29.8,-92.804,LA,4.485326259106075
72231203908,30.521,-90.418,LA,2.144337902229268
72091300303,27.833,-91.983,LA,3.260034474266959
72233403976,30.833,-93.333,LA,2.4660885854126167
72073900268,32.646,-93.298,LA,1.8809781121749247
72240003937,30.126,-93.228,LA,3.8115503576257135
72231553917,30.049,-90.029,LA,4.783296126066619
99848699999,29.178,-89.258,LA,3.463131313131348
99770399999,28.92,-89.4,LA,5.10315428983405
72230899999,29.1,-90.2,LA,0.0
72248803996,32.348,-91.03,LA,2.2090896867017604
72231012916,29.998,-90.278,LA,3.514134396355101
72240513976,30.199,-91.99,LA,2.805679287305059
72233053865,30.344,-89.822,LA,2.4730255627623214
72248453905,32.54,-93.746,LA,3.2937578375364676
72248513944,32.5,-93.667,LA,3.273913043478032
72248713935,31.396,-92.283,LA,1.8152925203654549
72231453915,30.029,-91.885,LA,3.6512239583331594
74754093915,31.335,-92.558,LA,3.1211754092021105
72204112993,29.445,-90.261,LA,2.55427366565924
72240413941,30.21,-93.143,LA,3.241266919328416
72239003931,31.05,-93.183,LA,3.198183934807733
72231612958,29.817,-90.017,LA,3.0909539220219147
72282153988,31.022,-92.911,LA,0.7841687280302189
72091600453,27.63,-90.45,LA,6.019313466616008
99999953960,30.092,-91.873,LA,1.384965156794427
72224800359,30.131,-93.376,LA,3.0411061473599657
72240612927,29.566,-90.66,LA,2.679170176916486
72092500312,27.2,-90.033,LA,4.804280532042907
99999900423,30.441,-93.474,LA,1.993196726431997
99847399999,28.885,-90.024,LA,5.769046762589753
72066500243,27.2,-92.2,LA,5.449200492005072
99999953961,32.883,-92.117,LA,0.6187075422400246
72232013970,30.538,-91.147,LA,3.122775466380255
72455013947,39.05,-96.767,KS,4.573544717414687
72451013985,37.771,-99.969,KS,5.646401410778696
72450713981,37.671,-95.485,KS,4.080139135179145
72451993967,37.091,-95.573,KS,3.898556640909598
72450803997,39.008,-95.212,KS,3.7056805399323554
72042103043,39.84,-101.042,KS,4.2765689858119815
72452003957,37.284,-98.553,KS,3.9158832780009813
72200599999,38.302,-95.725,KS,3.8839474315884166
72043700143,39.767,-101.8,KS,5.179060537851004
72450403974,37.75,-97.219,KS,4.768179883671184
72451623020,37.05,-100.967,KS,5.704327573252883
72458603919,38.78,-97.644,KS,4.841436875838216
74543093978,37.702,-98.747,KS,4.659411102553294
72043399999,39.85,-99.895,KS,4.938291112782506
72458593997,38.873,-98.809,KS,5.526073796482793
72043499999,39.11,-100.816,KS,5.218542682926875
72078199999,38.343,-98.227,KS,4.9072951739616855
72450213932,37.165,-97.035,KS,4.308723224351553
72043899999,38.474,-100.885,KS,5.509676452965988
72455613989,38.329,-96.195,KS,4.656868395773038
72042599999,37.163,-101.371,KS,5.663586013612611
72451523064,37.922,-100.724,KS,5.832983682983347
72458013984,39.551,-97.651,KS,4.878813259407402
72456513920,38.941,-95.651,KS,4.379462803681737
72043600142,37.45,-94.733,KS,3.292055552285599
72456013996,39.072,-95.626,KS,3.3837776773608486
72042399999,37.324,-97.388,KS,4.5913282369801625
72465593990,39.374,-99.83,KS,4.586570062742561
72043299999,38.352,-97.691,KS,5.066015240904585
72447593909,38.822,-94.89,KS,4.271334983257892
72446803967,38.85,-94.739,KS,3.839460467785724
72451713940,38.35,-98.867,KS,5.356952616908995
72465023065,39.367,-101.693,KS,5.608857406127102
72041799999,37.583,-101.733,KS,5.5788391113281905
72033899999,37.798,-94.769,KS,3.833323378329175
74543103998,37.328,-95.504,KS,3.1991946681476473
72450503923,37.617,-97.267,KS,5.061708860759053
72450613986,38.068,-97.861,KS,4.5899289772725105
72043599999,39.736,-99.317,KS,4.442123993256724
99999903067,38.87,-100.963,KS,3.4435267468199937
72450003928,37.648,-97.43,KS,5.078899404135563
72451803968,38.85,-99.267,KS,5.301377245508713
72042600141,37.158,-95.778,KS,4.445802425526634
72042203037,39.428,-101.046,KS,5.539934013563937
72455503936,39.135,-96.679,KS,3.134421322690965
72450953939,38.068,-97.275,KS,5.236471955826487
99999953974,39.103,-96.61,KS,2.3114634146341513
72043999999,37.604,-101.374,KS,5.274138243284057
72460493076,37.0,-101.883,KS,5.94001046367136
72329003935,37.225,-89.579,MO,3.3846880907371206
72047600455,39.725,-91.444,MO,2.9357900943391244
72048399999,39.096,-93.203,MO,3.176848913838811
72445003945,38.817,-92.215,MO,4.080211019929304
72446713930,38.717,-93.55,MO,3.9714681091958783
72445493996,37.761,-90.428,MO,3.082124044180206
72445953931,38.096,-92.553,MO,2.616794007490736
72236700363,38.783,-93.8,MO,2.9092434447913895
72434753904,38.93,-90.433,MO,3.472426725934031
72047899999,38.611,-94.342,MO,2.852340083970865
72048299999,39.464,-92.427,MO,3.724299805162411
72442013997,38.132,-91.765,MO,3.9635131358298534
72063600222,38.35,-93.683,MO,2.9454953889802926
A5125600451,36.699,-93.402,MO,2.642486599716081
99999923909,37.634,-91.723,MO,1.1812717770034868
72086900295,38.947,-92.683,MO,2.769256873744305
72446603929,38.844,-94.56,MO,6.046682218765769
72048999999,38.233,-91.164,MO,2.7168965287489644
72061600207,36.533,-93.2,MO,1.9108530158110595
72434013994,38.752,-90.373,MO,3.987742882963955
72016900116,38.583,-91.0,MO,1.0797566539924226
72445703938,37.75,-92.15,MO,3.0096692111957646
72449013993,39.768,-94.91,MO,3.7499381443297484
72104500354,39.332,-94.31,MO,2.2350329329715355
72348453901,36.879,-91.905,MO,2.940115896220116
72446453916,39.82,-93.577,MO,2.2984155891459994
72048103817,36.6,-89.983,MO,3.3044837039287547
72030653879,38.958,-94.371,MO,4.486785043537522
72047599999,40.353,-94.915,MO,3.814565861655105
72048899999,36.899,-89.562,MO,3.0263428047656764
72440013995,37.24,-93.39,MO,4.299921321793462
72445803963,38.595,-92.157,MO,3.0455979351878026
72048499999,39.158,-91.818,MO,3.5099293909968288
72094900329,37.974,-92.691,MO,3.115476493010855
72048799999,38.347,-93.345,MO,2.9241143080835212
72349513987,37.152,-94.495,MO,3.9500498078837083
72445303994,38.712,-93.175,MO,4.001609942098377
72445514938,40.097,-92.547,MO,3.638714859437585
72033199999,36.226,-90.037,MO,3.7619508925844087
72047900149,36.9,-94.017,MO,3.6690071635775006
99999913301,39.867,-93.147,MO,2.3607385472914095
72330003975,36.77,-90.322,MO,3.089224137930968
72047799999,37.648,-92.652,MO,3.1173634421721017
99999923908,37.428,-94.583,MO,1.946524995645363
72446003947,39.297,-94.731,MO,4.443386057410234
72446313988,39.128,-94.589,MO,3.7048338820711164
72434503966,38.658,-90.656,MO,2.8083047455689174
72797094240,47.937,-124.558,WA,2.1694988921082476
99402999999,46.708,-123.965,WA,4.066684674950428
72782724110,47.193,-119.315,WA,3.0794355478040503
99769699999,47.92,-124.63,WA,3.19183000549564
72781024243,46.564,-120.535,WA,2.64514698428785
72793494248,47.495,-122.214,WA,2.2525266573946747
72792394225,46.973,-123.931,WA,3.959865148667706
99402199999,48.368,-124.617,WA,0.0
72791894298,45.621,-122.654,WA,2.0021422195776335
72785794129,46.744,-117.116,WA,3.0312615823235705
72789094197,48.461,-119.521,WA,3.0969797644216097
99402599999,48.112,-122.758,WA,3.2055825679813705
72784524163,46.27,-119.118,WA,2.7648847474253366
99999904237,47.514,-123.812,WA,0.2941996167914994
99825699999,47.276,-122.418,WA,2.6466415905428744
72785024157,47.622,-117.528,WA,3.540334528076192
72792894263,47.483,-122.767,WA,2.3972373682297414
72794504205,48.161,-122.159,WA,2.3341762737077345
99999904136,47.417,-117.526,WA,1.4210866526904269
72788499999,46.306,-119.304,WA,2.1792486906263986
72793724222,47.923,-122.283,WA,3.0863977605291644
72793894274,47.267,-122.576,WA,2.400738246341198
99404899999,47.267,-122.413,WA,0.0
72788324220,47.034,-120.531,WA,4.248579970104519
72027294282,48.467,-122.417,WA,2.132819513347174
72787094119,47.974,-117.429,WA,2.35849004039572
72785524114,47.633,-117.65,WA,3.424483076517665
72792024227,46.974,-122.905,WA,2.1456076205137316
72220804224,48.708,-122.911,WA,2.3453113772451215
72788594266,48.122,-123.507,WA,2.4773961444475305
72787399999,48.544,-117.884,WA,1.438327211804812
99999904223,48.541,-121.446,WA,0.5307611914300564
99820499999,46.917,-124.117,WA,5.090922242314498
99800799999,48.467,-122.467,WA,2.7218021068474036
99402499999,48.125,-123.44,WA,3.1835634575374927
72793524234,47.546,-122.315,WA,2.2599545798638876
72784624160,46.095,-118.286,WA,3.2554068280944013
99401399999,48.863,-122.758,WA,0.0
72792424223,46.117,-122.894,WA,2.223067155756354
74206024207,47.15,-122.483,WA,2.3832310267855923
72793024233,47.445,-122.314,WA,3.448436437797074
74207124201,47.083,-122.583,WA,2.5420471596997793
72797624217,48.799,-122.541,WA,2.6291620421753916
72025400119,46.683,-122.983,WA,1.6739651022862088
72790024141,47.308,-119.516,WA,3.72805355976478
72785694176,47.686,-117.321,WA,1.922029814787022
72074924255,48.35,-122.667,WA,3.6655155720509014
72798594276,48.52,-123.026,WA,2.17863296144626
99401599999,48.547,-123.01,WA,1.9946931407943083
72782594239,47.397,-120.201,WA,3.4544705333540104
72698824219,45.619,-121.166,WA,3.641221374045776
72038800469,47.104,-122.287,WA,0.5125850768843176
72781524237,47.277,-121.337,WA,1.5446681397823236
74201099999,48.141,-123.414,WA,3.3569140839061795
72792594227,47.238,-123.141,WA,2.524354731965529
A0002694297,48.217,-122.633,WA,2.5430201342283087
A0714100327,47.423,-98.106,ND,5.8812187312381905
72073700266,47.451,-99.151,ND,5.158875633973448
72037963882,36.855,-84.856,KY,2.668590694538105
72423513810,38.23,-85.663,KY,2.9888467573220754
72044599999,37.358,-85.309,KY,2.2946324532040663
72085400282,46.925,-103.982,ND,4.904217350621156
99999963849,37.25,-86.233,KY,0.8138995465643496
72086600292,47.29,-101.581,ND,3.719498069497397
72049100150,46.217,-97.633,ND,5.295740855548673
72086100287,48.929,-103.297,ND,4.830102134425855
72093300318,46.218,-100.245,ND,4.322838538526031
99999900421,37.35,-87.4,KY,2.6636358147674066
72767794041,47.646,-101.441,ND,4.29423641703369
72422093820,38.034,-84.611,KY,3.634571768009175
72423353841,38.185,-84.904,KY,3.1190754339119486
99999994080,46.895,-103.377,ND,3.038099389712299
72102699999,48.825,-101.283,ND,5.12387661843069
72046499999,37.562,-82.566,KY,1.8320628208998
72421093814,39.044,-84.672,KY,3.967914671310022
72423753803,37.75,-87.167,KY,3.49269727403143
72045799999,37.387,-83.262,KY,1.3794775878748504
72757014916,47.943,-97.183,ND,4.92546189376417
72753514919,46.926,-98.67,ND,5.0125378892253885
72102299999,48.551,-102.12,ND,5.092864749733865
72086800294,47.796,-103.254,ND,4.040124426189187
72045500145,37.633,-84.333,KY,2.8784312548755357
72435003816,37.056,-88.774,KY,2.337998056365341
72757594925,47.967,-97.4,ND,4.747706766916907
72764024011,46.782,-100.758,ND,4.205395189003098
72102199999,48.412,-101.892,ND,6.087254688180907
72424303849,37.09,-84.069,KY,2.4098420571727446
72435463815,37.054,-84.615,KY,2.2137228340888324
72044800144,37.578,-84.77,KY,2.3887737270258356
72102499999,48.673,-101.882,ND,5.755752333882112
72101799999,48.12,-101.96,ND,5.192972378391147
72102599999,48.76,-101.592,ND,5.25382173382131
72086700293,48.39,-100.024,ND,4.741417603509139
72086500291,48.405,-97.371,ND,4.859377167963511
72753014914,46.924,-96.812,ND,5.139821911631604
72087100296,46.768,-100.894,ND,4.919948295556954
72767624013,48.252,-101.269,ND,5.137640983828966
72285700368,48.941,-97.903,ND,3.926672667265992
72085800285,48.48,-99.236,ND,3.195238095238094
99999963838,38.095,-84.747,KY,2.4945752660038343
72101899999,47.974,-102.223,ND,4.013171376631881
72767594011,48.417,-101.35,ND,5.198644338117674
A0677300334,36.859,-83.358,KY,1.0735103352125
99999954937,46.77,-99.478,ND,3.4249386610585364
72045399999,36.857,-87.455,KY,2.0888853624473875
72757394928,48.117,-98.9,ND,5.180082815734695
72091100301,46.942,-98.018,ND,4.942342229199127
72419003889,37.591,-83.314,KY,1.4322777101097068
72101999999,48.345,-102.304,ND,5.4893649004129985
72085300281,48.884,-99.621,ND,5.229842869137625
72086300289,48.381,-102.898,ND,4.872235209494569
72101499999,47.795,-101.299,ND,6.192959337349072
72044699999,37.814,-85.5,KY,2.256319125139477
72763024012,46.8,-102.797,ND,5.267683418435491
72101599999,47.751,-101.674,ND,5.319944193462317
72045800476,37.751,-82.637,KY,1.7565504015340219
72200454922,46.244,-96.607,ND,4.626241992021961
72045199999,37.686,-85.925,KY,2.506123444742215
72102399999,48.789,-102.269,ND,5.556407702522776
72044999999,38.555,-82.738,KY,1.4628918495298537
72089599999,46.813,-101.86,ND,4.2997013105755935
74907799999,37.541,-87.952,KY,2.8325311559944875
74671013806,36.667,-87.483,KY,3.5470774647884817
72090900300,48.301,-102.406,ND,4.831328713467812
72085500283,48.784,-97.632,ND,4.181789448090854
74671693808,36.965,-86.424,KY,2.8193483507642463
72045299999,38.542,-83.743,KY,3.113867366236966
72423093821,38.177,-85.731,KY,3.676234734680296
72758494038,46.011,-102.652,ND,4.761126373626114
72044700437,36.665,-88.373,KY,3.001044696384484
72101299999,47.909,-100.927,ND,4.738790837401589
72045600146,38.067,-83.983,KY,1.4046370725854496
72232200361,37.033,-85.95,KY,2.0121106654079477
99999994084,48.968,-102.17,ND,3.4793307772743174
72423853886,37.8,-87.683,KY,3.172492140611555
72046599999,36.8,-84.2,KY,1.8432270673015942
72424013807,37.9,-85.967,KY,3.1113223529409
72035363875,36.611,-83.738,KY,1.1729723352798924
72520514762,40.355,-79.921,PA,3.4300346363184055
72511814751,40.218,-76.855,PA,3.022710319104782
72037800122,41.033,-80.417,PA,2.3588654353562823
72518699999,44.682,-75.466,NY,2.6193098473002174
72528704724,43.108,-78.938,NY,4.801321366242481
72032464753,40.435,-75.382,PA,1.8795328708710504
72522014750,43.338,-73.61,NY,2.1714712844151913
72514454723,40.433,-76.567,PA,2.536849847640975
72512854739,40.85,-77.85,PA,2.6248553651347
72519454778,42.644,-77.053,NY,3.5962336664102756
72510404843,41.626,-80.212,PA,3.202486248624596
72520399999,40.677,-77.627,PA,2.1582922605566512
72512504787,41.179,-78.893,PA,3.866792662590007
72511493778,39.919,-76.877,PA,2.334500064341848
74486454787,40.734,-73.416,NY,3.9093527080579102
72498894704,42.57,-77.714,NY,3.088173673328664
72526604751,41.798,-78.635,PA,3.580611731562214
72526794868,41.383,-79.867,PA,3.358680599269598
72503814714,41.5,-74.1,NY,3.545602094240833
99800999999,43.25,-77.583,NY,4.952587017874039
72512614736,40.3,-78.317,PA,3.452001941276207
72519014771,43.111,-76.104,NY,4.255530973450889
72520094823,40.485,-80.214,PA,3.4719060111780435
72501654790,40.821,-72.867,NY,3.429202750891305
72030464752,40.1,-75.267,PA,2.614779836380654
72512464705,40.777,-79.95,PA,3.1078107397670425
72519664775,43.224,-75.396,NY,3.804126830448793
72622564776,44.639,-73.463,NY,2.7708743485814034
99999964756,41.786,-73.742,NY,0.9668410954125252
72503614757,41.626,-73.882,NY,2.236459197787134
72526014860,42.08,-80.182,PA,4.488962093000456
72622794790,43.989,-76.026,NY,3.789787781350284
72523504720,42.15,-79.25,NY,4.273829493576346
99999964758,42.44,-76.246,NY,2.7092540955036424
74370014715,44.05,-75.733,NY,4.388319729805194
74486514719,40.851,-72.619,NY,3.56738561276627
72510514770,40.819,-76.866,PA,1.907753796962542
72511354786,40.33,-75.123,PA,2.144465545306692
72511654737,40.121,-76.294,PA,3.352419037629312
72505394728,40.779,-73.969,NY,2.342303155411544
99823599999,43.067,-79.017,NY,0.0
72510954782,40.238,-75.555,PA,2.120849005910934
99798999999,43.333,-78.717,NY,5.445284030010533
72503014732,40.779,-73.88,NY,4.911315020455396
72408594732,40.079,-75.013,PA,3.5908193072748382
72528300465,42.241,-78.371,NY,1.9325035988480717
72513014777,41.333,-75.723,PA,2.8136513683312097
72512704726,40.315,-78.831,PA,4.531444374869024
72529014768,43.117,-77.675,NY,4.55854641909766
72515754757,42.108,-77.984,NY,4.135082584151796
72511954792,41.046,-78.411,PA,2.703718399274338
72511704827,40.133,-80.283,PA,2.7972435987127513
72408013739,39.873,-75.227,PA,4.120883067497158
99826599999,39.817,-75.417,PA,0.0
72501504789,41.509,-74.265,NY,2.705160711998953
72055399999,40.701,-74.009,NY,2.935061908230136
72503794745,41.062,-73.705,NY,3.5951753115037683
74499404741,42.85,-73.95,NY,3.760628375061419
72501454780,41.073,-71.924,NY,3.144616204690953
74498914747,42.493,-79.276,NY,4.455182038834642
99799199999,42.017,-73.917,NY,0.5201655933762602
72515004725,42.207,-75.98,NY,3.9681390435946216
72520754735,40.283,-79.4,PA,2.7468629441622974
72209864761,40.96,-72.252,NY,2.970835576289934
72517564706,40.633,-79.1,PA,3.326914352276959
72528014733,42.94,-78.736,NY,4.786135109815203
72505004781,40.794,-73.102,NY,4.278877887788561
72520404813,40.767,-80.4,PA,2.959083456303911
72515614748,42.157,-76.903,NY,2.773228648027526
72514654773,43.35,-76.383,NY,3.7216499492841355
72543454789,41.137,-75.377,PA,4.528384718498228
72517014737,40.65,-75.448,PA,3.2820869374792223
99999903761,39.859,-75.786,PA,1.5790969316596952
72518014735,42.747,-73.799,NY,3.834284469614151
99843699999,42.346,-79.596,NY,4.306329849012824
A0003093795,39.959,-79.657,PA,2.9614251665336773
74486094789,40.639,-73.764,NY,5.198959933813486
72514014778,41.243,-76.922,PA,2.9741537796040447
72622894740,44.393,-74.203,NY,2.6090881052738197
72399014711,40.196,-76.772,PA,3.3545725646122238
72510314712,40.373,-75.959,PA,2.920267054468484
72040800136,39.983,-75.867,PA,3.122972567380449
72515594761,42.483,-76.467,NY,3.9123279733447522
72622394725,44.933,-74.848,NY,3.6813720517370703
72099699999,47.1,-110.167,MT,4.677495987158766
72061999999,41.133,-104.867,WY,4.618574973413323
72099899999,47.45,-109.417,MT,5.31653289048744
72772024144,46.604,-111.989,MT,3.03051483522915
99999994078,42.675,-108.669,WY,2.2208282369386643
72564524022,41.317,-105.673,WY,5.2548863636360315
72679724132,45.788,-111.162,MT,2.63277951790823
72100199999,47.333,-112.1,MT,4.963345367027281
72768794028,47.717,-104.183,MT,4.311442122424597
72768694017,48.094,-105.578,MT,3.9242930402928717
72775524112,47.517,-111.183,MT,4.0497038437300645
72564024018,41.158,-104.808,WY,5.018001493014283
99999904130,48.741,-113.433,MT,2.6294230434024692
72569024089,42.898,-106.474,WY,5.005326498773816
72051800449,41.393,-110.406,WY,4.8851080155825795
72100299999,47.7,-111.95,MT,3.8989752561857425
72574424027,41.595,-109.053,WY,5.313226333778921
72768494051,47.326,-106.949,MT,3.91950963222413
72100499999,47.75,-111.55,MT,4.414842559674659
72075999999,46.255,-114.125,MT,2.502940816825205
72670024045,44.517,-109.017,WY,3.4517947151366397
72576394053,42.061,-104.158,WY,4.570058708414675
72773024153,46.921,-114.094,MT,2.183810584958227
72777094012,48.543,-109.764,MT,4.563791480347938
72666724048,44.517,-108.075,WY,3.377746167219809
72074799999,41.733,-106.467,WY,6.058646164935053
72051999999,44.867,-108.793,WY,4.998815080789904
72577504111,41.273,-111.031,WY,4.805401696606429
72051724165,41.824,-110.557,WY,4.483136287806749
99999904137,45.158,-113.006,MT,2.2088214783821485
72776099999,47.45,-111.383,MT,4.761648351648423
72677624036,47.054,-109.457,MT,3.9435629329496718
72222100444,41.037,-107.493,WY,3.0391128741431377
72671024164,42.578,-110.11,WY,3.2814621409921356
72576024021,42.815,-108.726,WY,2.913592384519393
72100599999,46.45,-109.8,MT,8.327196017726116
74230024037,46.426,-105.883,MT,4.545079923742229
72099599999,47.283,-110.367,MT,4.966704336770478
72665094023,44.34,-105.542,WY,5.024526928675163
72099999999,47.6,-112.317,MT,4.99166666666655
72774024135,45.964,-112.501,MT,2.5566342141864373
99999900484,44.663,-104.568,WY,3.2225759215629988
72052200443,43.548,-109.69,WY,5.351452319241516
72100399999,47.317,-111.467,MT,3.580214704780759
72100999999,47.333,-108.933,MT,6.164050199657315
72052100475,41.444,-106.828,WY,4.289038336196833
99999994060,48.308,-105.102,MT,2.62942817294282
72099499999,47.283,-110.8,MT,4.301816488122714
72100899999,47.067,-109.033,MT,4.712753756164375
72775024143,47.473,-111.383,MT,4.678656631638478
72034594086,42.796,-109.807,WY,3.020103029559142
72103600353,43.467,-108.389,WY,6.547087750670771
99999904140,46.885,-110.29,MT,2.2056883615424923
72568694057,42.796,-105.38,WY,4.576162391989909
72677794055,46.352,-104.261,MT,5.409725749110867
72667624087,47.133,-104.8,MT,4.897893569844572
72770024138,45.258,-112.555,MT,3.8558009378307267
72676494163,44.683,-111.117,MT,2.488657867071591
72666524062,43.965,-107.95,WY,2.94032463399114
72068499999,42.05,-104.933,WY,3.654180882264279
72665494054,44.381,-106.72,WY,4.863088732760511
72769024137,48.604,-112.377,MT,5.364481203007243
72666024029,44.76,-106.974,WY,3.457429030530039
72577624166,43.6,-110.733,WY,3.5774413112930903
72097799999,41.333,-104.267,WY,5.950539204672619
99999994059,48.489,-105.21,MT,4.356116742397776
72779024146,48.304,-114.264,MT,2.306126427179171
72100799999,47.017,-109.633,MT,4.379958027282112
72672024061,43.062,-108.447,WY,3.814287415168193
72051699999,42.711,-110.942,WY,1.7153790263984967
99999994088,44.517,-104.436,WY,2.5222706662016083
99999904131,43.662,-110.712,WY,1.510380321004886
72768094008,48.214,-106.621,MT,4.8958835208467955
72669024057,41.806,-107.195,WY,5.241926811052818
72679824150,45.698,-110.442,MT,5.860656827549176
72099799999,47.383,-109.817,MT,5.252252982740207
72677024033,45.807,-108.546,MT,4.592570189454019
72666494173,44.545,-110.422,WY,0.9875894245723048
74594013705,38.817,-76.867,MD,3.6434034416823833
99768899999,38.22,-76.03,MD,5.097598253274972
72234013865,32.335,-88.751,MS,2.659359316604247
74757093874,30.412,-89.081,MS,3.1141131595675966
72235003940,32.32,-90.078,MS,3.029800374986022
72234999999,30.487,-89.651,MS,2.8520700346527232
99729799999,38.57,-76.07,MD,4.0114399133886
72332093862,34.262,-88.771,MS,2.870815450643589
99730299999,39.22,-76.52,MD,4.592657856093859
72038400124,38.967,-76.333,MD,3.060194135490182
72215813752,38.991,-76.489,MD,3.1242069374443924
72208113730,39.417,-77.383,MD,1.75088964998745
72406599999,39.085,-76.759,MD,1.8801933723818798
72070853849,32.8,-88.833,MS,2.8414906027218994
72092400311,34.915,-88.604,MS,2.5165668189093444
72404303756,38.804,-76.069,MD,2.7925298725960266
72216563808,34.979,-89.787,MS,3.232530839633584
99817199999,30.35,-88.417,MS,3.935517551755146
72502300474,33.861,-90.758,MS,3.806852292019695
72076900275,33.433,-88.849,MS,1.8514375230369973
74768013939,33.494,-90.981,MS,3.8155294117645218
72092700314,34.3,-90.512,MS,3.13803341747747
72224400358,38.981,-76.922,MD,2.039421338155037
72078700278,32.304,-90.411,MS,1.7546706805327659
99820199999,30.35,-88.567,MS,0.0
72406693706,39.706,-77.73,MD,3.445551651440487
99999903755,39.58,-79.339,MD,3.8418684330745343
74768613820,30.417,-88.917,MS,3.4470164721280177
74594693786,38.309,-75.123,MD,3.3318922470431995
99799499999,38.767,-76.7,MD,2.2916009852217583
99840999999,38.983,-76.48,MD,2.916588362848017
99999913752,38.991,-76.489,MD,3.136221712976167
72069903724,39.608,-77.008,MD,2.4761788649854495
72282303749,39.645,-77.468,MD,3.645957885436444
72077699999,31.673,-89.172,MS,2.60979501583649
72406093721,39.173,-76.684,MD,3.2123268856584692
72404013721,38.3,-76.417,MD,4.2096023688660935
72330613825,33.65,-88.45,MS,2.8051309202924446
74768853858,30.463,-88.532,MS,2.1699297530025237
72234853808,31.467,-89.333,MS,2.2078989134416482
74694100389,33.873,-88.49,MS,2.0475164067671603
72406793744,39.333,-76.417,MD,2.353772774968893
72330753893,33.45,-88.583,MS,2.9967331637433885
72093200317,31.606,-90.409,MS,1.6479290659539425
72035503732,39.6,-78.767,MD,2.20045728132528
72234499999,33.146,-89.062,MS,2.4163483761095117
99999963831,32.338,-89.07,MS,1.2632119839749227
99821999999,30.317,-89.317,MS,3.8206251135744154
72398093720,38.341,-75.513,MD,3.359751092281091
99821199999,38.317,-75.083,MD,4.108677611401695
74758013978,33.496,-90.089,MS,2.675136537411262
72551403757,38.142,-76.429,MD,2.8436551305404296
72033493764,39.167,-77.167,MD,2.3006183017313577
72221800356,38.533,-76.033,MD,2.757505070993489
72235703961,31.617,-91.283,MS,2.8702372788368966
72236423903,34.681,-90.347,MS,3.5760137167602304
72235413927,32.338,-90.221,MS,2.8153365906622905
72213863852,30.368,-89.455,MS,3.250291375291511
99778199999,38.717,-76.65,MD,5.285088821101623
99730999999,38.32,-76.45,MD,3.9221740700613585
72234503866,32.55,-88.567,MS,2.345363408521429
74759013833,31.27,-89.256,MS,2.2968762002305207
72054153806,34.383,-89.55,MS,2.317567292006426
72405713701,39.472,-76.17,MD,2.7477081741788187
72235893919,31.182,-90.472,MS,2.617845415508949
99999923803,34.822,-89.435,MS,0.9364222260930172
99770299999,38.13,-76.53,MD,4.312482710926836
72235593999,32.233,-90.933,MS,2.2752660861148066
72272193063,32.633,-108.167,NM,4.335381717581601
72041100137,36.422,-105.29,NM,3.2713106912218186
99999903033,34.985,-106.0,NM,3.492181095135637
72362593057,35.165,-107.902,NM,3.4834922348137987
72692024230,44.256,-121.141,OR,2.987982764123909
72268393083,33.45,-105.517,NM,4.568690998737077
72269593041,32.283,-106.917,NM,3.885044199891113
99999904125,44.556,-119.646,OR,1.7541194913778109
72683724162,44.014,-117.008,OR,2.8152354160497732
72687594107,42.59,-117.865,OR,3.497561843744457
72688024155,45.698,-118.834,OR,3.6101738721801517
72267703027,35.003,-105.663,NM,5.972599768652029
72272523078,32.259,-107.721,NM,4.559045758019692
72688799999,43.876,-121.453,OR,3.136865653345772
72691724284,43.413,-124.244,OR,3.9861223489024757
72365823090,36.744,-108.229,NM,3.756181637388024
72036524267,42.074,-124.29,OR,2.052620859684875
74732023002,32.85,-106.1,NM,4.712594065028862
72688624130,44.843,-117.81,OR,2.9653327269971475
72683604201,45.769,-122.864,OR,1.7813503117125402
72365023050,35.042,-106.615,NM,3.99233387971225
72268023009,33.307,-104.508,NM,4.2694489164083524
72268923077,34.433,-103.083,NM,5.282299408463244
99999903062,35.858,-106.521,NM,2.1253310104529666
72683094185,43.595,-118.958,OR,2.9778554778553077
72072499999,34.646,-106.836,NM,3.4364773580179304
72362723081,35.509,-108.793,NM,3.6530434782608308
72694024232,44.905,-123.001,OR,2.7230523189397897
99403299999,43.345,-124.322,OR,2.3181179015685363
72020200118,45.417,-123.817,OR,2.4312661802773614
72268793033,32.334,-104.258,NM,4.8649424405216175
72597024225,42.375,-122.877,OR,1.8789067072458105
72360023051,36.448,-103.154,NM,5.806680830972105
99999903074,32.614,-106.741,NM,2.3635042884649056
72695994281,45.247,-122.771,OR,2.2978392394124203
72268623008,34.383,-103.317,NM,5.2401615845709015
74638099999,34.295,-103.786,NM,5.332073616184028
72097600345,32.333,-108.691,NM,4.307589504658606
72698694261,45.548,-122.956,OR,2.186206896551854
99402699999,44.625,-124.043,OR,0.0
72365493091,35.883,-106.283,NM,3.296809786518938
99999903048,34.356,-106.886,NM,2.2400801254136917
72271093045,33.237,-107.268,NM,4.331766400418729
99999904128,43.471,-119.692,OR,2.0605817801776634
72063800224,44.095,-121.2,OR,2.7421247421424457
72694524202,44.5,-123.283,OR,2.7982110912343643
72693024221,44.133,-123.216,OR,2.856446395563617
72269393097,32.84,-105.991,NM,3.54057717797254
72364703034,35.145,-106.795,NM,3.54113843813366
99403199999,42.74,-124.497,OR,4.928398680835421
99999904141,43.272,-124.319,OR,1.5088137955060146
72083799999,45.36,-117.254,OR,1.2646057239463506
72698024229,45.596,-122.609,OR,2.6813052582595454
72598524267,42.074,-124.29,OR,2.03779289493579
72367623048,35.181,-103.601,NM,4.8984633925879075
72695024285,44.583,-124.05,OR,3.468613678372828
72687600387,44.4,-118.967,OR,1.8322310145267746
99999904236,44.419,-123.326,OR,0.7809963421006779
72364099999,31.88,-106.703,NM,3.589862679279146
72597694285,42.167,-120.4,OR,4.002962123664491
72690424231,43.234,-123.358,OR,1.5281532501076922
72268893034,32.693,-103.213,NM,4.740770362198261
72698524242,45.551,-122.41,OR,2.4690690233126147
72688424148,45.283,-118.0,OR,3.9374104490651365
72688194273,45.196,-123.134,OR,2.340938897168548
72791094224,46.157,-123.883,OR,3.371787653327677
72366303012,36.45,-105.667,NM,3.8575532900835388
72362093040,34.067,-106.9,NM,3.6005204594393763
72365623049,35.611,-106.096,NM,4.2672560783073985
72267823052,36.742,-104.508,NM,4.328043378646508
72589594236,42.147,-121.726,OR,2.8016324761629994
72267603035,32.853,-104.468,NM,4.792150395778244
72367723054,35.656,-105.139,NM,5.042115189322203
72688304113,45.826,-119.261,OR,3.173490095023386
72688524152,45.512,-118.425,OR,0.4007716535433026
99401199999,46.208,-123.767,OR,3.3293680297397326
72597524235,42.6,-123.367,OR,2.3783223159334104
72535014848,41.707,-86.316,IN,4.222875747224168
99999953155,35.755,-112.337,AZ,2.9244382511757516
72274803914,32.95,-111.767,AZ,3.045946626384829
74466000388,40.948,-87.183,IN,3.683230112439914
99999953131,32.24,-111.17,AZ,1.5360167276528982
72533014827,40.972,-85.206,IN,4.389774774774373
72054300167,41.3,-85.067,IN,2.593339750917102
74003503145,32.65,-114.617,AZ,3.5236870699022522
72276403029,35.657,-109.06,AZ,3.090753641545306
72274793084,32.857,-109.636,AZ,4.13623772791016
72063500221,35.3,-112.2,AZ,4.196651062296869
72278523111,33.55,-112.367,AZ,3.2109557467731995
72438093819,39.725,-86.282,IN,4.509925558312183
72278753126,33.527,-112.295,AZ,2.9167432698621893
72438754807,40.528,-86.059,IN,4.484833981453576
72064400226,33.417,-112.683,AZ,2.7978473346519337
72026654809,41.275,-85.84,IN,3.0001118831698537
72278023183,33.428,-112.004,AZ,3.190247395833167
72435653866,39.585,-85.8,IN,4.043161299016097
72438814829,41.527,-85.787,IN,4.215940430225948
72437503893,39.143,-86.617,IN,2.9358186206019736
72102900347,41.572,-86.735,IN,3.8461112093865695
72533704807,41.617,-87.417,IN,3.535965017371293
72374500374,34.257,-111.339,AZ,2.6749878993219096
72378853135,35.157,-114.559,AZ,4.358479370773948
72374023194,35.028,-110.722,AZ,4.06012380706708
72437303868,39.443,-87.322,IN,3.241875409835946
72370093167,35.257,-113.934,AZ,4.805903723887072
99778799999,41.65,-87.15,IN,3.1768893564791485
72436313803,39.267,-85.9,IN,3.2198009950250146
72438504828,40.117,-85.617,IN,2.5415931392757702
72274953128,33.269,-111.813,AZ,2.516003277920793
72059300187,41.333,-86.667,IN,3.502282642567319
72375493027,34.518,-109.38,AZ,3.8071776769204404
72432093817,38.05,-87.515,IN,3.027939578352339
72535404806,41.717,-85.983,IN,3.195895379915399
72272803196,31.421,-110.847,AZ,2.8527616774634827
72438453842,39.825,-86.296,IN,3.135966820777718
72073600265,41.066,-86.182,IN,3.097291585126735
99999953154,32.835,-114.188,AZ,2.503815331010454
72278903192,33.612,-111.923,AZ,1.9199091861684454
72278403184,33.69,-112.066,AZ,2.7380224798034685
99999953132,31.591,-110.509,AZ,2.404913748039723
72281353146,31.606,-110.428,AZ,4.716043803232922
74917399999,32.936,-111.427,AZ,3.224021686243866
72635800384,41.703,-86.821,IN,2.8241461477358367
72278803186,33.417,-112.383,AZ,3.619923371647691
74421494852,40.483,-85.683,IN,3.7207184282156898
72272093026,31.458,-109.606,AZ,3.829516019086507
72096100336,40.711,-86.375,IN,3.3012292283172986
99999963898,38.888,-86.571,IN,1.5846636458696457
72278303185,33.466,-111.721,AZ,2.7416710735062533
72090300441,38.7,-87.13,IN,2.6271322401789163
74916799999,32.511,-111.328,AZ,2.8451979116069674
72436553896,38.249,-86.954,IN,3.0381822999469255
72273003124,31.588,-110.344,AZ,4.131152143396737
72371003162,36.921,-111.449,AZ,2.453965336134498
72278623104,33.3,-111.667,AZ,3.325470404984163
72375600375,34.85,-111.783,AZ,3.723239353544101
72274023160,32.132,-110.956,AZ,3.324356486870854
72033900121,32.15,-111.167,AZ,3.517115210160399
72372323184,34.649,-112.422,AZ,3.4241987179486735
72438614835,40.412,-86.947,IN,3.1881724845995136
72057500173,40.031,-86.251,IN,3.42043130693372
72533594833,40.65,-86.15,IN,4.335725274724854
72274523109,32.167,-110.883,AZ,3.70721584656491
99733999999,41.73,-86.93,IN,5.86337876614043
72374703101,34.264,-110.008,AZ,4.56550192122935
72375003103,35.144,-111.666,AZ,3.4885526624441687
72378303195,35.946,-112.155,AZ,3.0211827141774252
72533694895,40.235,-85.394,IN,3.917854807063239
72532704846,41.454,-86.998,IN,3.8612452882868538
A0001553129,36.96,-113.014,AZ,3.031068430270623
72376099999,35.217,-111.817,AZ,3.7017944535074
72340703953,35.836,-90.644,AR,3.720111412655168
72017553919,33.636,-91.756,AR,2.613879250520509
72039400428,34.1,-93.066,AR,1.877978817299307
72341993992,33.221,-92.814,AR,2.5800758499255427
72343553921,34.547,-93.578,AR,1.0139418968955025
72345013971,36.267,-93.157,AR,3.0011714589988516
72218853985,35.212,-91.737,AR,2.5660957950432186
72342953920,35.257,-93.095,AR,1.868141711230053
72340693991,36.125,-90.924,AR,4.119406600060345
72344013964,35.333,-94.365,AR,3.010826082042972
72341503962,34.476,-93.104,AR,2.320262043409304
72340813814,35.967,-89.95,AR,4.574468085106379
72344593993,36.01,-94.168,AR,2.6866070253913947
72082799999,34.808,-91.712,AR,3.6158160127898284
72205453959,35.14,-90.236,AR,3.317331963604264
72344853934,35.726,-91.647,AR,2.386192992213685
99999923904,35.82,-91.781,AR,1.504859780526045
72343953918,36.371,-92.472,AR,2.0536970183180956
72344953954,36.372,-94.107,AR,3.646244356272896
72017253996,34.545,-94.203,AR,1.7553485576921022
72340503930,34.917,-92.15,AR,2.6796749854903235
72340313963,34.727,-92.236,AR,3.320184317872718
72343653922,36.29,-94.312,AR,3.6063060650687766
72344703918,36.291,-92.59,AR,2.0760742472962335
72341793988,34.18,-91.934,AR,3.3821565563289155
72341613925,34.6,-91.574,AR,4.3243835616435655
72344403978,36.35,-94.217,AR,3.315965292841547
72040100133,35.6,-92.45,AR,1.3030132390822042
72340953869,35.938,-89.833,AR,4.063399484926343
72344353955,36.191,-94.491,AR,3.459435975609679
72037713917,35.633,-91.167,AR,4.203419726421798
72343403973,36.176,-94.119,AR,3.5762536481827105
72342500373,33.617,-92.767,AR,1.6300991288673923
74331253925,34.048,-94.402,AR,1.7698381559589105
72341813977,33.456,-93.988,AR,3.3235675675674123
72651494032,43.733,-103.615,SD,3.0412005277043668
72017199999,35.214,-89.043,TN,1.9460899531677294
72652594911,42.879,-97.364,SD,4.702479087452285
72653994056,45.033,-102.02,SD,5.568695993715525
72328003894,36.617,-87.412,TN,3.212355408668985
99999994085,44.019,-100.353,SD,3.378497996166574
72335013877,36.48,-82.399,TN,1.9899260762430335
72103100348,35.38,-86.246,TN,2.5389272214551126
72668594052,45.55,-100.409,SD,4.769066398967225
72651994993,45.669,-96.992,SD,4.826415764246278
72651624024,44.051,-101.601,SD,4.782674173117251
72324013882,35.034,-85.2,TN,2.3243492407808723
72051199999,45.815,-97.743,SD,4.60068317677166
72651894990,43.389,-99.843,SD,5.362639001898184
72327313827,36.009,-86.52,TN,2.7816716164616238
72097400344,35.178,-86.066,TN,3.2075946017466284
72654614946,44.905,-97.15,SD,4.853872633390379
72334013893,35.056,-89.986,TN,3.7634961728947576
72324900463,35.554,-87.179,TN,2.1765566662648914
72651794039,43.026,-102.52,SD,3.9057751611997156
99999954933,45.712,-99.13,SD,4.048313821422333
99999994081,45.516,-103.302,SD,2.9297071129707226
A0002963820,36.38,-88.985,TN,2.975966620305494
72326013891,35.818,-83.986,TN,3.0612425381382034
72654014936,44.379,-98.223,SD,4.799227131156548
72662794037,45.604,-103.547,SD,5.65263697927342
72327199999,36.182,-86.887,TN,2.8878299462743664
72062400211,44.016,-97.086,SD,5.163834922167221
72278199999,36.338,-88.383,TN,2.9658851674636018
72651594902,44.3,-96.8,SD,4.931330105382838
72077599999,35.507,-86.804,TN,2.2003726629608225
74672099999,36.568,-87.481,TN,2.757867907801269
72033299999,42.765,-96.934,SD,4.0821927032314544
72654594950,43.774,-98.038,SD,5.012631125161401
72656024025,44.382,-100.286,SD,5.193990007137442
99999963855,36.014,-85.135,TN,1.6866842105263207
72662024090,44.046,-103.054,SD,4.9421149674616
72651014944,43.578,-96.754,SD,4.644505747126032
72328493839,35.35,-89.867,TN,2.621174815336061
72325003847,35.951,-85.081,TN,2.4335279010039375
72327400372,36.056,-85.531,TN,2.000011844130961
72334603811,35.593,-88.917,TN,2.999999999999935
72427053868,36.023,-84.234,TN,0.7884770889487982
72326499999,35.964,-83.874,TN,1.2588864196047556
72662524006,44.15,-103.1,SD,5.355014326647024
72016899999,35.583,-89.587,TN,3.25776989755669
72660500386,44.483,-103.783,SD,4.070982361586796
72659014929,45.444,-98.414,SD,4.831917489186638
72327013897,36.111,-86.688,TN,3.2320482497632588
72334703809,36.0,-89.409,TN,2.7818790900593067
72090799999,36.335,-84.162,TN,1.7516926383664775
71168099999,43.733,-96.633,SD,3.7632575757575935
72653094943,43.767,-99.318,SD,4.285883812921126
99999904990,43.735,-96.622,SD,1.2971946332113604
A0002804116,40.619,-111.993,UT,4.152348899172473
72488593102,39.417,-118.717,NV,3.2227497022290623
72387003160,36.621,-116.028,NV,4.390056285178049
72479723176,38.417,-113.017,UT,5.035831344470769
72581024193,40.721,-114.036,UT,3.531717747683545
72470093141,39.609,-110.755,UT,3.426465060652675
99999900480,41.05,-113.06,UT,3.709656596953433
72477003170,39.601,-116.006,NV,3.428793555638897
72056999999,37.011,-112.531,UT,2.0736535008976538
72580524172,40.068,-118.57,NV,3.2400105894811633
72475623159,37.701,-112.149,UT,4.149779281930373
72475593129,37.707,-113.097,UT,4.005602689290756
72475423186,37.1,-113.6,UT,3.355671356609376
72056899999,38.967,-112.367,UT,3.8751997541483223
99999904138,41.616,-112.544,UT,1.7013416971597866
72486023154,39.295,-114.847,NV,4.427720432781642
72587599999,41.953,-116.188,NV,3.585419447581545
99999953136,36.624,-116.023,NV,2.9426529545058404
72572024127,40.771,-111.965,UT,3.85377093264853
72054900171,39.183,-119.733,NV,2.2829311673679458
99999953149,38.303,-111.294,UT,2.339693326363479
72477693075,38.75,-109.763,UT,3.249063412957598
72583524119,40.612,-116.892,NV,2.664093217806549
72570594030,40.443,-109.513,UT,2.6530198019803466
72074100269,35.947,-114.861,NV,3.7335729690864548
72386023169,36.072,-115.163,NV,3.5134010021840845
74003024103,40.183,-112.933,UT,2.998834818368722
72488023185,39.508,-119.768,NV,3.0436621518016223
72475023176,38.423,-113.011,UT,4.993103448275486
72572424174,40.219,-111.723,UT,3.285921556122425
72056599999,40.482,-111.429,UT,1.8810082704936537
72582524121,40.824,-115.786,NV,2.825183679850007
72473323170,38.417,-110.7,UT,2.507845370092615
A0001603036,37.583,-109.483,UT,3.608117762995067
72583024128,40.902,-117.808,NV,3.4557336799536715
72056724180,41.552,-112.062,UT,2.5002132329880578
74614123141,36.583,-115.683,NV,3.5453113278319175
72055199999,39.0,-119.751,NV,2.9661928306547254
72484653123,36.212,-115.194,NV,3.832767284699308
99999953138,39.012,-114.209,NV,1.8527269559156703
72575399999,41.05,-113.07,UT,4.080916509730108
99999904139,41.848,-119.636,NV,2.4923479170298033
72575024126,41.194,-112.017,UT,3.3721506914639234
74614023112,36.25,-115.033,NV,4.195206225680833
72209653127,35.976,-115.133,NV,4.468879595748262
72479694128,41.787,-111.852,UT,2.2105773534239614
72012999999,39.468,-117.197,NV,2.519145980551665
72575524101,41.117,-111.967,UT,4.27435602244911
A0001823162,39.383,-112.517,UT,5.019671140939256
72485699999,38.544,-118.634,NV,3.7212544076819514
72485523153,38.05,-117.091,NV,4.706337315245931
72057299999,40.612,-112.351,UT,4.246882584950757
72083900279,39.667,-119.876,NV,3.713725745539192
72586494182,44.894,-116.1,ID,1.8723278767454217
72682404112,44.171,-114.927,ID,1.5926296958855768
72586694178,42.478,-114.477,ID,4.827269914926317
72607014606,44.798,-68.819,ME,3.468840481666762
72681524106,43.05,-115.867,ID,4.438061737257518
72681894194,43.832,-111.808,ID,3.119265528618515
72619094626,45.463,-69.555,ME,3.261315836778805
72607714616,44.45,-68.367,ME,3.118965286154586
74491014703,42.2,-72.533,MA,3.181565003080593
72507364708,42.072,-70.221,MA,5.12091312794858
72092300310,48.726,-116.295,ID,0.9166855169951236
99844299999,44.657,-67.21,ME,2.5024531024532433
72509014739,42.361,-71.01,MA,5.089296945192631
72510094746,42.271,-71.873,MA,4.476923076922745
72506694724,41.393,-70.616,MA,4.315270579727319
72506854777,41.876,-71.021,MA,2.179231166150789
99801599999,43.333,-70.55,ME,2.005559633027623
72607314615,44.533,-69.667,ME,2.7569625246548104
72618354772,43.99,-70.95,ME,1.5651482376893602
72586594161,43.5,-114.3,ID,3.6066274719396527
72713594623,43.964,-69.711,ME,1.612930490727993
72507554768,42.697,-73.17,MA,3.241880454906017
72506114704,41.65,-70.517,MA,4.636096302665397
72783424136,47.767,-116.817,ID,3.0460644401941677
72681394195,43.65,-116.633,ID,3.028809603201148
72711994605,46.617,-69.533,ME,1.6487530470655056
72578024156,42.92,-112.572,ID,4.276324836988446
72783024149,46.375,-117.015,ID,2.2903347534997276
72681024131,43.567,-116.241,ID,3.390821494749632
72618494709,44.05,-70.283,ME,2.66577911857293
99727399999,41.7,-71.17,MA,4.475632513906214
72508554756,42.57,-72.287,MA,2.5133044107013562
72506014756,41.254,-70.059,MA,5.367336949331517
72036904135,43.743,-111.098,ID,3.057571193866311
72606464709,43.394,-70.708,ME,2.855575740637218
72510704780,42.555,-71.757,MA,2.8055418559376655
72687300452,45.943,-116.123,ID,2.1885845292678283
72606014764,43.642,-70.304,ME,3.2633724115260034
72225664774,42.098,-70.672,MA,3.151448722835795
99999994644,44.928,-68.701,ME,1.658796861377514
72619614610,45.648,-68.692,ME,2.4584848484848467
72506994624,41.688,-69.993,MA,3.1704452956665117
72047299999,44.992,-70.665,ME,2.807855705447954
74491514775,42.16,-72.712,MA,3.0488432544839243
72505914702,42.47,-71.289,MA,3.3711896728765454
72506454769,41.909,-70.728,MA,3.6153034644436604
72712014607,46.87,-68.017,ME,3.2997479643269214
72073400264,43.581,-116.523,ID,2.6995419354834045
72713014604,46.683,-68.05,ME,3.372594788193022
74392014611,43.9,-69.933,ME,3.345891687202604
72214204114,44.523,-114.216,ID,2.2189451199475223
99999994645,46.96,-67.883,ME,1.3630881840362585
72703314609,46.118,-67.793,ME,3.0227221342977977
72608304836,47.285,-68.307,ME,4.465514316012209
72509854704,42.191,-71.173,MA,2.7212467724086533
74490494723,42.712,-71.126,MA,3.112363537117826
99999904126,43.462,-113.556,ID,2.599093918801186
72578404109,46.144,-115.596,ID,0.5814814814814768
72578524145,43.52,-112.068,ID,4.072172428510292
72681604110,42.727,-114.455,ID,4.516439417415345
99801499999,41.583,-70.517,MA,3.149090909090921
72032204129,48.299,-116.56,ID,1.6787500927780776
99825299999,44.4,-68.2,ME,4.308155446086408
74410414763,42.427,-73.289,MA,3.207475573733081
72508854733,42.584,-70.915,MA,3.632319341126278
72506594726,41.679,-70.959,MA,3.400050877639111
72506794720,41.672,-70.27,MA,4.046498635831933
72686524196,45.117,-113.883,ID,1.7034665782054064
99999904127,43.204,-116.751,ID,1.918557239937271
72681724154,47.455,-115.671,ID,1.5172246434232406
72586724133,42.545,-113.769,ID,3.531944869831454
99728799999,44.9,-66.98,ME,3.546110810323089
72618514605,44.316,-69.797,ME,2.9493796215063397
99404699999,41.28,-70.1,MA,3.8788742558181264
72607994601,44.067,-69.1,ME,3.2601383125863266
72616094700,44.576,-71.178,NH,1.616123535676353
72616354770,42.807,-72.001,NH,1.973645258404545
99999903733,39.013,-79.474,WV,1.8342742638090284
72616454728,44.366,-71.552,NH,1.8340497058471472
72409754738,40.8,-74.417,NJ,2.096857114168079
72414013866,38.38,-81.591,WV,2.0832706324947865
72040700462,39.928,-74.292,NJ,3.3195282133760826
72616594721,42.9,-72.267,NH,1.9284946236560212
72613014755,44.27,-71.303,NH,15.909445585215668
72409014780,40.033,-74.35,NJ,3.27050105857452
72408454760,40.187,-74.125,NJ,3.9809547738692346
72417013729,38.89,-79.855,WV,2.1126319758672327
72417613736,39.65,-79.921,WV,2.328005993257625
72407493780,39.941,-74.841,NJ,2.2492682926830376
72412503859,37.298,-81.204,WV,2.9493831314489074
72412753801,37.867,-80.4,WV,1.6952159697126123
72058100178,40.617,-74.25,NJ,3.1537541610153745
74207864773,43.779,-71.754,NH,1.9302751188969565
72615554736,43.567,-71.433,NH,2.8085681753487233
74394514710,42.93,-71.436,NH,3.217165967645257
A0003103725,38.994,-79.144,WV,2.207605299337384
72409514792,40.277,-74.816,NJ,3.1905049180326475
72502014734,40.683,-74.169,NJ,4.312484936128819
72224754785,40.624,-74.669,NJ,1.6733071265534762
72407754779,41.009,-74.736,NJ,1.491167534722261
99774399999,40.65,-74.067,NJ,5.901255830642154
99999954795,43.109,-70.948,NH,1.2329206625980893
74000154793,41.199,-74.626,NJ,1.678299689441095
99799399999,43.05,-70.833,NH,1.8801744502999027
99999954794,43.172,-70.928,NH,1.3366759679107085
72605504743,43.083,-70.817,NH,3.363699336772208
72032863832,39.0,-80.274,WV,2.2541361812600025
72417713734,39.404,-77.975,WV,2.760371088341187
72425003860,38.365,-82.555,WV,2.433855395837701
74596603726,39.008,-74.908,NJ,3.947254294564731
72409614706,40.017,-74.6,NJ,3.4947236432938875
72409454743,40.876,-74.283,NJ,2.3624391600613017
72407513735,39.366,-75.078,NJ,2.955224904004345
72427303804,39.339,-81.444,WV,2.387333333333396
72605654791,43.279,-70.924,NH,2.2353982300885717
72605014745,43.205,-71.503,NH,2.6772917977762454
72417503802,39.302,-80.224,WV,2.6532188310885663
74394654754,42.783,-71.517,NH,2.5448665297742212
72412003872,37.784,-81.123,WV,3.4651276480169453
A0001263879,38.687,-80.652,WV,0.8941589492162104
72407093730,39.452,-74.567,NJ,3.9432599800947683
99727099999,39.35,-74.42,NJ,0.0
72502594741,40.859,-74.056,NJ,3.401973284760099
72427514894,40.17,-80.644,WV,3.455544978581378
72611694765,43.627,-72.305,NH,1.953623358349076
72617014742,44.468,-73.15,VT,3.7314700658235034
72102899999,43.985,-73.095,VT,2.176649299681739
72516594737,43.533,-72.95,VT,3.2831803880439
72611454771,44.533,-72.615,VT,1.999004750056622
72049400152,44.933,-73.1,VT,2.2016983372918055
72611554740,43.342,-72.521,VT,1.6644510739857696
99999900425,43.985,-73.095,VT,2.172481622651536
72616654781,42.891,-73.247,VT,2.2029317565903668
72614594705,44.205,-72.565,VT,2.7852713178293356
72049354758,44.883,-72.233,VT,2.6479665503544725
72049200151,44.567,-72.017,VT,1.6684481921862602
72508454767,41.742,-72.182,CT,2.4328100874936096
72508654734,41.372,-73.483,CT,2.677746441042171
72507914787,41.53,-71.283,RI,3.5424196405971022
72215114794,41.351,-71.806,RI,2.9637247661249204
72507454752,41.597,-71.412,RI,5.000625052790908
72507014765,41.723,-71.432,RI,4.064866674104288
99729499999,41.637,-71.339,RI,2.343622953768802
72054500169,41.384,-72.506,CT,2.636780920421359
99999954796,41.491,-71.541,RI,1.4829285339856793
72505894793,41.168,-71.578,RI,4.998950097212844
72409313764,38.69,-75.362,DE,3.055558500066153
72408813707,39.133,-75.467,DE,3.9539212631137364
72504614707,41.328,-72.049,CT,3.930124178232108
72504514758,41.259,-72.889,CT,3.2717500661899632
72502964707,41.483,-73.133,CT,3.079099025973939
99727799999,41.72,-71.33,RI,5.789141414141244
72508014740,41.937,-72.682,CT,3.6339658444019975
99769499999,39.58,-75.58,DE,3.1032825112108893
72418013781,39.674,-75.606,DE,3.813214739516963
72508714752,41.735,-72.651,CT,2.953033214383703
99800499999,41.633,-71.333,RI,2.775935251798741
99816999999,39.083,-75.433,DE,2.030784526392008
72502754788,41.51,-72.828,CT,2.4102787686617066
72505464710,41.921,-71.491,RI,2.8823038397328062
99999954797,41.478,-71.542,RI,1.8618242064876245
99728199999,38.78,-75.12,DE,5.128717698683522
72504094702,41.164,-73.127,CT,3.942370703501072
